launch_lat,launch_lon,speed_m_s,launch_angle_deg,heading_deg,range_km,time_of_flight_s,impact_lat,impact_lon,nearest_facility_id,nearest_facility_km,target_facility,target_sector,true_sector
17.182186814566787,42.897532684721874,573.2858270650427,56.20976195945674,31.08394172398159,25.49728870449161,91.79062708460783,17.378526023380722,43.02158228660437,EST-01,17.090805540810102,Substation East,East Sector,East Sector
17.081663531925614,42.75645759217071,371.31479374213797,37.381709414604764,21.218035290214846,12.574704568968464,45.05114256957265,17.187079739221204,42.79929882353076,STH-02,16.290806658248904,Logistics Depot South,South Sector,South Sector
17.207579375973413,42.546912848316225,641.5040560432658,44.668922228999485,4.503349823281213,33.57267619660042,86.33536421418466,17.508571637388684,42.57177079121982,WST-03,7.438688952788783,Radar Station West,West Sector,West Sector
17.159210408717808,42.84740500039618,393.85729682001914,30.891516400693,59.45831916215393,12.929946554275435,40.42966244181614,17.21827360940037,42.95225252827572,STH-02,6.4841552616318525,Logistics Depot South,South Sector,South Sector
16.978253204366293,42.45068853740624,336.5750003387136,30.266405797993464,10.486423603502907,9.520520461456874,34.10323889304467,17.062442515628533,42.466989042842215,STH-01,17.476741319594268,Power Plant South Bravo,South Sector,South Sector
17.242686705491028,42.86465070066927,599.2007000573165,51.16359662818394,15.318508498562629,29.083245479239864,89.68346934634536,17.494932873917197,42.93709960584192,NTH-02,18.369365330210293,Desalination Plant North,North Sector,North Sector
17.178341910597105,42.75399113334581,693.2240700279767,33.54880867396802,14.154945749677065,36.18606242691739,73.49104114973213,17.49387264091476,42.837431884279226,NTH-01,11.34890862613014,Power Plant North Alpha,North Sector,North Sector
17.185819291583087,42.466450191037836,812.4883838438358,46.43424711332453,54.47648440114219,48.10330380335968,108.87628014389905,17.43684092921488,42.835493120824594,NTH-01,16.971474930246018,Power Plant North Alpha,North Sector,North Sector
16.988434089802663,42.44770333785542,769.7013323725821,50.880224466300604,45.821303563411824,43.1650728703339,111.00593510307343,17.258756708910244,42.7392282075233,STH-01,19.96167930994196,Power Plant South Bravo,South Sector,South Sector
17.08511578136867,42.85050180006188,814.3443076539289,30.967037586889177,27.439787966360196,45.26217350368968,79.09249045310717,17.446277384542864,43.04712152560592,NTH-03,16.889822181100268,Comms Relay North,North Sector,North Sector
17.061239407269774,42.5757615439023,756.0412624925343,43.46224197437046,57.325382037111545,43.51417231902134,97.55758772030042,17.27221462814208,42.920720495512114,STH-02,12.859417265674608,Logistics Depot South,South Sector,South Sector
17.22802949665458,42.93358111046033,721.9436381436835,50.524558109575196,3.167002847186504,39.30343359424476,104.63243484189428,17.580952409167487,42.95406541716261,NTH-02,9.58863943120028,Desalination Plant North,North Sector,North Sector
17.1431595360242,42.85724381261811,306.0825414844198,56.6919296356455,53.62022287329913,8.249004664778843,51.26915974915411,17.187151612595034,42.91976214965064,STH-02,4.4084662611833885,Logistics Depot South,South Sector,South Sector
17.19682848398125,42.81891414683063,675.6613870855263,38.9769030180497,3.62564014128955,36.18885351476552,81.27071271640501,17.521629673978403,42.84049612946603,NTH-01,9.124828546050908,Power Plant North Alpha,North Sector,North Sector
17.083024259648198,42.56716363158007,372.2890824834706,59.226495890529904,23.467841756073824,11.368867600358188,63.57612662345602,17.17680522374602,42.60978091604841,STH-01,6.409105883802048,Power Plant South Bravo,South Sector,South Sector
17.018171616535433,42.82536671141297,335.2002793995246,55.33624498979092,3.2402927025893824,9.970336296793581,55.08287197749442,17.10769346110173,42.83066954786534,STH-02,13.950366385491982,Logistics Depot South,South Sector,South Sector
17.11637543610475,42.9688886107089,393.84729126339323,49.51905216245563,59.938139505461116,14.19230601055256,59.480886111176254,17.180279044407964,43.08451333828043,STH-03,11.160845644378705,Comms Relay South,South Sector,South Sector
16.96914517683125,42.45493590062234,793.9752968650502,41.757765217383934,54.863370150036104,46.84906959600796,98.64221025779285,17.211310572495034,42.8156378393503,STH-02,15.371442342553276,Logistics Depot South,South Sector,South Sector
17.198289351597776,42.59569758520214,746.3096358600128,51.33331128598496,35.08793731477387,41.04720212598707,108.81174794940517,17.500228089796163,42.81819184114863,NTH-01,9.75079660283523,Power Plant North Alpha,North Sector,North Sector
17.13949931973662,42.54080335927696,869.2634431231274,54.4857980721106,13.07067443989473,49.46330481975759,128.4013428868486,17.57278055188991,42.64632709922171,WST-03,12.84761867405181,Radar Station West,West Sector,West Sector
17.17742632202561,42.6359500806404,887.3857551902463,39.09899624659672,16.606663511848154,54.86031972303331,102.85148296048237,17.650163309330296,42.78391911658218,NTH-01,7.812863261798138,Power Plant North Alpha,North Sector,North Sector
17.05635779043896,42.845399592912365,835.9703918243893,59.784901947210884,26.97260196342722,42.90433105502241,131.67772971355407,17.4001513645796,43.02879757618257,EST-01,17.830622637242104,Substation East,East Sector,East Sector
17.241209407318472,42.68454554885523,379.7556305861995,57.25858109263917,19.366810949540746,12.202440149040362,63.44147684262342,17.344735247738924,42.72267019685853,WST-03,16.821074552263404,Radar Station West,West Sector,West Sector
17.217936336396658,42.74243836367215,827.0296445549882,44.56504321028768,1.278834326096443,49.66096978956737,107.21243927959146,17.664436037940895,42.75289895598701,NTH-01,9.818340584996204,Power Plant North Alpha,North Sector,North Sector
17.18351504912213,42.588492932847004,803.1822808731872,51.684897473261856,39.375360487028075,45.619492971975326,116.25561520948631,17.500468632818244,42.86139469321688,NTH-01,12.356467645996258,Power Plant North Alpha,South Sector,North Sector
17.008391612355588,42.48477356025226,822.6515159158184,45.720266838563454,36.80567424559808,49.117084095393025,108.77204828939546,17.361875859565938,42.76204018415706,WST-03,18.605618935468257,Radar Station West,West Sector,West Sector
17.09001630111811,42.560160189362634,391.0113702698949,52.82791656591078,54.25864219313045,13.63570554387471,61.83883726892739,17.161620425937368,42.66433130836435,STH-01,6.603546918388124,Power Plant South Bravo,South Sector,South Sector
16.96314112973617,42.915808180745195,370.0750966639905,54.809466116339436,28.611242406327023,12.055218995803486,60.16927971754761,17.05831031241202,42.970113290700056,STH-02,11.507656030621474,Logistics Depot South,South Sector,South Sector
16.996286847620265,42.76145017729205,854.285327750449,30.696676654711275,20.682537707903272,48.528239736112106,81.80056904045973,17.40452038220381,42.92298508131455,NTH-01,24.712015159567432,Power Plant North Alpha,North Sector,North Sector
17.154914685972734,42.62679320391834,404.2959894807027,32.37396089101948,30.691030975066017,13.895782126133035,43.204804112809576,17.26236735707999,42.6935863027594,WST-01,16.998224173135387,Substation West,West Sector,West Sector
17.173428646772344,42.87394358904135,521.1730386255607,40.09402247630181,11.681699453750378,23.549623888953594,65.73215864900322,17.380823603472965,42.91887649818136,STH-02,24.775890122961155,Logistics Depot South,South Sector,South Sector
17.240252919730263,42.43867445947294,573.5909096964361,57.52840897897049,37.53242110948718,24.99688805902546,93.18480367644501,17.418471942956387,42.582207886298534,WST-03,6.115267723446635,Radar Station West,West Sector,West Sector
17.047747607441444,42.55233465275343,374.66551669773867,41.94820749430169,46.201972967409695,13.113655431740806,49.953383671902316,17.12935230457814,42.64140845834663,STH-01,2.5013957279280365,Power Plant South Bravo,South Sector,South Sector
17.06113791181046,42.5380618924344,312.3805728195284,56.625366456057726,9.20770280254153,8.579749531588975,52.24780637216163,17.137302719797926,42.55098211048153,STH-01,7.5822204424058555,Power Plant South Bravo,South Sector,South Sector
17.09086674338274,42.99121873730093,896.4542818602697,43.87301737895259,19.10299305811975,55.81782613481119,113.2268083376048,17.565131382577622,43.16353309797728,NTH-03,4.278806857367847,Comms Relay North,North Sector,North Sector
17.006841407725286,42.823659149435656,825.9943469009767,38.6655876093472,52.06805876198392,49.33042101981472,96.0483329583947,17.279228110636968,43.19011273966612,EST-01,3.9441411152544914,Substation East,East Sector,East Sector
16.988976451600642,42.77067156183313,847.4027576103824,57.019355491874855,30.331904918029313,45.984611235162774,129.42438338754033,17.345799251387078,42.98946609497739,EST-01,18.80512942113309,Substation East,East Sector,East Sector
17.09271147786778,42.402990979176685,470.7378415632711,46.820123067560324,31.910198800652804,19.781625860263908,67.4931529777844,17.243703149423684,42.501452639613944,WST-02,5.479671377416028,Fuel Storage West,West Sector,West Sector
17.018072804715263,42.51058600125391,432.06094364726346,40.81452885090124,43.344491823201096,16.94622111918789,55.96017850839732,17.128875466267306,42.620046466029066,STH-01,0.9869205359638348,Power Plant South Bravo,South Sector,South Sector
17.15094419840475,42.781324775783844,555.5199349052559,31.332210108834502,34.67356891327959,24.21898732031393,56.675666290623525,17.330027987714566,42.911127018808656,STH-02,19.351719182014833,Logistics Depot South,South Sector,South Sector
17.081145575661697,42.627831595889,571.9916213868041,33.327993973446716,4.174786084429149,26.174967077233923,61.41023171743182,17.31591699333502,42.64578180916169,WST-01,10.287263778145842,Substation West,West Sector,West Sector
17.19980345881735,42.954568230207435,303.3596633185444,34.179309829245916,48.23770271178215,8.307536070259884,34.312384170338305,17.24955594866534,43.01292108982034,STH-02,11.99307401563841,Logistics Depot South,South Sector,South Sector
17.160079530600676,42.85883453148505,767.5518675358996,40.94508871231819,55.370162234908065,44.466481640083906,94.40088595203254,17.387036058590024,43.20363942705012,EST-01,10.72928403246828,Substation East,East Sector,East Sector
17.043709992414612,42.668430443682475,898.0002228852104,48.21998867233032,3.196633979448733,54.97232741904449,121.39786389441684,17.537316039156487,42.69734176317138,NTH-01,9.965756245241366,Power Plant North Alpha,North Sector,North Sector
17.19967794041856,42.84970898652296,617.2145220612535,39.2277034326579,7.274985387453059,31.255187225765056,75.35869959491777,17.478495980210916,42.88702591375579,NTH-01,16.005328273218723,Power Plant North Alpha,North Sector,North Sector
17.19142930724904,42.985242594295734,532.9552170074708,31.965829012944006,42.11851213244883,22.73632671191406,55.489957432493,17.343047641123015,43.128906589720714,EST-01,5.814340955679472,Substation East,East Sector,East Sector
17.06624351370905,42.676588494820884,535.651135932722,37.94426211952001,36.268435950871535,24.407276691497493,64.45614030675573,17.243170651870557,42.81254815513989,STH-02,17.28287816860894,Logistics Depot South,South Sector,South Sector
17.036498431179073,42.78551553273312,357.6462793032604,42.2604495269883,22.95101993830475,12.042170994139266,48.06011819086244,17.13621834282186,42.82970736742038,STH-02,13.052022747289902,Logistics Depot South,South Sector,South Sector
17.15474865119249,42.95119876903678,459.69709101840704,59.768097860169874,32.35491893642228,16.43639477426254,77.93852890654777,17.279599069059874,43.034043226851054,EST-01,13.56394446313658,Substation East,East Sector,East Sector
16.991925745082792,42.549204797221705,601.2796731807787,41.78960714252816,42.20031408006353,30.177514880612065,77.40425964618387,17.192884526406583,42.74003263632517,STH-01,15.110384012056887,Power Plant South Bravo,South Sector,South Sector
17.00997246074253,42.931934748199765,559.1088006808184,32.67586256242332,30.26858771285576,24.959418342381912,59.123513702382866,17.203802379450348,43.0503763576603,STH-02,11.722952595705072,Logistics Depot South,South Sector,South Sector
16.952208680925303,42.45852682406379,627.0208474458661,47.433444434218,8.411299478138954,32.08794411628927,88.46977875443105,17.237673285021803,42.502723790733285,WST-02,5.605237491336931,Fuel Storage West,West Sector,West Sector
17.186077313250642,42.78906890235259,809.439389182444,57.58920217878869,5.3661617479974115,42.66629668812502,125.43213496147645,17.568098855695737,42.82670856952791,NTH-01,5.125152774032606,Power Plant North Alpha,North Sector,North Sector
17.14945525697761,42.86970289303347,435.1453816197672,53.6008709658525,26.3315241113029,16.397710417825124,69.07775280568374,17.281610743717756,42.93820689573056,STH-02,13.580402377312343,Logistics Depot South,South Sector,South Sector
17.1615496135879,42.76876373155145,316.59850854378715,55.0865492756171,55.37308547093002,8.990718185533348,51.98226259920965,17.20748213974933,42.838414735059814,STH-02,12.976537103251868,Logistics Depot South,South Sector,South Sector
17.18421870930659,42.697320882491525,322.9352671696445,57.846953883069915,33.46675048250963,8.954559567311426,54.685836845875265,17.251392134079328,42.74382141035608,STH-01,19.658941291485146,Power Plant South Bravo,South Sector,South Sector
17.0876747326615,42.77040825995541,380.50128318411504,49.096305101566145,21.493204141070944,13.359399368258325,57.205568078628815,17.199458643587967,42.81648847718691,STH-02,14.846590546895078,Logistics Depot South,South Sector,South Sector
17.12062235878587,42.49099822526767,642.2897908826415,59.84768191960496,54.522370171262125,28.79426998279218,105.48309409079178,17.270794681942256,42.71183101583881,WST-01,18.398829602225923,Substation West,West Sector,West Sector
16.991939099438298,42.52934242619813,784.9108860227548,30.998447096389523,23.317929370736287,42.762240530937135,76.67474967785792,17.34503565420094,42.68881865118408,WST-03,14.721979849053177,Radar Station West,West Sector,West Sector
16.98435902206079,42.561939606373805,832.083563568379,55.04519028430687,30.54878885606251,46.15396882599485,124.73890006180804,17.341698010291903,42.782954138494006,WST-03,21.725643059398006,Radar Station West,East Sector,West Sector
17.15052088853714,42.758667604378026,681.0679211849828,55.710320085667846,6.989959837723272,33.89441970520459,106.21708500421599,17.453071001277824,42.797552714094195,NTH-01,14.23607900216981,Power Plant North Alpha,North Sector,North Sector
17.09132886184294,42.66514064424704,541.885951470536,57.50101172285895,44.24405673116287,22.740757696744026,88.50870109578773,17.23778136936986,42.81454268099935,STH-02,16.78801017042945,Logistics Depot South,South Sector,South Sector
17.119570831944355,42.5466855054915,392.7088248936885,44.34508372907547,42.018177428622934,14.34395234508735,54.59066032227415,17.2153876142833,42.63708231968553,STH-01,10.760776547849643,Power Plant South Bravo,South Sector,South Sector
17.179499657224806,42.92968559928675,540.8510036660874,53.632677708618004,47.65463957155974,23.92327662470858,84.46066761901537,17.32435368905673,43.09625671495485,EST-01,7.28858197612812,Substation East,East Sector,East Sector
17.140415496000177,42.62435310417593,499.44908034467016,35.8524119736354,19.511478805665806,21.237737833084275,57.61552354347017,17.320431814643644,42.691174654195265,WST-01,15.023429501378903,Substation West,West Sector,West Sector
17.1160738201974,42.66761903153793,822.0155285142827,48.09390675534643,26.16319314397151,48.522952611802886,112.74104111675942,17.50763979653183,42.86937487747957,NTH-01,12.431024956886194,Power Plant North Alpha,North Sector,North Sector
17.117762148223623,42.6458206459294,592.0316264463643,40.75935457090384,10.1005026916319,29.333814466794532,74.83866154005138,17.37747278213252,42.694297991267945,WST-03,12.097419672212835,Radar Station West,West Sector,West Sector
17.041185029418784,42.50916577316605,435.7175399727173,47.88520951985926,57.87029256578996,17.17662697734442,63.84525782528554,17.123293683641574,42.64604807142382,STH-01,2.792177144119017,Power Plant South Bravo,South Sector,South Sector
16.95924535037038,42.83897620925814,473.28064008946797,50.26681521474901,5.164640844472959,19.61533290055796,71.44571753653453,17.13493318154723,42.85559335149469,STH-02,10.410985157821562,Logistics Depot South,South Sector,South Sector
17.081015216769707,42.66907495736132,381.8820987256134,40.41206000238537,38.94079822048843,13.506251326864954,49.36318473309737,17.17547410631871,42.74898082917127,STH-01,15.028737997062365,Power Plant South Bravo,South Sector,South Sector
17.014375401845857,42.40975426593563,851.1512694414787,36.48714897908616,42.315443673911176,51.010399572429,94.04876721180042,17.353338842035214,42.733313744411475,WST-03,16.888306055180763,Radar Station West,West Sector,West Sector
17.07255859311739,42.978408221415876,330.2075077418811,39.65063726578004,9.464188419058779,10.262044534201971,42.25570902142148,17.16359045008277,42.99429064845367,STH-02,4.722528599397656,Logistics Depot South,South Sector,South Sector
17.20602092198045,42.88945816695725,307.70774913353654,49.91871735322328,21.91939234982939,8.957227461683585,47.221296110455654,17.280749380221295,42.920950728663,STH-02,13.77666797902706,Logistics Depot South,West Sector,South Sector
17.020181845759602,42.83413561245508,409.7933601161212,50.306227010184315,2.5875940057489966,15.17256878320803,62.463853083595296,17.156492616111592,42.84058275254927,STH-02,11.631705396370227,Logistics Depot South,South Sector,South Sector
16.96749082250672,42.921455122311116,786.5244107463755,52.23950808072297,33.39649545519846,43.9948989384498,115.07128191312385,17.297688643712945,43.149550377460514,EST-01,1.138769831606096,Substation East,East Sector,East Sector
17.0344151676066,42.94408435216333,614.0800719786487,33.79609825718118,59.69628856941745,29.697232578437596,66.31230611342352,17.169033318589673,43.1854197100929,EST-01,14.810963621250554,Substation East,East Sector,East Sector
17.038078127330003,42.60249382383066,675.5059724261919,54.555521707633844,25.793097409329533,33.99134647912165,104.05188839752083,17.31326595656296,42.741818996142115,WST-01,20.446853142622373,Substation West,West Sector,West Sector
17.14857495441807,42.76657520705002,514.6390052494409,50.64443404622867,59.400493222376184,22.621049231783466,77.59693300640848,17.25204787108316,42.94993098472219,STH-02,10.235273035626003,Logistics Depot South,South Sector,South Sector
17.11710964570238,42.765284685523355,341.20679132950204,30.915152300719175,7.573525428537751,9.884203936897928,35.218759400587565,17.20522450125193,42.77754914188495,STH-02,18.997491872488936,Logistics Depot South,South Sector,South Sector
17.185169462731924,42.56037980128636,813.6948974953009,40.06793548305152,23.547260596067744,48.459975774289084,97.53419284707064,17.584607722971658,42.74302153354142,NTH-01,3.953079336293388,Power Plant North Alpha,North Sector,North Sector
17.149294062098217,42.53317135086824,415.1365632752445,44.001337677194314,54.117898202908314,15.868868515991386,57.198225104638475,17.232904220657005,42.65423482268034,STH-01,13.0705889425003,Power Plant South Bravo,South Sector,South Sector
17.07191605843202,42.468344352891414,319.8355203270688,40.81852471160444,52.601728899448325,9.72102241050613,41.95668153064792,17.124999718488354,42.54101818418076,STH-01,8.411523748182146,Power Plant South Bravo,South Sector,South Sector
17.194206115399812,42.795588517549874,643.6224815599162,33.522506646252396,19.41549467218705,32.02565463632193,68.71930501556531,17.465815926503286,42.89595573889767,NTH-01,17.674362149458037,Power Plant North Alpha,North Sector,North Sector
17.00009187597231,42.868551394618464,349.9735322307606,36.220388535150214,40.716635026099894,11.141494825350744,41.43399330244859,17.076024824466327,42.93692645820329,STH-02,9.440416387420493,Logistics Depot South,South Sector,South Sector
16.956813621940157,42.8565717877102,357.45711111590055,30.736841847303975,53.16961029346744,10.757021576048464,36.65452681696216,17.014788318187296,42.93754825021165,STH-02,16.200971484373042,Logistics Depot South,South Sector,South Sector
16.97701435823269,42.58976522631098,780.2262188895152,32.792314840576886,46.012647969193665,43.30570399717138,79.98556235610774,17.247281513673393,42.883169135103685,STH-02,12.02435458631538,Logistics Depot South,South Sector,South Sector
17.166707805178934,42.52315591027912,594.9657535907972,37.989003531736344,37.70857181597505,29.20175524871775,71.02704761102785,17.374402882874943,42.691463493305946,WST-03,12.168787673652112,Radar Station West,West Sector,West Sector
17.088563169075417,42.672168507072776,444.9050713482858,54.59910796907192,9.154536873601353,16.856765504449374,71.403245237023,17.23822701752647,42.69742147266095,STH-01,15.507150093042998,Power Plant South Bravo,South Sector,South Sector
16.99838153371008,42.7280880761443,509.17585401571125,45.79912529811601,4.380161554233808,22.74879034641674,71.39035527837078,17.202367844323486,42.74444463050668,STH-01,16.083997954036835,Power Plant South Bravo,North Sector,South Sector
17.10031343253101,42.95145227678113,737.544587305903,42.73493672073318,36.87733078899366,41.904562755723965,94.29000979898598,17.401630790584896,43.18845117017861,EST-01,11.69732892799826,Substation East,East Sector,East Sector
16.99569363081395,42.924893892564434,339.8124868539611,49.86488831875647,30.016539941346487,10.791194748465754,51.923059979440765,17.079718844282468,42.975681735945045,STH-02,9.334734065889066,Logistics Depot South,South Sector,South Sector
17.15889611252332,42.94963499878109,369.88836955992593,46.24531680975016,14.282199583889062,12.82387913562041,53.25258234866956,17.27065718028516,42.97942944521412,STH-02,12.695361297301531,Logistics Depot South,South Sector,South Sector
17.08384688267221,42.910157431081586,669.7572209943418,33.945417802668786,17.56618769754148,34.35718006885442,71.97707614633319,17.37839639277236,43.00787007656845,EST-01,18.350180132604443,Substation East,East Sector,East Sector
17.064306367828944,42.978748722661784,664.1830406802644,36.67870091472569,23.525230632084604,34.7254996364128,76.19193745282249,17.350601481301283,43.10934339991206,EST-01,7.782887440730035,Substation East,East Sector,East Sector
17.040453626744362,42.67929999830143,883.477310721223,36.67567082971823,29.731251127350337,53.934319390230236,97.42156166743551,17.461489166700215,42.93146619897789,NTH-01,20.77519961361766,Power Plant North Alpha,North Sector,North Sector
17.139084777935665,42.428484098459855,524.7296887532698,47.99857537837026,23.41553814530475,23.776155575521415,75.99891471199992,17.335280006782863,42.51750015604273,WST-01,3.499327293421485,Substation West,West Sector,West Sector
17.058543783166016,42.45013721928908,339.0465763065095,43.84873098568039,23.237500325157995,10.929847323443841,47.00838244558632,17.148860187777398,42.490722951797125,WST-02,11.01892333293848,Fuel Storage West,West Sector,West Sector
16.97629497579483,42.63416568506341,622.5224609097768,41.627551876825606,6.943968678681176,31.949355746745272,79.61147944542249,17.261511215853485,42.67054134079672,WST-01,14.89209095518449,Substation West,West Sector,West Sector
16.985401770636155,42.554612254763796,683.0080870570741,46.699175186453644,51.935425095320596,36.90335270754349,94.29403633475647,17.189838830581078,42.82812337088103,STH-02,13.366122473391021,Logistics Depot South,South Sector,South Sector
17.238569299364855,42.501964354816636,383.7616714717494,59.10347357347672,36.54924490668566,12.045389274611942,65.35169705284346,17.325581705497534,42.56954036737022,WST-01,2.1315736685655073,Substation West,West Sector,West Sector
17.222574207212283,42.97192226470519,631.717184121118,39.4258036816763,8.766131076120711,32.50496441682906,77.25796765154698,17.51147782640538,43.018637643741044,NTH-02,14.29176306999009,Desalination Plant North,North Sector,North Sector
17.159912140143224,42.517251753046374,418.66027299495875,45.60586300900552,25.432464172676145,16.095515853958997,59.27341014112498,17.290624504769216,42.582356360425706,WST-01,5.564949206385006,Substation West,North Sector,West Sector
17.029760988437854,42.97562756338914,806.838034728641,44.41110046932347,25.00295472177273,47.90756959448494,104.75559722500232,17.420138053217812,43.16648173652959,NTH-03,12.299961261246832,Comms Relay North,North Sector,North Sector
17.240752913204318,42.85650330419272,801.0968974702978,51.49929095237535,36.037252709347364,45.52807285950525,115.72342266146006,17.571684502491372,43.10917155199127,NTH-03,8.82449280308586,Comms Relay North,North Sector,North Sector
17.183625271189737,42.78456740327513,557.7774575990651,51.90870803948748,36.5321770709599,25.652722600593954,84.94291491122856,17.36894695818934,42.92845810431493,STH-02,23.346203552627752,Logistics Depot South,South Sector,South Sector
17.1650670567477,42.805611376053626,880.0459143076824,51.872121642391214,38.71332821878574,51.873214000809284,125.5746849216641,17.5288434678047,43.111581493809354,NTH-03,7.255653056911877,Comms Relay North,North Sector,North Sector
17.084808450643138,42.598884594195475,887.864324669845,36.04558739816235,41.87418344062844,54.116851371664914,96.47269296946716,17.446913727796705,42.93940842066786,NTH-01,22.466303068583894,Power Plant North Alpha,North Sector,North Sector
17.03167246855355,42.78785622283497,377.5506533685717,43.472794090835635,6.201242767740986,13.339141918510801,51.768361640300455,17.150931697094467,42.801417636945075,STH-02,15.818716696260148,Logistics Depot South,South Sector,South Sector
16.97891728864605,42.51201527096876,520.6282828994806,54.335240730874126,18.295332034368723,22.237624484152434,82.29295254940887,17.168785067775087,42.577722194508624,STH-01,7.043202973183823,Power Plant South Bravo,South Sector,South Sector
17.22078071896315,42.962623259521585,660.1928820279868,41.445905116219315,1.0408691503603418,35.14294393473545,83.59622595408288,17.53677612994384,42.96864425735214,NTH-02,12.703401470641465,Desalination Plant North,North Sector,North Sector
17.086732886950085,42.58107600397636,350.90268574886665,59.52765351869787,27.278490724822976,10.136863825829824,60.27518106160021,17.16775279247624,42.62480578684506,STH-01,5.334372310766023,Power Plant South Bravo,South Sector,South Sector
17.010709009438568,42.55311190737613,529.5933022884822,40.943602253765974,25.76580466981724,24.28778264635623,67.84307495038503,17.207393632802205,42.65250866348822,STH-01,10.313262340524275,Power Plant South Bravo,South Sector,South Sector
17.041786987245196,42.826697678916496,456.7032504099544,44.93000482025904,44.05961581076872,18.825178809270398,63.59447944330216,17.16341063684107,42.94991627791751,STH-02,0.37935033610833946,Logistics Depot South,West Sector,South Sector
17.12376587068257,42.79386923083971,871.2301325800224,44.235767844076406,10.027016796471669,53.570117542017215,111.30152482723786,17.59815508729011,42.881868259934436,NTH-01,10.984775376803242,Power Plant North Alpha,North Sector,North Sector
17.003031834881767,42.67077935100598,546.9514936988824,43.00991407407727,37.889667427530654,25.773506731898465,72.64773041962853,17.185902149132996,42.819781889499836,STH-02,14.13072152445559,Logistics Depot South,South Sector,South Sector
17.206984285227712,42.77946774081447,757.6025151285075,55.36894104958865,18.40165187580913,40.069199154948436,115.84780019843465,17.548873659494,42.8987736963652,NTH-01,13.058344322735827,Power Plant North Alpha,North Sector,North Sector
17.177555858950562,42.49569584305651,532.0232181073043,34.658257126440404,22.914988488581947,23.44368208371923,59.380930521112795,17.371733151901864,42.58171028944537,WST-01,5.732501490206046,Substation West,West Sector,West Sector
17.16583888678528,42.80399698444117,379.0872422513013,47.02994119241949,43.157211742287245,13.388423770294855,55.214292485328194,17.253653429926366,42.890234767757306,STH-02,12.196163822130195,Logistics Depot South,South Sector,South Sector
17.07962791193253,42.56236641711712,817.8909180965085,48.55804732066271,4.29288291441452,48.03282545317379,113.0381776717056,17.510382144499612,42.59627220103346,WST-03,6.141495498784254,Radar Station West,West Sector,West Sector
17.138192652210734,42.56370158600588,300.2501501418623,55.53663924208112,20.56697333586975,8.08858101758973,49.653601335204506,17.20629671610831,42.590453333307096,STH-01,10.09618693236385,Power Plant South Bravo,South Sector,South Sector
17.12522939067382,42.49730796096627,333.56452438467,48.27600479778325,23.47939380837911,10.514601760600753,49.80786920315371,17.2119562804051,42.536748741786596,WST-02,9.726757214021278,Fuel Storage West,West Sector,West Sector
17.144953980466447,42.5994262810217,518.630643538226,58.80061043363342,42.94495871110013,20.636691537541605,86.23043072817381,17.280764237754372,42.73184508545967,WST-01,20.06625926413396,Substation West,West Sector,West Sector
16.975333296341965,42.59875063618679,712.138953311242,56.165031367827865,11.95346490424204,36.07318463151935,110.9340674444169,17.29270013533481,42.6691228179061,WST-01,13.308643099775674,Substation West,West Sector,West Sector
17.07474222065118,42.672507407021364,505.0225771744654,40.462198450581944,56.84477962142778,22.32759412158746,64.31603493795413,17.18448375474751,42.84846778783833,STH-02,11.124860475803422,Logistics Depot South,South Sector,South Sector
16.962484252158568,42.51425170279981,339.787690572585,55.79719335872504,59.865717167649485,10.161454337997242,56.11118098642038,17.00834497651781,42.59690014611135,STH-01,12.655983269359506,Power Plant South Bravo,South Sector,South Sector
17.098197245773356,42.51580452169526,490.7040202404893,58.754334422803666,49.13460844920332,18.779301869882897,81.93140427607868,17.208652826424228,42.64950984870393,STH-01,10.34431781031632,Power Plant South Bravo,South Sector,South Sector
17.048958363699835,42.72504314299793,446.98851539409736,37.71591542773759,17.982750087811688,17.702339264915526,54.16236112419503,17.20037558229464,42.776494314959905,STH-01,18.876581428655086,Power Plant South Bravo,South Sector,South Sector
16.993357256659813,42.47732644280229,303.25187989091876,48.30626419993226,39.831999244371275,8.790495081712958,45.449988499466336,17.054058569888536,42.530293057728954,STH-01,12.028028857545534,Power Plant South Bravo,South Sector,South Sector
16.981020890316763,42.813338204793304,620.881147908241,38.454117370264065,4.988881901875983,31.439929903419713,74.55141579612115,17.262693803937136,42.83908619719455,STH-02,16.40675491492238,Logistics Depot South,South Sector,South Sector
17.126293371653315,42.96636827551756,369.98754884651163,49.48701837246652,52.276758942390636,12.6610103407399,56.020514794494,17.19593839165174,43.06064537554289,STH-02,12.415123249370641,Logistics Depot South,South Sector,South Sector
17.001177890561067,42.656077372998624,472.49777327799967,32.80928413641065,30.959572275616424,18.576440881041183,50.6977207348829,17.144418630271254,42.746015802780676,STH-01,13.663088697651776,Power Plant South Bravo,South Sector,South Sector
17.22753603551304,42.94066318789041,684.7138981334488,52.02564065607173,10.586349979187144,35.726936758445206,102.00270427194937,17.54335735842651,43.00257051122185,NTH-02,10.903831797333643,Desalination Plant North,South Sector,North Sector
17.12431834191012,42.458989954675516,735.0694132937863,42.59459485786029,19.644993573702155,41.68685500839941,93.78110413684091,17.477352205821724,42.5911267170294,WST-03,3.6196403213601926,Radar Station West,West Sector,West Sector
17.05406094136045,42.42577457642538,458.0733761136135,47.619215360293104,48.044564669278486,18.797007946182678,66.63302311346206,17.16703417025075,42.557349481139795,STH-01,8.465634928047725,Power Plant South Bravo,South Sector,South Sector
17.127274647444423,42.8328213265083,497.5162026391404,30.775872075704946,52.21360604562278,19.76324189137615,50.33280910251161,17.236123044359804,42.97988979938884,STH-02,9.040380974597753,Logistics Depot South,South Sector,South Sector
16.95684116130891,42.856612943788896,448.1455428764791,50.86324365630985,31.18280321606541,17.73523686904642,68.47605827663094,17.093275435321313,42.94301191938746,STH-02,7.4565118563785076,Logistics Depot South,South Sector,South Sector
17.237567763972432,42.90583494457945,874.1331601897151,44.879740624057305,28.81869001864039,53.73950414523898,112.80090527644333,17.660853855260406,43.15032077208559,NTH-02,14.002193402470853,Desalination Plant North,North Sector,North Sector
17.09469103108287,42.43409060703999,414.31183619244166,48.75753023063526,45.04408479319556,15.6248273826637,61.70143802449589,17.19394865400916,42.538179460434776,WST-02,10.674215632240292,Fuel Storage West,West Sector,West Sector
17.184820568175084,42.8661442329741,409.90836218020576,39.47003917128522,49.57137735111329,15.305564229309544,51.80452190528194,17.27405437744944,42.97587157308658,STH-02,12.976564720523529,Logistics Depot South,South Sector,South Sector
16.97481899997673,42.625923239677945,567.0211774989192,34.37460520264243,45.89080874374923,26.097432380563887,62.54328499445736,17.13810048805583,42.80227105527331,STH-02,15.884181491589743,Logistics Depot South,South Sector,South Sector
17.095997499251446,42.582002579609316,413.5838155203415,43.06286825988426,23.06568301405246,15.749768918263255,56.04026471272938,17.226306793847638,42.640101642992704,STH-01,12.012148530383293,Power Plant South Bravo,South Sector,South Sector
17.097212098306358,42.503814352805975,394.0250737713649,58.3193736385909,38.51554569655916,12.819396468806419,66.45771066919198,17.187403650655927,42.578962801069906,STH-01,8.670943969047961,Power Plant South Bravo,South Sector,South Sector
17.231347936492494,42.997609453061514,357.5277226206513,36.83382079961416,51.44159449625566,11.663452796534802,42.90318419931157,17.296710028369645,43.08351693608665,EST-01,8.128111121220941,Substation East,South Sector,East Sector
17.12151841571282,42.438198153591316,684.1027488649497,50.27517036105755,9.105638042845175,36.231945277114825,99.5495155995728,17.443246299796286,42.49224955651937,WST-03,13.678812087282202,Radar Station West,West Sector,West Sector
17.092046820317087,42.8962048087648,667.2493529411377,31.495306321036242,23.288201106897787,33.142976378090054,67.31164540813556,17.36578712154479,43.01967271677313,EST-01,16.594496386364575,Substation East,East Sector,East Sector
17.030092698927568,42.783696661294314,690.0977351267798,51.54299355800785,3.397133032515882,36.333121597840176,102.04527127130531,17.356268681143156,42.80398230175422,WST-03,22.67395935667001,Radar Station West,West Sector,West Sector
17.049470699202764,42.84104826655712,763.9800048056377,37.15311560404479,24.532637141243995,43.50060097022604,87.0486302630735,17.40529273676662,43.01127632384237,EST-01,19.6528388594493,Substation East,East Sector,East Sector
17.10620172074146,42.82703027195308,495.81480767554547,43.54551180687997,46.33692503511894,21.765015353348474,67.01264882243971,17.241287867166683,42.97529094233596,STH-02,9.429587641976989,Logistics Depot South,South Sector,South Sector
17.081673438091514,42.91506069104391,851.0542401671529,41.032593017843226,11.821706605535248,51.86386788280601,103.1483042676313,17.538178115833322,43.01527237519747,NTH-02,11.333176662964766,Desalination Plant North,North Sector,North Sector
16.956483623964097,42.51027524191366,739.9227666412536,33.385210299520665,32.51322906746302,40.101852571284525,77.5258059037344,17.26050232296102,42.71325983372469,STH-01,18.499399980495156,Power Plant South Bravo,South Sector,South Sector
17.197887577258307,42.400494770100806,782.8251531487122,40.36745857535327,2.1951440053096283,45.76059910667292,94.94289473498114,17.609119287956972,42.41703260623751,WST-03,27.16733720528721,Radar Station West,West Sector,West Sector
17.21884823155193,42.75911709342596,732.5772982960267,40.503748748795566,53.85899944389949,41.34822703969903,89.9267837276989,17.437912445184562,43.07387886343429,NTH-03,15.215977588279253,Comms Relay North,North Sector,North Sector
16.99207472669958,42.612315183594,515.0733872595371,45.663169170892544,49.20028169402708,23.212567092364782,71.98949916396155,17.128412176112825,42.77767675368682,STH-01,16.78171265972752,Power Plant South Bravo,South Sector,South Sector
17.116210843061715,42.47427239867028,469.8194928375809,59.17054598819962,31.464551507223955,17.275478279012876,79.04832251821765,17.24871110200966,42.559185555319914,WST-01,9.091384058224365,Substation West,West Sector,West Sector
16.98257272234063,42.51168325246254,553.5102417474085,44.100525675318906,42.34721975831699,26.30520180594405,74.87895508179817,17.157346556223438,42.6784623877453,STH-01,7.4722857994863725,Power Plant South Bravo,South Sector,South Sector
17.151672027911943,42.599049587475534,358.2182163200151,57.43278466897901,6.234969892131534,10.931473241048947,60.127247060089786,17.249399174024486,42.61022936851805,WST-01,11.00979896337001,Substation West,West Sector,West Sector
17.0343701351517,42.44214002253202,570.7683009395682,43.84672975687666,50.712569783842234,27.707385541201106,76.65705930946754,17.19205267925098,42.64401857407756,STH-01,8.40849885410133,Power Plant South Bravo,South Sector,South Sector
17.14782679040757,42.43414792127707,325.8845898571439,33.226299026248185,42.91569186430628,9.396850097723599,35.89363811749758,17.209707682683188,42.49438813718359,WST-02,5.794061787146685,Fuel Storage West,East Sector,West Sector
17.168098384286065,42.94961575289947,302.3675760163167,36.90458685827821,7.19804380350483,8.509596746139714,36.532948957135375,17.244023549407544,42.95965602841841,STH-02,9.39913587465534,Logistics Depot South,South Sector,South Sector
17.180594247575296,42.587261649612216,858.8993636848156,42.225530281728005,58.84135710712665,52.59796189977546,106.23529198081934,17.424896722307366,43.01151432796655,EST-01,21.004913497365088,Substation East,East Sector,East Sector
16.98232228378677,42.98933841848415,713.6021163527357,39.76106318910554,1.3518266523868006,39.598428805770745,86.62762216593485,17.33833971309708,42.998139655321324,EST-01,17.70305211552914,Substation East,East Sector,East Sector
17.224803553541282,42.978620204998236,637.1081682395813,55.97487862597475,37.71065175556642,30.386892449205064,100.52851249845982,17.44091850765833,43.153830413929654,NTH-03,10.286916671561569,Comms Relay North,North Sector,North Sector
17.019064197268463,42.48554276939627,504.66122365383467,50.35936806589654,10.305299804449003,21.91868464518381,75.91093001939925,17.213000225087416,42.52245944215122,WST-02,8.260586693265303,Fuel Storage West,West Sector,West Sector
16.961223766852854,42.82895458173771,642.3228088110445,47.3492535575602,43.1554589531722,33.37531882603435,90.25980387350549,17.18007134275461,43.043839405868766,STH-02,10.216209004795283,Logistics Depot South,South Sector,South Sector
17.116455740817443,42.76048293347624,834.945465802999,44.736886537100716,4.224375238126738,50.333843863954556,108.37124287733401,17.567885447489648,42.795458070311156,NTH-01,2.121263303283861,Power Plant North Alpha,North Sector,North Sector
17.06127668515873,42.81438824386309,691.4280803663188,41.918118548672005,4.866052970586967,37.8640623792016,87.83772614808412,17.400566332311335,42.84465840028747,NTH-01,21.097641268971095,Power Plant North Alpha,North Sector,North Sector
17.198936922939723,42.457714600008686,661.4891987721026,48.36577319496034,27.977504433787935,34.804150654815686,94.05999458437228,17.475299280588256,42.611655417875454,WST-03,1.9176756606538587,Radar Station West,West Sector,West Sector
17.19247544161929,42.51313604718074,576.1227017830068,33.73821496333143,59.64056792411478,26.62961109331613,62.466082514548866,17.31340127673211,42.72958841507398,WST-01,19.15283887093201,Substation West,West Sector,West Sector
17.045141667846814,42.44598319687053,507.41821839051477,34.87599564650717,16.590974386239072,21.62596742606973,57.12393058701782,17.23152315224576,42.504126046485226,WST-02,5.825046952609867,Fuel Storage West,West Sector,West Sector
17.235869818520925,42.76248052313024,719.1282683530271,39.093490601900996,36.75168964539136,39.9803177501965,86.04645304517054,17.523829014722246,42.98808641636367,NTH-02,13.35324797741099,Desalination Plant North,North Sector,North Sector
17.037275351442034,42.99195464550945,888.5885646094886,35.13553849383223,31.115944462454127,53.84190698403311,94.56557641427345,17.451650738194413,43.25425263313025,EST-02,5.994943138092767,Water Treatment East,East Sector,East Sector
17.104517138769513,42.80319072259476,554.854616112354,50.3129615707445,50.52717657902625,25.77164869530922,82.71849897994232,17.251769679690675,42.99052779369924,STH-02,11.0751944995231,Logistics Depot South,South Sector,South Sector
17.02678952717028,42.826456921013154,535.3231224085205,30.74304964218736,17.31537646230961,22.491850660276185,53.8574451234052,17.219886734249414,42.88948496827095,STH-02,9.255699349841576,Logistics Depot South,South Sector,South Sector
17.23081307101469,42.99075102492597,556.8680834190254,34.805324750002505,33.29666284268917,25.41415799184992,62.16316629779506,17.421805273382994,43.122253924783536,NTH-03,13.500008808982015,Comms Relay North,North Sector,North Sector
16.999382345274604,42.80680693250308,555.3263808298329,57.0782432849641,57.03741090631085,23.859617876164496,90.07200057918395,17.11604369552864,42.99518341359112,STH-02,6.851299248464128,Logistics Depot South,South Sector,South Sector
16.963473185817698,42.42410894357708,894.3748640210971,59.92629444666261,19.955148500163453,47.00624053343269,139.2056054355058,17.360772850433023,42.57526730116808,WST-01,4.347513214048494,Substation West,West Sector,West Sector
17.08052911800091,42.92020336051396,724.0669545056044,44.62771433484279,26.364334878610862,40.661981523375765,95.90215653231712,17.408104191951317,43.090388231314705,EST-01,14.109595715336615,Substation East,West Sector,East Sector
17.24771266921675,42.618806974227276,515.5106695263551,44.861102190652744,53.32879887022028,23.27661194944284,71.08147817430645,17.372653341247993,42.79473163499779,WST-03,20.9287182191797,Radar Station West,West Sector,West Sector
17.217503179876473,42.40261817290883,522.9014242960336,53.20196286712314,19.94993143406747,22.699460219436947,81.4626235107292,17.409380606605943,42.4756145387571,WST-01,11.841799609806213,Substation West,West Sector,West Sector
17.174582405837086,42.70434050653649,558.4781548464334,31.08568732861725,22.84042587802893,24.352375522377077,56.56510621042311,17.37639633216697,42.79341605188006,WST-03,20.614001569341976,Radar Station West,West Sector,West Sector
17.217237747263557,42.96220900052576,322.02731254826983,42.81064445702934,18.247128532661897,9.909776554346005,43.888242838702865,17.301874828356553,42.991436625924166,STH-02,16.378093990453095,Logistics Depot South,South Sector,South Sector
17.21803399190936,42.55439841231699,616.68984121275,32.994836454448794,48.57188251950438,29.630615343026914,65.22469416312103,17.394246167501763,42.763771400739756,WST-03,16.91472285801868,Radar Station West,West Sector,West Sector
17.105657508115936,42.694907903831705,786.8285709136588,42.02779147969458,55.82321822626679,46.22695845435766,98.37616142962499,17.338872715502312,43.055215546401314,EST-01,11.933564018466656,Substation East,East Sector,East Sector
17.04477871554924,42.504266132669436,696.3406759245063,59.51465523386624,37.86593284001434,32.89955129771381,112.74647482818635,17.278266167621023,42.694459583492176,WST-01,16.379551488041795,Substation West,West Sector,West Sector
17.181603729633295,42.43461560299986,419.0525080569249,52.60899842410083,37.41780787557915,15.489561469302544,65.83146115568215,17.292220621180405,42.52326470857156,WST-01,5.069775754242242,Substation West,West Sector,West Sector
17.14849837895033,42.448326968027864,736.8205448270219,59.55137627055654,23.400217182790506,35.83388598204987,118.33632475633854,17.44421038938426,42.5824829054194,WST-03,4.349765575854257,Radar Station West,West Sector,West Sector
17.06209731866211,42.836206543576814,731.6751637992181,52.38145877011805,0.7490249742898003,39.4292486820482,108.47383314775628,17.416662223172914,42.84106472003714,NTH-01,19.28233199663993,Power Plant North Alpha,North Sector,North Sector
16.978340000418456,42.91844468244529,457.5235293893983,48.24330215419765,10.436255929414397,18.705231074949854,67.20092942526597,17.143774613357152,42.95033311874454,STH-02,1.8045303076120554,Logistics Depot South,South Sector,South Sector
17.174036883404707,42.485979303551495,673.7247941141611,52.6266249878173,8.846301275414067,34.620980743455554,101.36696412792448,17.48168045603091,42.53617895336663,WST-03,9.211586852051639,Radar Station West,West Sector,West Sector
17.02873815477686,42.57299114068628,666.5694198731617,49.77275018912954,6.952920168782204,34.91275634066,96.6435487743454,17.340402787103095,42.6128087813878,WST-01,6.766405627102846,Substation West,West Sector,West Sector
17.231043945160135,42.517017680586896,803.8725743137089,43.92198089705725,39.24283896320372,47.687920707811834,103.57275837837702,17.56298862537416,42.801586241618,NTH-01,2.9688963836259292,Power Plant North Alpha,North Sector,North Sector
17.022291172501706,42.416113466155856,381.64338710006473,38.7763900201563,8.180937142427858,13.368175928370547,47.687649204384705,17.141289685731458,42.43401633190933,WST-02,11.106650597175124,Fuel Storage West,West Sector,West Sector
16.986827379723444,42.73205882193219,416.9031027069136,45.60534178003065,5.138037152203154,15.97370700376456,59.03775370124492,17.12990450767681,42.74552108301441,STH-01,13.383916801004405,Power Plant South Bravo,South Sector,South Sector
17.199333801637472,42.81995330208259,591.5817022606832,37.75480421704292,22.95489039371149,28.87994199229524,70.30352163609629,17.43846221441827,42.92612647906503,NTH-01,22.086457596779898,Power Plant North Alpha,North Sector,North Sector
16.99598529498735,42.78872648853104,326.4870893353842,44.60029039326436,14.941359778073913,10.186379958497769,45.9345295526509,17.084494739623015,42.81343622544409,STH-02,16.765839079129,Logistics Depot South,South Sector,South Sector
17.003780492447323,42.632832128381345,549.3565185610239,34.38406217763258,8.751632738152935,24.713509101732992,60.75911604697833,17.223443384353065,42.66823587889792,STH-01,12.592285435290178,Power Plant South Bravo,East Sector,South Sector
17.12981483745625,42.73300614756394,772.9314251998339,46.96185296910122,8.76767253351408,44.57579507793955,105.2751362506845,17.525999443164263,42.79708550857208,NTH-01,6.271859464026103,Power Plant North Alpha,North Sector,North Sector
17.21236861225124,42.45645958398173,389.22863639039895,37.35851072436314,15.372342406965947,13.717452456580414,47.10864067967883,17.331316027062048,42.49071754427507,WST-01,6.294355802267615,Substation West,West Sector,West Sector
17.008930399714373,42.49258223123361,575.969242161915,38.80824311824709,32.21098580256248,27.778255980315674,70.17155035879607,17.22024947173339,42.63199246221916,STH-01,11.219821637902632,Power Plant South Bravo,South Sector,South Sector
17.04309710187003,42.95907677173179,893.8615400294667,44.970844253471654,45.485736005475076,55.44468099669982,115.03796887768705,17.392335642501152,43.331667210361275,EST-02,4.555458152396213,Water Treatment East,East Sector,East Sector
17.183221451472352,42.85690464869194,603.5520080549186,34.87578759064742,51.16659859512836,29.175150952703746,67.03308608648365,17.347634552782154,43.07102957539155,EST-01,10.828205145829523,Substation East,East Sector,East Sector
17.24154792781829,42.9536434574951,598.9942944732543,58.87139650907757,45.08507098433101,26.21789538931793,98.23204395262381,17.407948056567037,43.12862880850287,EST-01,12.456517752499728,Substation East,East Sector,East Sector
17.1002223558607,42.95000817069962,635.2761502345008,43.40832946178628,37.69279558225024,33.07935464341966,83.74438433155737,17.335536488919665,43.14055631109807,EST-01,4.45807715737846,Substation East,East Sector,East Sector
16.993169250765373,42.78963557026464,411.6026221996447,40.56837688880253,54.457474651168994,15.50453932943163,53.185444559952515,17.07418967964252,42.908323107464184,STH-02,10.519492594719186,Logistics Depot South,South Sector,South Sector
16.95418088631246,42.9569431888673,388.29832961156654,30.875898152777427,31.184208164055036,12.589287228634122,39.86267086590343,17.05103053427613,43.018261783832145,STH-03,7.310664299803233,Comms Relay South,South Sector,South Sector
17.018896808999656,42.650022461849474,706.4127774690651,55.297630893366986,38.00141045122148,36.076375643997146,109.08621978093707,17.274448581404215,42.85921046698195,STH-02,15.966870620487107,Logistics Depot South,South Sector,South Sector
16.989546665335954,42.40216974687096,537.4600859434621,48.77501745919153,24.697233019912105,24.668756563803598,78.59475738181096,17.19108170513497,42.499198957513045,WST-02,7.542851756477441,Fuel Storage West,West Sector,West Sector
17.153297602083857,42.43754266950769,473.94397692928544,42.49215464523892,19.643052052844762,20.084427687185205,63.03688995440677,17.323399626339313,42.50114589498719,WST-01,5.237505713251532,Substation West,West Sector,West Sector
16.98654975138856,42.46569239542049,318.83497195193854,37.36598398015427,19.902706767675205,9.449132640762812,38.87209343512174,17.06644992965637,42.495953471114376,STH-01,14.46637725414045,Power Plant South Bravo,South Sector,South Sector
17.10189897948619,42.457212071909716,807.6302983070896,52.35412256026156,8.899036902737565,45.67720156895236,117.80150436258403,17.50772757457956,42.52384395925469,WST-03,11.496377033090354,Radar Station West,North Sector,West Sector
17.158278730692867,42.61102143451016,319.39731950689963,58.364237272250016,47.79585904043108,8.693865820997768,54.410807575640376,17.21079281562365,42.67165287742455,STH-01,11.490796335034146,Power Plant South Bravo,South Sector,South Sector
17.12433498276627,42.820762484265614,749.9898744499916,41.424291169560604,3.3220850600126273,42.95390237856591,93.38800293691854,17.5099776690506,42.84423517504126,NTH-01,10.344322337569201,Power Plant North Alpha,North Sector,North Sector
17.009932695498016,42.8743892839603,529.1931353991486,34.046282051376934,40.4811146258712,23.068429957511455,58.198786061425864,17.167681613255105,43.01535159551963,STH-02,6.995491134574003,Logistics Depot South,South Sector,South Sector
17.19123735785468,42.754127964606774,659.2126863027901,33.27584241818212,51.867611570222145,33.22627931748194,69.77797972674169,17.375597351960337,43.00040622843039,EST-01,18.910750113680958,Substation East,East Sector,East Sector
17.16462213888474,42.487861704734186,448.6068004140974,30.190859170016576,29.845700819122033,16.232559065501473,44.87003200356646,17.29122871217297,42.56395102953013,WST-01,4.558471985522183,Substation West,North Sector,West Sector
17.17169520117466,42.848740961288904,393.2397997392439,52.31866322315166,4.2120469104930125,13.846611735168521,61.7581326900346,17.29588403783955,42.85832023594185,STH-02,17.97524531028116,Logistics Depot South,South Sector,South Sector
16.989317325467194,42.61288115148256,620.0328005009685,59.44186157705012,25.705047698213452,27.430282974142273,101.8609951019372,17.211560404996423,42.72489424308162,STH-01,15.094581870718443,Power Plant South Bravo,South Sector,South Sector
16.987126141095104,42.407796009203075,717.3706169724862,59.78453258260704,20.59359617294099,34.25207072677754,115.95215240620249,17.275446629016553,42.52126182347581,WST-01,6.790093130482899,Substation West,West Sector,West Sector
17.22826876530195,42.56835317231965,417.29597696708794,53.525917630287765,59.132359157965844,15.225663281175262,66.35102232168815,17.298482867427598,42.69145351164457,WST-01,15.419738284645799,Substation West,West Sector,West Sector
17.06927345814748,42.59836033248459,561.8153684595386,34.86551334888131,41.47591209713666,25.8201952672131,62.76308335030647,17.243186702322006,42.759388915136924,STH-01,20.17165490112872,Power Plant South Bravo,South Sector,South Sector
17.040284607534282,42.56454732113086,566.7929821748373,59.33128367739364,43.2815882897352,23.72936586094087,93.94618121346294,17.195583064103975,42.71769863585757,STH-01,13.35597879846209,Power Plant South Bravo,South Sector,South Sector
17.09657521360546,42.88712209191255,429.5874894476777,39.83440329005853,30.949615137733858,16.698418800432663,54.569987000090826,17.22534988774698,42.96797992633765,STH-02,7.513398521445306,Logistics Depot South,South Sector,South Sector
17.148859263829074,42.855955838556454,639.0296677512786,40.00858828477631,42.56485526652579,33.20069894824802,78.97809057050992,17.368657105759084,43.06757147106384,EST-01,12.43121452280036,Substation East,East Sector,East Sector
17.23668697711409,42.81733121824758,387.5614120690204,50.62010858677317,43.354258603330095,13.67989929345033,59.513380391958506,17.326122739871042,42.90580394866015,STH-02,19.05898649357601,Logistics Depot South,South Sector,South Sector
17.035933868064618,42.48340304710736,605.849503991148,31.47147561223354,3.981532844766291,28.176920143735405,61.62578426890604,17.28872222848452,42.501830420056535,WST-01,6.871422605471284,Substation West,West Sector,West Sector
17.22744252879361,42.88470034582377,368.0589068195997,54.77309189722678,13.356391468636222,11.940382697632064,59.8305308416076,17.33191867448839,42.910686335449554,STH-02,19.567093743638804,Logistics Depot South,South Sector,South Sector
16.957457847415878,42.80630557699799,591.3254453130825,59.91891829463232,0.7780533257331634,25.156632474620366,98.14092471232578,17.183675681342883,42.80952124321584,STH-02,15.154655201918827,Logistics Depot South,South Sector,South Sector
17.11655941269805,42.51690261188883,486.9594329253341,53.25209334269752,30.588444355714312,20.06796456869699,76.35720136605966,17.271897854786637,42.61307742436634,WST-01,9.305064351899922,Substation West,West Sector,West Sector
17.140192533504326,42.78885635816891,571.3477752489209,53.450294736219995,52.54799129016159,26.281700904215327,88.54662694890587,17.28382516999541,42.98536439185693,STH-02,14.271870977792565,Logistics Depot South,South Sector,South Sector
16.981769221125226,42.69010698460221,560.2496156659045,41.70941011699653,36.5732720817197,26.796754020353593,72.49207080420267,17.175250930466127,42.84040215775599,STH-02,11.766608484373094,Logistics Depot South,South Sector,South Sector
16.992101879119172,42.663610037113735,844.7598736911557,31.97764167046971,30.012451668462564,48.474368836562505,83.85581928774849,17.369461539832066,42.892078757357126,STH-02,24.08945804969909,Logistics Depot South,South Sector,South Sector
17.07573429579489,42.467273898083434,593.9613599738776,53.7800230270327,55.5579508566384,27.91614162492608,92.05404825585977,17.217609074409328,42.684032403985384,STH-01,12.809368635680395,Power Plant South Bravo,South Sector,South Sector
17.239869573642956,42.7109825655071,791.0993423261247,47.91474260714402,10.333110661305234,45.920903724345564,108.9118594175872,17.64613277312036,42.78871534187488,NTH-01,7.411422186596351,Power Plant North Alpha,North Sector,North Sector
17.128812765970313,42.45995908538342,435.39143574702916,57.280160673662536,4.476258489461142,15.611546406018148,72.1830921590083,17.26878201071094,42.47143381214744,WST-02,3.927238877478891,Fuel Storage West,West Sector,West Sector
17.229906966480062,42.498552032352556,511.2496767805553,33.47888700500498,55.03834418458306,21.564393086243687,55.55298745746694,17.34096746669743,42.66505485328514,WST-01,12.273145595043315,Substation West,West Sector,West Sector
17.19130827468389,42.47952778856486,345.0536283799146,39.15369189282325,54.1669052951288,11.1111195528709,43.632688652897976,17.249788972196576,42.56435462005095,WST-01,9.048344039045283,Substation West,West Sector,West Sector
17.09021448046659,42.97246496744201,552.4486768928962,40.81968461170159,40.978349172776966,26.102789554622873,70.35547266865031,17.267375147271252,43.133671723794464,EST-01,4.579796048265076,Substation East,East Sector,East Sector
17.185429034775655,42.570918814266335,701.2199322449586,50.49839125634074,14.758749725763119,37.58691733498146,102.01259875185472,17.512283161909053,42.66121558397674,WST-03,7.273623198227845,Radar Station West,West Sector,West Sector
16.955351035193097,42.6131225941576,802.9002204656376,53.63235489309465,58.18584148226224,44.64278648191615,119.11504248525137,17.16668716745864,42.97019352088,STH-02,2.270630462481819,Logistics Depot South,South Sector,South Sector
16.98274319902972,42.59324836377762,639.5489470794931,58.83061225753261,45.920781108229605,29.1645322800229,104.02379107700655,17.165105636791512,42.79044998358404,STH-02,16.960691362155483,Logistics Depot South,South Sector,South Sector
17.19882858446482,42.93895026710689,684.0436017558471,38.86221474972463,40.43367501508015,36.892711048928966,81.96600794549806,17.451242284519772,43.16451590211682,NTH-03,8.910103956340246,Comms Relay North,North Sector,North Sector
17.189045126497547,42.73777954680093,406.3602465701689,44.809092256927414,13.374679440926867,15.263073216438277,56.848755056150004,17.32258347680541,42.77103969639836,WST-03,22.14379447323053,Radar Station West,West Sector,West Sector
17.01979222258993,42.95149593935999,322.3236229400636,30.86882790243895,30.785350297986938,8.865659637907626,33.27786644283567,17.08828366174828,42.994188696904416,STH-03,9.167149803784746,Comms Relay South,South Sector,South Sector
17.109230877179716,42.57995494349674,775.0128871063896,37.58963634326663,49.35457447781999,44.582099292782125,88.96216879803406,17.37014071701387,42.89870233726697,STH-02,23.99309866622602,Logistics Depot South,West Sector,South Sector
17.131804746210005,42.46890080465917,400.22292446477184,41.22010524358921,51.61561348393716,14.769106597915274,52.45774733073802,17.214248992267926,42.57789717333026,STH-01,11.394695506356497,Power Plant South Bravo,South Sector,South Sector
17.210321686132804,42.7337310716345,354.7017213196515,47.81418619576345,33.68580694807608,11.810704401886984,52.45980770021038,17.29869377797504,42.79543350238612,STH-02,22.523727535513505,Logistics Depot South,South Sector,South Sector
17.130932147201616,42.60732219507401,862.5373925439571,44.125364807975224,31.36763062315585,52.82038522495466,110.18625633052655,17.536363350623322,42.86663474682484,NTH-01,10.387473806283172,Power Plant North Alpha,North Sector,North Sector
17.073771470782102,42.881144100094446,878.1128184355059,40.93425179330992,41.86102969845843,54.254516026664085,105.65431271951378,17.436872253999873,43.22242792186364,EST-02,8.440786007332227,Water Treatment East,East Sector,East Sector
17.062255213022155,42.927654045347,669.7543749614968,48.72233899588025,31.694930658748373,35.422495012547465,95.58863046476084,17.33323034001558,43.1029867927798,EST-01,7.091053818611243,Substation East,East Sector,East Sector
17.077764625912053,42.68354410654424,527.1823636123761,54.85847031351001,25.060862283939656,22.567208010742686,83.76488729868672,17.26159003288168,42.77356484841323,STH-02,21.8815754491996,Logistics Depot South,South Sector,South Sector
17.14557930767399,42.9828154144513,799.9437245784311,37.25043398954368,5.125140685463321,46.69738519839363,90.74001467985173,17.56385556271695,43.02216502008753,NTH-02,8.469995748714927,Desalination Plant North,North Sector,North Sector
17.2102471895257,42.731807803806646,422.83197560124745,40.28627637781237,7.562980542934808,16.26121589476711,54.25296753223896,17.355214433738304,42.7519734165777,WST-03,18.216371130444116,Radar Station West,West Sector,West Sector
17.08616906462289,42.562552236031785,557.6353964578092,51.147709490610595,45.61652809204004,25.81645116352434,84.05861010933751,17.248489722273543,42.73629339972695,STH-01,18.88787161349245,Power Plant South Bravo,South Sector,South Sector
17.024351868885407,42.69338530920656,514.210379400361,53.338217962755905,1.479843877456084,22.025145017273836,80.3631383305226,17.222362348795937,42.69874080750901,STH-01,14.125612036471198,Power Plant South Bravo,South Sector,South Sector
17.020998708899274,42.42238617544176,847.619994445009,54.761906152039415,3.138301547856519,47.56597335412472,126.21644803428869,17.44812618397948,42.44693430304767,WST-01,17.09208395704392,Substation West,West Sector,West Sector
17.173804284073032,42.88240069615784,851.8664492173642,36.27993656691086,54.278614685185055,51.00749046835708,93.68451206914882,17.441249275899356,43.272766368806515,EST-02,3.732333342916461,Water Treatment East,East Sector,East Sector
17.19497062902717,42.46086103051265,690.5315557941999,46.17800883733247,42.23982680728109,37.61532201835318,94.41432960681269,17.445273164226744,42.699229727120155,WST-03,8.562439351200757,Radar Station West,West Sector,West Sector
16.981583423956238,42.5852490931018,366.4440841636151,57.00033295575853,0.25276331484876735,11.47708499497614,61.14889261672582,17.0847981815439,42.585725454440876,STH-01,5.346988293031909,Power Plant South Bravo,South Sector,South Sector
16.969967657086553,42.73918992820297,589.3156737949814,41.75851365274475,18.722602461292364,29.182005924195483,75.9689492196127,17.218501034407247,42.827381819544826,STH-02,14.559530739337793,Logistics Depot South,South Sector,South Sector
17.128330099126934,42.42578507538814,447.19701973443404,42.89649270664667,45.79910763573268,18.125678936943327,60.145791605436315,17.241938525161977,42.54814394973846,WST-01,9.793985475545695,Substation West,West Sector,West Sector
16.993851973257808,42.44759013950887,830.9493979106892,59.54468831702057,25.05604799863534,42.7422892731044,130.7278964483262,17.341997366230913,42.6181325712198,WST-01,7.353872703023025,Substation West,West Sector,West Sector
17.1973992571369,42.81766981456781,383.04167940972116,33.39157938097516,28.1278693714867,12.755574987975333,42.14511446504865,17.29855689044552,42.87431245913581,STH-02,17.377777443663646,Logistics Depot South,South Sector,South Sector
17.04310040217722,42.44306625583646,332.58616551642444,51.16805968384908,27.527943662763324,10.27077421183594,51.81094779139118,17.125005381389588,42.487737104904,WST-02,13.400538639932012,Fuel Storage West,West Sector,West Sector
16.993161579891343,42.686249719748425,722.657420130047,55.50552381122675,12.12806419554244,37.244999985680884,111.49010949024127,17.3206241599498,42.759964574374294,WST-03,21.465470461428342,Radar Station West,East Sector,West Sector
17.226291141746234,42.60321738005245,571.9716449808917,34.523805499020526,43.283486273895655,26.531926501824213,63.27645776450519,17.399917270907803,42.77465292711895,WST-03,17.71511824351276,Radar Station West,West Sector,West Sector
16.999659516820582,42.53684764477385,803.0189325618508,51.433597080217126,6.180379831282179,45.7160912753485,115.85345545749745,17.408398798707097,42.583234190103326,WST-03,6.937957531927218,Radar Station West,West Sector,West Sector
17.03541602470138,42.5132673387182,344.77777870158707,44.09214666031327,30.435066332800265,11.278705142567079,47.98117936121075,17.12286374115888,42.567031791301474,STH-01,5.63778560105772,Power Plant South Bravo,South Sector,South Sector
16.996084018557617,42.85804677623955,780.6456795647055,55.5867265402393,10.197349647561706,41.7586902445285,119.08316475237139,17.365684351086855,42.92770759448274,STH-02,22.993260458941677,Logistics Depot South,North Sector,South Sector
16.984647019099604,42.97092531589017,322.400851706495,57.22356950507718,2.79196857462936,9.01870217166556,54.225894744571214,17.065657726524762,42.97505798358782,STH-02,10.823114523964023,Logistics Depot South,South Sector,South Sector
16.956344404900932,42.484107845322,316.8420071483742,56.174547094637205,8.594633066830097,8.870141450587647,52.693855851687246,17.03521921681444,42.49657608109487,STH-01,16.154890469332884,Power Plant South Bravo,South Sector,South Sector
16.966618622749277,42.97580873150448,576.7894510386178,31.931554127370383,52.16009617870451,26.073054400215693,59.64988872296288,17.11037063005449,43.16955966622618,STH-03,10.099917024215202,Comms Relay South,South Sector,South Sector
17.002392441280755,42.75685750208506,432.7747738083911,52.70565830444923,10.56885988682767,16.394107703808057,67.9402590757688,17.14732481466847,42.78515761960523,STH-02,17.57092461639877,Logistics Depot South,South Sector,South Sector
16.96601457978815,42.784996243217954,656.2312242039184,57.64582724957488,16.702152540741032,31.024904936495105,105.0774960797251,17.23323954012556,42.86895247505004,STH-02,11.85078788026236,Logistics Depot South,South Sector,South Sector
17.12734314483329,42.82595582688555,315.49019652688224,48.64045322012793,8.285687293224374,9.456201164194713,47.46555904683823,17.211496603793133,42.83878560514029,STH-02,13.128896797293205,Logistics Depot South,South Sector,South Sector
17.15421435803985,42.82247133421275,321.2337254177871,48.026281814354704,44.13270609946552,9.80925117009826,47.84669655855415,17.217519779687112,42.886780353829295,STH-02,9.274099412311612,Logistics Depot South,South Sector,South Sector
17.068089137049608,42.89188666491141,736.2890977031643,31.35016162194333,26.72695003539009,38.82696373655159,73.1949396998441,17.379895068448796,43.0564378359046,EST-01,14.133436683991524,Substation East,East Sector,East Sector
17.045397329085613,42.69008119080862,426.099097495387,55.680990666178154,56.61810231870425,15.386857877563928,69.46586494184237,17.12149899141459,42.81098733417639,STH-02,15.378855052741809,Logistics Depot South,South Sector,South Sector
17.101357871106668,42.72001515250882,693.8502741964401,31.392106824874844,39.85947493487414,35.29236001245408,69.51646673096401,17.34488165872365,42.93312344718265,STH-02,20.635899408287237,Logistics Depot South,South Sector,South Sector
17.212501482670383,42.59429620147805,749.9532969004551,39.40528819154022,31.883353229206303,42.7333744095255,89.79871950716174,17.538716454001193,42.80718069438001,NTH-01,5.419978636225894,Power Plant North Alpha,North Sector,North Sector
17.20533948804666,42.46315455626987,335.59869943498046,57.77589195861647,39.39785589769007,9.632361189482587,56.70118517364929,17.272272016501383,42.5207325726293,WST-01,7.131535739704481,Substation West,West Sector,West Sector
16.963042518603835,42.79878411455573,761.8523726785436,58.49235428188537,2.4255229925798494,38.43057163663499,120.41385436004171,17.308346257460347,42.81410439839317,STH-02,21.917878071190668,Logistics Depot South,South Sector,South Sector
17.004449522878957,42.42016598151175,461.0527307767716,59.75701621427768,57.03961560772142,16.52535047034357,78.14302257595931,17.08526373542344,42.5506186761794,STH-01,8.324089736864131,Power Plant South Bravo,South Sector,South Sector
17.021023461331318,42.56538103065002,533.727574919849,44.29206856838658,57.385776625034886,24.721038744283366,72.67125753065417,17.14075623439476,42.761350586931485,STH-01,15.196501413328553,Power Plant South Bravo,South Sector,South Sector
17.024816272749664,42.45653791866766,351.98351537719003,35.32288639143032,16.56839211333178,11.155788352198119,40.78031510126308,17.12097481314362,42.486473497561974,WST-02,13.790538852053361,Fuel Storage West,West Sector,West Sector
17.12136979552283,42.51443629439363,803.1779900189117,44.63833460487251,37.697728964588016,47.56415834449372,104.75437830684477,17.45964388253495,42.78863754276517,NTH-01,13.414312451823278,Power Plant North Alpha,West Sector,North Sector
17.074878727710956,42.78323854773843,636.4372717954584,33.06938775249148,12.114914648392476,31.26725620837429,67.2453458320788,17.349799585281524,42.845066156790494,STH-02,23.86583336938156,Logistics Depot South,North Sector,South Sector
16.964776235978277,42.77708597812295,602.7991667083033,56.176083269099095,32.84830767602754,27.70548082076338,95.95655720263596,17.174049930378285,42.918542013492015,STH-02,3.68925215159033,Logistics Depot South,South Sector,South Sector
17.06208424153787,42.65263294779743,881.1328865416534,46.816116997995145,46.2473543474636,53.9523165419764,117.0712508239875,17.397293756799336,43.01991100796283,EST-01,18.387932487206516,Substation East,East Sector,East Sector
17.10712588461529,42.45410318589369,500.70345596440245,42.13517697500266,56.38930348832353,22.103570922099003,65.90126652621412,17.21708721768377,42.627418481178324,STH-01,10.824352123582399,Power Plant South Bravo,South Sector,South Sector
16.980501570871112,42.66002434987564,834.4675718860176,32.38592107442413,20.35301539594031,47.80362570869089,83.86859894891501,17.383508939040457,42.81670253809921,NTH-01,22.192891674325455,Power Plant North Alpha,North Sector,North Sector
17.20003756613657,42.611646923114975,731.8127286387626,42.157220304498914,41.61031578256569,41.39264405329463,92.68477536238821,17.478196569511493,42.8708095157632,NTH-01,14.861184247999695,Power Plant North Alpha,North Sector,North Sector
16.96558855993953,42.83227549171357,857.1168815113433,55.98574825170327,42.98562686083076,47.48793028997738,129.15267657598454,17.277772386262605,43.1372160198523,EST-01,3.4583777581625452,Substation East,East Sector,East Sector
17.22745256070542,42.74741596491943,844.6812316574758,51.10217797431638,13.268928069884474,49.32661716247792,120.24986623814189,17.65918583990097,42.854266983197476,NTH-01,11.810057046570122,Power Plant North Alpha,West Sector,North Sector
16.979733942473963,42.694939460402196,894.6178830156417,32.473665525329,37.74192788960353,53.09685601766065,89.15329630752164,17.357108219709822,43.00116915823321,EST-01,18.015849651966295,Substation East,East Sector,East Sector
17.203072485479325,42.692189249383,379.00605122229456,34.79721599178528,39.3252773512666,12.730056591316457,43.23238362264503,17.291618550166994,42.76817447637666,WST-01,23.55099381469254,Substation West,West Sector,West Sector
17.220795943178285,42.97977813235625,777.609835254957,41.76925472122514,45.84456638076206,45.404672533073125,96.93692916338927,17.50501025621723,43.28696249787947,EST-02,9.553342567711564,Water Treatment East,East Sector,East Sector
17.243871204175978,42.85377653302207,782.696612968502,33.04125248057756,59.99683544727202,43.63774874266602,80.71426047563945,17.439797215366244,43.21000599167837,EST-02,9.797913332175984,Water Treatment East,East Sector,East Sector
17.190607764082078,42.698187736276076,686.624116907092,58.02123575979813,2.413942165588834,33.09215151063132,109.70998331857534,17.487947703131375,42.71132984108726,WST-03,10.173071568990299,Radar Station West,West Sector,West Sector
17.1838432622314,42.68753356773338,467.3165749429212,49.56876133892628,12.138302620653485,19.27436411694222,69.90517091276153,17.353302600321943,42.72571982740874,WST-03,16.327434075536065,Radar Station West,West Sector,West Sector
17.142744982798664,42.415887460782976,879.088962976989,32.844690039118355,8.70470591518444,51.941289667644995,88.6836217821677,17.604469449523677,42.49005483876226,WST-03,21.163560153042223,Radar Station West,West Sector,West Sector
17.18369890637344,42.96550555799188,422.65328273412575,53.64172387141382,9.26604314524215,15.558333952046246,67.25026009820225,17.32179103563509,42.98910549902757,EST-01,18.302986506578744,Substation East,West Sector,East Sector
16.990365662523942,42.591504383060396,599.7452270150634,41.052177857158284,27.2549196373179,29.999428649081192,76.14984635213622,17.230162912021388,42.720860023878004,STH-01,16.27463282764745,Power Plant South Bravo,South Sector,South Sector
17.110820410784292,42.55356344912845,612.8922676915117,37.34611933659662,52.71219339677624,30.56093082701142,71.94899027578933,17.277195169745127,42.78255961662387,STH-02,22.047561672518693,Logistics Depot South,South Sector,South Sector
17.104266861057123,42.9996453552326,397.0976069016233,47.09954825819074,26.923396144065304,14.57064447086138,57.771003860484555,17.22109143241539,43.061763398801986,EST-01,13.630972440721848,Substation East,East Sector,East Sector
17.207271643236766,42.83121380290272,733.5172933999445,30.40116399361624,40.108823870064796,38.08116539534907,71.05782131737607,17.46906918591962,43.062515353165736,NTH-03,14.182137577164493,Comms Relay North,North Sector,North Sector
17.088839809678053,42.42841826397957,353.3202985081439,43.961929803127646,22.589948551813144,11.803566872827654,49.00979243723615,17.186842993925158,42.471100651706706,WST-02,6.321430825414282,Fuel Storage West,West Sector,West Sector
17.065526848830107,42.43713128621535,715.8586673080266,55.31414979285509,19.179798918666908,36.81014602697313,110.35227997641161,17.378160714361055,42.55109067306989,WST-01,5.356485431677442,Substation West,West Sector,West Sector
17.141868981371132,42.41530093837612,809.1692977743821,57.84172787956705,50.054111089742534,42.46171459535321,125.73120595467067,17.386819813024836,42.72207564492544,WST-03,13.545998903706648,Radar Station West,West Sector,West Sector
17.02993899525025,42.75977133970772,509.63785504943974,40.2766411324932,39.33285060710518,22.66804495888271,64.62118175142517,17.18757392423217,42.89502152942646,STH-02,6.596619809386729,Logistics Depot South,South Sector,South Sector
16.991930523286186,42.44293870003717,725.6524851595201,49.273097644951335,21.05371728495216,39.98759345814933,103.26564013256409,17.327495669736198,42.578269306785955,WST-01,3.013626507887306,Substation West,West Sector,West Sector
17.093363182207124,42.960033014106955,394.0644048887099,36.804703151065006,54.84961567482989,13.966402401319963,47.07335382237407,17.165647379780577,43.06751917507006,STH-03,9.615476379759855,Comms Relay South,South Sector,South Sector
17.075066810578466,42.96214392401361,807.5694008717271,46.80639212954127,29.910693907058683,47.60073044354221,108.95519370814797,17.446007543291973,43.18589863934335,NTH-03,9.360476018690884,Comms Relay North,North Sector,North Sector
17.01977098215866,42.72763244004885,871.2190191319348,37.62083178459567,11.29648483795731,53.112261931901955,98.27069527321973,17.48814306064501,42.82573039105796,NTH-01,11.306495268656072,Power Plant North Alpha,North Sector,North Sector
17.060253543034538,42.76998335883757,391.61621609986616,47.140695258823584,28.99331174806087,14.204181076926544,57.05071460695992,17.17197535399317,42.83478924879569,STH-02,12.312410959813793,Logistics Depot South,South Sector,South Sector
17.059917734947874,42.57513664091515,715.1156843833993,35.15166351879693,40.48196627600854,38.6418922217876,78.53963018429178,17.32410359893581,42.81146621204448,STH-02,23.439607002496626,Logistics Depot South,South Sector,South Sector
17.048248669323762,42.43838352544496,603.4986579339154,58.236976702822304,22.026755355369737,26.846474414884007,98.23860760707849,17.2720397364483,42.53320726978063,WST-01,6.686928270272701,Substation West,West Sector,West Sector
17.063839223918077,42.84247626711509,618.8995990994272,56.607524292218756,50.6270841765236,28.72902638222355,98.69771281671424,17.22763032630984,43.051583042342486,STH-02,13.152674805257016,Logistics Depot South,South Sector,South Sector
17.155723003636783,42.46107159324941,723.8938311604129,40.1075474834652,31.988638836366054,40.54269538280598,88.31697521317957,17.46486577621643,42.66355689399927,WST-03,4.651675726412872,Radar Station West,West Sector,West Sector
17.039062942371384,42.45133458461103,593.2442996018624,53.29988666774828,28.06588679606798,28.01412768596541,91.40559219446916,17.26133595424798,42.575457500525545,WST-01,8.099362909685436,Substation West,West Sector,West Sector
17.234657378014603,42.58673386552253,660.1958352106301,32.86512392196584,51.52268539582312,33.147492842228914,69.139493835985,17.419989849211422,42.831321957924274,NTH-01,18.606169535114624,Power Plant North Alpha,North Sector,North Sector
17.22490440586145,42.407479395902726,438.5406116468263,52.21082726116272,27.775068387969178,16.867066411275342,68.34180079888229,17.359102785665108,42.4815398357274,WST-01,7.954321721414082,Substation West,West Sector,West Sector
17.094273128490023,42.660421369453786,527.1039578931782,38.473773888381125,24.86460851104899,23.816931102100774,64.2325535604571,17.288587147009054,42.7547445737863,WST-01,22.217991706957246,Substation West,West Sector,West Sector
17.048508361501405,42.82460854604805,819.1442100429012,34.06925306027587,6.222983720009758,47.27999745024784,86.09908264815137,17.471195805797247,42.87292794188727,NTH-01,15.603357064988916,Power Plant North Alpha,North Sector,North Sector
17.110630436949002,42.88080935885316,365.9415069890314,50.34573653710841,21.749512731417912,12.338010066796576,56.128647133195756,17.2136853043615,42.923852878617254,STH-02,6.584110346497555,Logistics Depot South,South Sector,South Sector
17.204568146632088,42.76258438227935,658.545156560184,44.09420453458168,23.822898033784902,35.04544866845097,87.49544575789865,17.492841821038912,42.896057328924485,NTH-01,15.663509452544018,Power Plant North Alpha,North Sector,North Sector
17.14577620216803,42.908124521868345,410.5722373409341,45.904188051913316,10.837339153469387,15.529277832201045,58.4799520037423,17.282941487661702,42.93562484375866,STH-02,13.755483531254207,Logistics Depot South,South Sector,South Sector
17.191317548384124,42.64390132226026,807.9237587540232,45.615893524137626,35.269392102790064,47.85125021463295,106.9690070853195,17.542495630784956,42.904504863718785,NTH-01,13.842253361207753,Power Plant North Alpha,North Sector,North Sector
17.109816682819723,42.909263251036286,647.4263723121298,31.783439463180585,8.630524233020862,31.648734026925485,66.01935389014034,17.391212346067796,42.95402029095965,EST-01,24.10040589723273,Substation East,West Sector,East Sector
17.139875288780285,42.703883986299026,541.8292696021626,31.54140747278031,13.42138731623346,23.259335806032045,55.69897495304733,17.343332115907423,42.75474844385167,WST-03,19.30588669792001,Radar Station West,West Sector,West Sector
17.036446684254738,42.53382167679898,449.89480419109077,48.0350251184429,33.66551914350844,18.173439868884635,65.94280272480856,17.17245166643571,42.62864948894469,STH-01,5.904331680582165,Power Plant South Bravo,South Sector,South Sector
17.170467948693087,42.96648738799628,562.1068195137807,48.7159392706625,16.139013883484225,26.61808913513706,81.78908860047238,17.400403823164517,43.036218950389525,EST-01,17.24065572923917,Substation East,East Sector,East Sector
17.010721377937713,42.564982524302266,874.5673955530453,31.415236695453437,38.3800986077012,50.73102217676067,85.08720812290935,17.368151621762053,42.86177753237541,STH-02,24.969368892116705,Logistics Depot South,West Sector,South Sector
17.158439438645548,42.415720890512674,605.5255738461724,41.353179956634534,41.43078797524227,30.50431933514844,77.25531032356511,17.364031827965054,42.60591745572583,WST-01,7.038712806673865,Substation West,West Sector,West Sector
17.20821572049777,42.545604425773014,581.6937190199161,48.385538386812826,18.077424636399016,28.235935024985725,83.94071206256443,17.449595805532486,42.62820060725505,WST-03,1.4474448137259905,Radar Station West,West Sector,West Sector
16.989630851190462,42.62001253675446,747.7642881001855,49.70041967259229,5.243260889803196,41.728283801185,106.58382960838178,17.36332838784027,42.655943560946184,WST-03,11.405849895102758,Radar Station West,West Sector,West Sector
17.134313922162576,42.61080980997356,527.4282424991441,54.84827277829655,29.367110029735098,22.58810034484759,83.79023053348106,17.31132216122627,42.71515663579112,WST-01,17.654423152504354,Substation West,West Sector,West Sector
16.97852872446898,42.71480050566614,556.4543699284764,42.62196850790642,5.573905205509028,26.529637955691708,73.279321574541,17.21598562313551,42.73906123197469,STH-01,16.550417182385395,Power Plant South Bravo,West Sector,South Sector
17.16771468848143,42.929876129221554,502.1686389429714,46.44773343440906,30.914140891432087,22.172648180328988,71.23377558843126,17.33876183583931,43.03719665511801,EST-01,13.730063007907496,Substation East,East Sector,East Sector
16.975347965647057,42.57540293626582,390.55185319763484,47.35681126826452,43.573070527737606,14.123321415469041,57.09865656944536,17.06734855674948,42.66698412919243,STH-01,7.69495592855398,Power Plant South Bravo,South Sector,South Sector
17.230781946810186,42.7124623647755,728.2855285215903,39.36135849900957,37.2197874882482,40.82422901697345,87.47250278416222,17.5230093244703,42.94534183609687,NTH-02,15.226862511927473,Desalination Plant North,North Sector,North Sector
16.99122237901134,42.60408337221309,823.8185483301743,31.614762073248347,26.896058472721055,46.45554661316514,81.29219355513283,17.36371817672592,42.80210023888219,WST-03,22.088774970311757,Radar Station West,West Sector,West Sector
17.237664073772724,42.89306383562392,843.3555895456593,30.126777786153138,56.75151287385285,47.21810751347517,79.63052553062063,17.470139660363706,43.2653644126176,EST-02,6.677070930762522,Water Treatment East,East Sector,East Sector
17.19026525282553,42.49456090797309,828.4817628226677,55.083762483555745,6.104833984930229,45.84443583832519,124.35288037786977,17.60021026066245,42.540559787743064,WST-03,17.720573008391288,Radar Station West,West Sector,West Sector
17.128104601339906,42.46210616098603,571.0702814627957,36.006954675671594,52.800090414715875,26.842699523283166,65.45843575252904,17.27395586433371,42.66347247595638,WST-01,13.56308602427495,Substation West,West Sector,West Sector
17.184787231388864,42.70179715194256,470.4397153219178,48.90763992477407,48.00773235847218,19.578845702209392,69.65950559911214,17.302541425938145,42.83886603908945,STH-02,19.761779698198225,Logistics Depot South,South Sector,South Sector
17.188534451694924,42.80313255145929,682.7542497604941,47.311424359317584,25.184314821875073,36.786754436587934,95.16495119357891,17.487863748091595,42.950732858194215,NTH-02,18.441779831824096,Desalination Plant North,North Sector,North Sector
17.2338081188452,42.87731512065446,872.822947143619,41.988992302215564,9.172030314042864,53.82680596374766,107.1931952583444,17.71167794819811,42.95831493776791,NTH-02,10.306998087575657,Desalination Plant North,North Sector,North Sector
17.026015006151756,42.753774911743186,736.230388901163,55.004799261019016,9.352007146658474,38.577012671792936,112.60925709694507,17.368326182544234,42.81284390830251,WST-03,22.859171992070088,Radar Station West,West Sector,West Sector
17.127022768607493,42.8643098567914,596.9091369540939,50.952047870801366,55.30834564456784,28.952745362164876,89.12022131108453,17.27509571254629,43.08851324455816,EST-01,8.07929402833281,Substation East,North Sector,East Sector
16.97851475926932,42.63562603513655,713.285144708069,30.682243903175188,14.022279856695604,36.547928375330955,69.86567270601016,17.297386457853932,42.71903758009955,WST-01,18.307262988179204,Substation West,West Sector,West Sector
17.134849710007238,42.41972060215988,763.5227474726382,53.30082220070054,52.44694247926972,41.618958078678716,113.76162298247709,17.362738336233242,42.730617407777686,WST-03,15.959660731660433,Radar Station West,West Sector,West Sector
17.001387391227837,42.46965958474093,851.5615567968424,45.209964540052866,30.197713195817336,51.719653444815904,111.00476322596265,17.403245394180235,42.714832197310216,WST-03,11.876123537606523,Radar Station West,West Sector,West Sector
17.119485183441732,42.423233560737394,757.9294523832925,40.41057867248541,27.704078203641995,43.56739360433625,92.43444266614493,17.466288748313648,42.61419149921505,WST-03,0.9319758950328157,Radar Station West,West Sector,West Sector
17.121729154210154,42.597366190285896,559.9143333815434,51.80653969535034,37.17067605502924,25.84220134048149,85.12108311690584,17.306864682232288,42.74444136369914,WST-01,20.80043376033856,Substation West,West Sector,West Sector
17.08979554589437,42.697294804761206,464.1639110792905,50.58196888938808,12.902344973593976,18.912132816822304,70.4782807502017,17.255578135377586,42.73706194100464,STH-01,19.542607949274117,Power Plant South Bravo,South Sector,South Sector
17.106789532653938,42.61379049019416,599.9289988377548,39.31764713606847,25.702240443581637,29.82501219183594,73.58851043062808,17.34843747511071,42.7356606771142,WST-03,17.449744083140164,Radar Station West,West Sector,West Sector
17.179177017001976,42.73635968503984,496.90676676328303,59.49116614493644,56.30906632829579,18.926809011607357,83.50845109232013,17.27354191096278,42.88467291134157,STH-02,14.40631333514507,Logistics Depot South,South Sector,South Sector
17.18977341495362,42.68836548909567,865.6587556126884,49.4612546013526,14.29541573872499,51.77616833440878,119.9612042155886,17.640952845010517,42.809012775516635,NTH-01,7.442551195617498,Power Plant North Alpha,North Sector,North Sector
17.09764596467263,42.806765681118364,604.7795060699773,48.17339137361681,55.295013532785106,30.143536455373106,86.64293765733497,17.251855799280253,43.040123241742435,EST-01,13.808316932520992,Substation East,East Sector,East Sector
17.129878032456784,42.800177298138046,583.2338015784051,32.096410904453165,59.65258179655072,26.636630499438834,60.53126989355021,17.250792787101027,43.016639704722024,STH-02,12.329935343601333,Logistics Depot South,South Sector,South Sector
17.22937087070703,42.590838488265206,508.91773089291775,38.37956341034212,3.114431284529806,22.390914947574206,62.05159928997199,17.430439188850986,42.60230528763259,WST-03,3.785214880790642,Radar Station West,West Sector,West Sector
16.985920076550336,42.607728673216656,683.6441941749601,43.40922006979324,31.882747355482294,37.21542333580439,89.34493508970179,17.270028276928834,42.792849189501226,STH-02,20.695253516241152,Logistics Depot South,South Sector,South Sector
16.985131069770034,42.75108869298478,612.0307671725686,48.91877112929029,10.309157981621315,30.608427719263332,88.54310272689816,17.25594858102529,42.80267210831789,STH-02,18.939732293167243,Logistics Depot South,South Sector,South Sector
16.976312703573228,42.7578594807345,377.4293537389539,45.38290892191134,37.30285535740064,13.328710633609507,53.51317312776805,17.07164665564856,42.833851010535454,STH-02,15.775760761114853,Logistics Depot South,South Sector,South Sector
17.14735898551216,42.58881994818228,821.5246864982968,52.89098800414173,59.37255859289254,46.5467912863937,120.28240977168281,17.360267526255555,42.966219473206706,EST-01,21.633414702120135,Substation East,East Sector,East Sector
17.075582490237114,42.59819073146525,515.407699286279,37.87703137403706,53.812853725092346,22.816684778460232,62.108192798004154,17.196660986864554,42.771552127856694,STH-01,18.21902656121817,Power Plant South Bravo,South Sector,South Sector
17.18229642484255,42.816427007911685,559.5470579748926,51.06470985847453,55.49090769638121,25.983202354452203,84.22352077639653,17.31458002167225,43.0181210149799,EST-01,15.148943928096044,Substation East,East Sector,East Sector
17.151369423992577,42.788446493725644,423.4002339981474,54.49791140673487,12.80098879872596,15.45087929870706,68.08213561541072,17.286866166047474,42.82069008798601,STH-02,19.68814314616611,Logistics Depot South,South Sector,South Sector
17.05009132749847,42.48103048280787,632.0389245707336,52.9514992674886,32.53917593335809,31.171027176556734,96.25923503941998,17.28635281568923,42.63894420175711,WST-01,10.616606473589549,Substation West,West Sector,West Sector
17.21950996420846,42.66462512780524,721.2330374571497,53.12539753764101,14.089860983697038,38.26739669033666,108.16928613216523,17.553283708329516,42.75249640182312,NTH-01,4.16247256031217,Power Plant North Alpha,North Sector,North Sector
17.178759644121197,42.93562364722636,828.6991923755637,56.65521171786496,53.965482454659075,44.81052799694986,126.5952478194763,17.415539558379628,43.27716246875627,EST-02,2.4732244277079007,Water Treatment East,East Sector,East Sector
17.03116048227305,42.42178340566269,330.9645989833576,32.52535627441468,11.46923958445479,9.577615601247473,35.76215237981878,17.11557319669879,42.43970397767339,WST-02,13.87881692255944,Fuel Storage West,West Sector,West Sector
17.059257605331617,42.91309836789053,883.999145819627,50.91574714122309,9.237534744551986,52.680870303170686,124.46040493767141,17.526867562214765,42.99285332026068,NTH-02,12.904684359283547,Desalination Plant North,North Sector,North Sector
17.044331994061277,42.49790689423848,722.290645212214,59.06034603349383,0.7297579028411261,35.100912683670884,115.7912764098711,17.359976002011635,42.50211922386825,WST-01,6.0775715417590686,Substation West,West Sector,West Sector
16.9972834945875,42.70434917947703,470.57921064691044,47.20951949623614,10.9168716051973,19.743537551015503,67.8903705429488,17.171624856156196,42.73954466015857,STH-01,13.938927726718239,Power Plant South Bravo,South Sector,South Sector
16.994335011762658,42.6546018573538,422.6848530083796,36.519489359531775,11.38577081127197,15.839588145215062,49.99934619904175,17.13397818091454,42.68402920022652,STH-01,6.9792781688301835,Power Plant South Bravo,South Sector,South Sector
17.230838239012723,42.40607760240487,477.6527511927587,59.962614173226385,4.6494112515367,17.508891440216964,80.90714217847464,17.387780672718876,42.41945231152647,WST-01,15.27232114865473,Substation West,West Sector,West Sector
17.081371211159624,42.94923816225378,825.4354509998655,35.240318784644366,52.06446620478953,48.30731905157523,89.09870008642773,17.34813545274901,43.30820865102464,EST-02,8.038320055968722,Water Treatment East,East Sector,East Sector
17.06499594683322,42.67295513640058,474.83410391757025,40.06673092124578,46.79986852176744,19.999847070814262,60.24708989987218,17.188074547244888,42.81019832344373,STH-02,15.176663116476025,Logistics Depot South,South Sector,South Sector
17.168905712603213,42.97256096605637,577.6926807343414,35.16186565251503,15.268889840835406,27.163003871411814,64.8502969885099,17.404553881171477,43.0399790174647,EST-01,17.246069636352374,Substation East,East Sector,East Sector
17.11589791957587,42.57204634058753,723.4428325453396,43.93538606250205,46.99546219867216,40.64918196232309,94.70975112834664,17.36504153223453,42.852150584792525,STH-02,25.05553285295872,Logistics Depot South,South Sector,South Sector
17.230841996051538,42.91976546404958,823.1939182343314,42.56628028832875,25.329872807807895,49.442967234057775,103.1832564325506,17.632644879390647,43.119376550984384,NTH-02,10.562522109410885,Desalination Plant North,North Sector,North Sector
17.184090448172817,42.95343374439738,695.1426974076625,44.737226895317185,46.53121856089107,38.15233362650871,92.74744711398398,17.419969019376026,43.21441587800882,EST-02,9.080067285717917,Water Treatment East,East Sector,East Sector
17.093810869237362,42.734099449822466,751.8655179206536,57.839502001662886,19.38045911011041,38.120263696643036,118.28500176922073,17.417173380864128,42.85332767364889,NTH-01,19.704860797663397,Power Plant North Alpha,North Sector,North Sector
17.062907842044247,42.52160667272063,403.99607777757336,44.34973157502675,33.87925358927263,15.104678561869358,56.085393781858286,17.175668280166057,42.60086416310037,STH-01,6.5154109445959145,Power Plant South Bravo,South Sector,South Sector
17.245989463477297,42.81114845926343,826.4446966146833,45.43878978640932,22.89663251725011,49.493143015613285,108.69521503241837,17.655938978194794,42.99288334502353,NTH-02,3.375976479753132,Desalination Plant North,North Sector,North Sector
17.165328070801092,42.72938683991767,465.43151017086643,56.60046317755405,11.26054902140815,17.754195772380463,76.23020562407378,17.32191884224935,42.76204634622627,WST-03,21.51589573607893,Radar Station West,West Sector,West Sector
17.235358398001154,42.96671779951158,377.0268984339094,54.532739820444974,35.137973040120045,12.516774498284118,61.03799805944428,17.32739985260574,43.03458468276074,EST-01,13.657848819299444,Substation East,East Sector,East Sector
16.985543573165113,42.663563237086294,885.7465742044016,37.19166093676333,45.04984799867106,54.28717473771386,98.72318130127998,17.330142755791947,43.02551314065056,EST-01,14.66475363243738,Substation East,East Sector,East Sector
17.205160103757233,42.561108188583894,420.9839552724966,30.387778656865507,45.186427475648934,14.498166451800927,42.4735006839702,17.297032552747194,42.657984872941825,WST-01,12.035213452358072,Substation West,West Sector,West Sector
17.141122165197363,42.48297220089646,381.99118204678587,48.88498776606153,21.377365099154613,13.47084814500089,57.237882017703654,17.253928119103055,42.52921180206897,WST-02,8.553301145934656,Fuel Storage West,West Sector,West Sector
16.986576503500533,42.81918014121201,675.612540061072,55.3454947151256,31.12270610434968,33.643438517724505,105.0386003082053,17.24552307336602,42.982927359101836,STH-02,10.132532548891346,Logistics Depot South,South Sector,South Sector
17.126477399990765,42.98446577138835,491.31788969765717,46.585503378312,45.82671591510518,21.337412251188844,69.9648692124408,17.260142328613274,43.12858737941019,EST-01,5.546752459444865,Substation East,East Sector,East Sector
17.155828909531635,42.41700626234284,380.009523108296,36.335307600385356,3.2698556713554505,13.003391789032205,44.97280472225272,17.272580553622877,42.42399150818858,WST-02,4.5554818709478315,Fuel Storage West,West Sector,West Sector
16.95369080576658,42.844267212866875,660.6726703295255,52.240652720259206,4.313299998051619,33.70254733810669,99.16132181015564,17.255924832251356,42.86813726635421,STH-02,13.761509074690721,Logistics Depot South,South Sector,South Sector
17.086295388552525,42.9561582175358,755.3911363333414,50.0861784783381,22.57336439832464,42.24717849626355,108.08442302356396,17.437067845291352,43.10902728399026,NTH-03,12.784467103239002,Comms Relay North,North Sector,North Sector
17.197619853358898,42.44486892053641,775.919024524294,46.950976122256584,13.408296061738007,44.83580270058091,105.60041572589351,17.589822742363154,42.54295591870698,WST-03,16.586904496841562,Radar Station West,West Sector,West Sector
17.038607707603227,42.46610202706368,393.3075606073634,55.900085220629514,22.478761173013222,13.277094772099185,64.58173227246075,17.148933606988052,42.51387897965526,STH-01,11.72638029720629,Power Plant South Bravo,South Sector,South Sector
17.087564424539565,42.81517425906983,634.1202407639653,53.52727058817098,5.625184791577413,31.1356658702957,97.23929118627622,17.366223363297845,42.843931631856435,NTH-01,24.719147035711327,Power Plant North Alpha,North Sector,North Sector
17.082694238120368,42.788778025537475,788.2070224088764,50.03856274268341,35.52048184051725,45.02536848984886,111.94255242640138,17.412114076866647,43.03533202624067,EST-01,18.1791544776537,Substation East,East Sector,East Sector
17.040578217432746,42.44129644918974,396.6522068545112,49.94276007069655,40.30443035966127,14.337963211134193,60.2524039875774,17.138894791067344,42.52857979569376,STH-01,9.939154743730889,Power Plant South Bravo,North Sector,South Sector
17.225532568654668,42.900653651290696,424.6093510624049,49.86607902894825,47.51043047363437,16.22368870724897,64.18478615827443,17.324052186069625,43.01335507622014,EST-01,15.79556290332032,Substation East,East Sector,East Sector
17.184388210629454,42.714054308706935,301.4468384590066,45.75494234749692,39.03137628451962,8.756732068493445,43.37035225920361,17.245555493930826,42.76598197964472,STH-01,20.866504662733085,Power Plant South Bravo,South Sector,South Sector
16.983176523298834,42.94431842400197,614.7804938371728,43.91764933931541,23.78288370036455,31.347556724730353,82.06180995199847,17.24111665178036,43.06335525402642,EST-01,12.172792298978464,Substation East,East Sector,East Sector
17.249110397351274,42.92679452859562,416.8090181171706,51.28801378496159,56.09569348907146,15.526499499821648,64.34921936525798,17.326962255511784,43.04819478035154,EST-01,12.241697298875275,Substation East,East Sector,East Sector
17.213760007292322,42.8875046614301,734.5455454361395,48.314834444106936,43.57992096167943,40.98662886691396,102.90184131025431,17.48060391981211,43.15390762338768,NTH-03,6.150190664497246,Comms Relay North,North Sector,North Sector
17.035172531359212,42.709539337746655,877.3283133705635,44.69941686901629,31.660874749606535,54.04456228492364,112.80267444231797,17.44869397134388,42.976956710233026,NTH-02,21.756295727439056,Desalination Plant North,North Sector,North Sector
17.20106897389828,42.55102638504966,425.25329339944216,33.79984061733125,12.411024500135532,15.548955084037358,47.07359048575115,17.33763363483049,42.582510609117776,WST-01,3.5537057800251124,Substation West,West Sector,West Sector
16.981925859561414,42.70358530234668,689.4582070581196,51.057863659594965,38.93849920417294,36.43941511134353,101.30352312272156,17.236709564393784,42.919228754353185,STH-02,9.134555487093357,Logistics Depot South,South Sector,South Sector
17.24973141914227,42.46048682668107,427.10067687510684,49.37995711733896,35.503231505157366,16.44536095361084,64.08411176227872,17.370111346619296,42.55048158376303,WST-01,4.46047727242758,Substation West,West Sector,West Sector
17.14970542083196,42.795307689084055,310.8041153878224,40.26745277920511,40.99979993625279,9.185043326748739,40.356567269243804,17.21203893852342,42.85204059734315,STH-02,11.906863373516462,Logistics Depot South,South Sector,South Sector
17.145037504667638,42.4803863315374,755.1325165287509,40.6896949864523,46.867485918498076,43.349209465840794,92.63885284149737,17.411352774601912,42.778548173303534,WST-03,17.668194505882244,Radar Station West,West Sector,West Sector
16.97713221809524,42.70670377750044,560.4028059905356,37.40167152405757,54.902977138693444,26.280762462724628,66.39833423763885,17.11292369918143,42.90903690722973,STH-02,6.807895469438974,Logistics Depot South,South Sector,South Sector
17.21911001966899,42.43262918450009,868.0721169087918,58.85745769095057,56.94339548148875,46.05973833200171,134.50895397204934,17.444728243306955,42.7965409738365,NTH-01,15.143478966073875,Power Plant North Alpha,North Sector,North Sector
16.95869985096134,42.579707494164786,620.5715292860434,55.80604088606168,37.811130127535776,29.200386111455238,98.04076501383945,17.166097929889098,42.748206011341836,STH-01,14.554977395885103,Power Plant South Bravo,South Sector,South Sector
17.022248417412342,42.53924827640187,394.4897213854104,46.8314708823665,57.9573621452006,14.408801951222282,57.16486081498109,17.090965510419174,42.654162998714355,STH-01,4.858526759213196,Power Plant South Bravo,South Sector,South Sector
16.99290656254999,42.772018925627,569.8646650783667,42.049594396755424,54.68534394003405,27.59759349391045,74.09618621033731,17.136267542892202,42.98394812149411,STH-02,4.469318740708879,Logistics Depot South,South Sector,South Sector
17.183030382207665,42.872072027213505,421.7350768836099,52.1047579108927,0.1568614209132635,15.744323518081709,65.78805635555219,17.324621758695418,42.87247809127439,STH-02,20.071236177687346,Logistics Depot South,South Sector,South Sector
17.009461268163868,42.434381772724315,826.8175636119447,45.83184528377991,38.25704797476047,49.4605115312655,109.4235962209065,17.358538765773535,42.72294347632101,WST-03,15.702968338050923,Radar Station West,West Sector,West Sector
17.223191468139266,42.91017021109323,714.5419085325149,59.27553101745342,10.708164590043815,34.387608782276715,114.98301323954364,17.527051977805087,42.970429055329305,NTH-02,13.614146142282348,Desalination Plant North,North Sector,North Sector
17.146880711798246,42.91646061697276,504.74328279282213,31.653678417664636,17.711559267509905,20.55911735308128,52.2910315459063,17.323000612000516,42.97538204107923,STH-02,18.324209691127358,Logistics Depot South,South Sector,South Sector
16.96084881314841,42.605361444572814,616.6921936842842,31.028572021604255,17.850011984135328,28.850796151018073,61.86977774295946,17.20780307503159,42.68861963766096,STH-01,12.184854084718053,Power Plant South Bravo,South Sector,South Sector
16.95162895023861,42.79540243958219,701.6881129278171,47.0583305392012,28.987778378226444,38.43951060144857,97.07077135642088,17.2539405722469,42.9708273317475,STH-02,10.677419205839234,Logistics Depot South,South Sector,South Sector
16.96549737510432,42.64156781902207,769.7146299872552,36.0983766806672,0.6519706796019853,43.70091918168136,85.58778333253328,17.358483142932208,42.646253162068774,WST-01,10.695904270008498,Substation West,West Sector,West Sector
17.131777553294317,42.49251452931378,348.088325922325,48.12912490650577,14.147784481479391,11.390574049525926,51.77362507237682,17.23110652455579,42.51872932188644,WST-02,7.365865121686179,Fuel Storage West,West Sector,West Sector
17.190444543257826,42.717197451137864,313.5113051971481,53.442690856415325,1.7472574175901978,9.001228011626521,50.451787211250114,17.271356765747136,42.719782214852216,WST-01,19.16807594078386,Substation West,South Sector,West Sector
17.021565846188217,42.451815804700956,368.6716183019339,34.143292835546184,39.033513943154276,11.99623820531185,41.41431736547766,17.105355852109582,42.52290331773918,STH-01,10.446374884201699,Power Plant South Bravo,South Sector,South Sector
17.20482265287692,42.927083293237594,536.9977861035378,43.21824672568584,53.35725472156999,24.98111695892945,71.70588793734359,17.338817126684507,43.11592552701336,EST-01,6.365537668315025,Substation East,East Sector,East Sector
16.967169582045976,42.95457385564576,580.0239660492553,50.66001250348066,59.86731958991592,27.679242214696067,86.51176492790353,17.092007208378348,43.17980805111506,STH-03,10.692033496116531,Comms Relay South,South Sector,South Sector
17.190289156092504,42.89296788220684,381.876978128309,55.01590712018914,26.91341350692585,12.734629068079638,62.14740624707119,17.29240296233217,42.94726093433519,STH-02,14.725431822425316,Logistics Depot South,South Sector,South Sector
17.228338629051684,42.73751687245359,546.6918827397632,44.89032270109072,15.608466617649166,25.739206243862903,75.0497273856595,17.451269745056745,42.802803659878464,NTH-01,14.516977730092304,Power Plant North Alpha,South Sector,North Sector
17.181632519731313,42.734559154675274,564.9736718170983,36.184607607180645,51.18621580384154,26.395202826564,65.08413522531673,17.330325983737616,42.92831637958068,STH-02,19.07888416662152,Logistics Depot South,South Sector,South Sector
17.159436235193592,42.990764425960556,365.453978206492,47.57397766756899,6.7895110524283675,12.492618039057692,53.77862235484827,17.27099653418856,43.00467367278998,STH-02,13.640149930255241,Logistics Depot South,South Sector,South Sector
17.201394065596613,42.548741013898706,849.9959761174405,43.635512061749985,58.45433886336845,51.76224807468887,107.9640989287127,17.44451009584144,42.964582870324875,NTH-02,22.517582942302575,Desalination Plant North,North Sector,North Sector
16.96204538986412,42.44556901954312,659.4875565526245,53.15776281013457,42.89024728309214,33.28309671107808,100.1734598877056,17.181234976543404,42.658801194234115,STH-01,7.959842449991316,Power Plant South Bravo,South Sector,South Sector
17.010534633215716,42.73716455416071,533.1213182737692,46.66728192608844,30.23607992204485,24.56023554592797,75.52378780048096,17.20132831947797,42.85359702362598,STH-02,11.225019394342748,Logistics Depot South,South Sector,South Sector
16.987477103791694,42.59727135868606,604.144310083324,38.382685349112926,5.799032239454,30.030644777477626,72.62665939614772,17.25616469473473,42.62584533781819,WST-01,11.499880736465885,Substation West,West Sector,West Sector
17.101359297057897,42.59340326368483,488.51849188128404,52.63178759163564,1.0917561425862843,20.31136181156137,75.9738033136056,17.283990317171682,42.59704826011591,WST-01,7.1498772117599065,Substation West,West Sector,West Sector
17.173556438498654,42.40425121250197,812.5986189867558,45.53241038885879,32.67193184891635,48.27151365341794,107.34071338815937,17.53883477495194,42.65002262219923,WST-03,9.326331372698592,Radar Station West,West Sector,West Sector
17.13900355337292,42.75774364572876,645.0090249411022,35.32639656834982,24.831030446401282,32.73471360474172,71.95083657534326,17.406135802379982,42.887303147759326,NTH-01,22.433417796955517,Power Plant North Alpha,North Sector,North Sector
17.20533932992858,42.55842022136537,596.9374886361261,46.892169694259835,50.5598696617222,29.672900385228797,83.96461708744562,17.374749127960854,42.77436162881804,WST-03,18.922876438961687,Radar Station West,West Sector,West Sector
16.996563897732326,42.51271512891561,846.5312418573586,58.44960179537618,38.53832878160621,44.80189735011325,131.26900330943226,17.31154932966875,42.77565475127881,WST-03,23.351703738636676,Radar Station West,West Sector,West Sector
17.170386327580548,42.4242591588358,802.7878189404406,51.165487828132086,25.913780789741704,45.8110555990379,115.41544867905976,17.540861984594972,42.61308416560473,WST-03,9.021316708947907,Radar Station West,West Sector,West Sector
17.007912447260672,42.618616945885364,787.6811348555096,38.96410084373937,13.560423606071632,45.990076401813525,92.82523392268473,17.409955423174782,42.72024870841665,WST-03,12.002915371775394,Radar Station West,West Sector,West Sector
17.03122762539534,42.927381323431874,435.3655225391065,51.326195258785745,28.82533252872037,16.782008936470856,67.07360306251616,17.16343699559822,43.003539493111134,STH-02,5.701084777796212,Logistics Depot South,South Sector,South Sector
17.16297140918439,42.602002484558426,391.87386688101407,38.47818933006537,9.779656727169394,14.007912929505785,48.59785139977413,17.287115535542736,42.62441304229117,WST-01,9.227338988017905,Substation West,West Sector,West Sector
17.244061435469604,42.807444526071755,714.0579118276486,46.28066512623786,40.02075974839112,39.618629020033666,97.35213842317555,17.51677570495357,43.04770808910075,NTH-02,14.013200519883766,Desalination Plant North,North Sector,North Sector
17.13346308179312,42.853928178041144,581.1853538048375,45.797872913626584,36.3437443479456,28.482370273846804,80.54200522708344,17.339721662759846,43.01295536593807,EST-01,16.222135529910794,Substation East,East Sector,East Sector
16.96635009449739,42.59686048551412,710.2276277741062,37.42172636735411,48.60428208757217,38.86866584359542,82.17577506900437,17.19731049001631,42.87135329062767,STH-02,9.328342885448137,Logistics Depot South,South Sector,South Sector
17.13489269097826,42.89298444100722,756.3763392666699,40.43643599639454,26.971756334536575,43.433310831218364,92.31810239292614,17.482926160858355,43.07872246507918,NTH-03,11.94761485227219,Comms Relay North,North Sector,North Sector
16.96270516547405,42.815127795800166,477.1881044068506,58.26544364358137,16.71891198165174,18.04711892435149,79.44220436144974,17.11813988461773,42.86398232999511,STH-02,10.256955522135115,Logistics Depot South,South Sector,South Sector
17.215243713410047,42.73554533722057,470.7902598736852,37.51795609246301,50.18372155414533,19.397414449584744,56.62557258492314,17.326896981774645,42.875906092222294,STH-02,20.15733886268304,Logistics Depot South,South Sector,South Sector
17.162873485530184,42.400595478430375,594.4989397549102,54.03081130892957,41.45982488759308,27.874434464275097,92.41330816093848,17.350663896454805,42.57448167964344,WST-01,3.468694101996416,Substation West,West Sector,West Sector
17.00193835392675,42.42105445955368,464.1295881158984,50.021117400364204,42.402549843561005,18.986480592161605,69.91588118257502,17.1279884674831,42.54154027107654,STH-01,8.38476882163189,Power Plant South Bravo,South Sector,South Sector
16.977516301747258,42.99451950646364,700.3771656097197,45.978873975772935,31.685074284380732,38.48343629934269,95.27714129945623,17.27193168064492,43.18488652085455,EST-01,4.089328605063006,Substation East,East Sector,East Sector
17.005059968664096,42.86937035410214,748.0382675284301,34.125446083954905,52.55871689321238,41.10771651837532,79.71526777264674,17.229581132651155,43.176685655062556,EST-01,8.028180519742696,Substation East,East Sector,East Sector
17.244008153866258,42.96253915526377,583.2233676319466,36.137122581191335,13.667010448292151,27.853700893399978,66.9324517970298,17.487399957097352,43.02459333337049,NTH-02,16.9753595716792,Desalination Plant North,North Sector,North Sector
17.087568192737546,42.94138192295082,734.2798593591859,35.369328707712114,24.101521521175236,40.37191180059415,80.79300814866171,17.418930093921894,43.096769449654175,EST-01,14.829667582027573,Substation East,East Sector,East Sector
17.18522428450242,42.41226578988565,606.2625414424657,47.60382776921257,47.77395429988942,30.349392921183828,86.08407454920456,17.368543699576104,42.624031646945355,WST-01,8.95030927781616,Substation West,West Sector,West Sector
17.140922502632332,42.875108373874646,727.7230331802054,59.20149590155434,7.977654118120869,35.40702681246636,116.6940759301748,17.456258200859374,42.92143452285063,NTH-01,20.353043336626452,Power Plant North Alpha,North Sector,North Sector
17.12172394498759,42.67068744640669,434.9809486774352,56.31717788324984,48.48656958097288,15.819070436004179,71.34443251748495,17.215985400578877,42.782211579480986,STH-02,18.87988380224619,Logistics Depot South,South Sector,South Sector
16.993539076399514,42.873734922400395,743.3058275598252,30.757556487887317,21.155713243850414,39.10047911025515,72.61689008046064,17.321434980044373,43.00667064814354,EST-01,16.45079519059952,Substation East,East Sector,East Sector
17.23380733606743,42.40402947049803,729.0744140742106,38.211798733870395,7.530221941822017,40.68614142142571,85.50676619561769,17.596544255430537,42.45433365354279,WST-03,23.218258389875196,Radar Station West,West Sector,West Sector
17.040402789754413,42.57291958072034,459.9634242295066,34.717723768110666,4.748969132113743,18.12424014923305,51.89138143352473,17.202837720150978,42.587045922490006,STH-01,9.854111997843741,Power Plant South Bravo,South Sector,South Sector
17.123405164742262,42.85079426547478,633.582594624105,59.27033525693705,50.58172312522405,28.493995257970035,103.63487622610425,17.286013696957337,43.05812115862773,EST-01,10.927582301143536,Substation East,East Sector,East Sector
17.15993278337672,42.875812473160956,813.1870007246409,37.06830703793445,46.71693273753814,47.81958991343585,91.6538128011823,17.454511358713493,43.20398877311277,NTH-03,8.771033258400529,Comms Relay North,West Sector,North Sector
17.144769946573593,42.77182876072877,449.7135881834634,36.03939555116382,17.282480723370984,17.6434918976779,52.436404228836125,17.296271706134952,42.821199857774445,STH-02,20.413975631063824,Logistics Depot South,South Sector,South Sector
17.232178322908656,42.580753713667754,741.5878704088059,48.62625880746778,6.9817313542486925,41.508518960302034,104.2179366297099,17.602699269165505,42.62835739667116,WST-03,15.892181118085835,Radar Station West,West Sector,West Sector
16.99453169697602,42.586217554772716,872.3800302881323,46.68559750724359,14.834065562263083,53.230541744996586,115.89284208914353,17.45724941651008,42.71469411507951,WST-03,10.049120676706876,Radar Station West,West Sector,West Sector
17.10250582153408,42.98005837818522,819.7451518545389,36.77554451343705,12.779258141620545,48.31675334293227,91.69332209169112,17.526239822702486,43.08085076093937,NTH-03,10.521323895597346,Comms Relay North,North Sector,North Sector
17.071210317222228,42.66352730754052,540.9120496081657,50.11094593611726,43.9833391015319,24.724704975405793,80.60012971660571,17.231139381657222,42.825197027588956,STH-02,15.437815748332934,Logistics Depot South,South Sector,South Sector
17.092250618844783,42.6682753301463,664.3246397928831,32.91021633884068,12.933785061415051,33.50823860046651,69.60870173479051,17.385939392739342,42.73895284901164,WST-03,15.06935899432541,Radar Station West,West Sector,West Sector
16.985765257859324,42.73139965014442,895.0620805516223,30.581071980926765,12.965911306057507,51.9677086292395,84.82920753890866,17.441175966382083,42.84131312093098,NTH-01,16.749936003714684,Power Plant North Alpha,North Sector,North Sector
16.990228382961828,42.64570140211863,641.0624468254312,32.4724437211904,1.9360879499313244,31.41505958057523,66.64464322949647,17.27258888445097,42.6556970538461,WST-01,12.910036231864792,Substation West,West Sector,West Sector
17.033422663734378,42.73160293875845,369.01656145821994,40.946046779273175,35.811581298571085,12.707002432678328,48.28155937392086,17.12608283402798,42.80157110848586,STH-02,16.21596012017675,Logistics Depot South,South Sector,South Sector
17.04141138112825,42.65940125366053,327.25845286725655,59.250489836244526,41.33877289536644,8.951863239811418,56.21752191067447,17.101849053101578,42.71503618906024,STH-01,10.299493214631966,Power Plant South Bravo,East Sector,South Sector
17.078370964104405,42.89602895176131,774.188705846417,46.41740996428092,39.20942813688504,44.78741525477949,104.5302103321602,17.390287888125428,43.16284528533845,EST-01,10.044110002009809,Substation East,East Sector,East Sector
17.13329626411099,42.94543061187897,554.1769952411076,52.64178309046402,34.11594936936471,25.19367696456159,85.26216074549457,17.320832431963925,43.078543983876784,EST-01,8.952160512175327,Substation East,West Sector,East Sector
17.14038873522548,42.95926615588922,448.08773437751665,39.64487256694678,57.96449693045011,17.99865502899034,56.5660977145735,17.22619868070179,43.10292691217683,EST-01,10.201571055630907,Substation East,East Sector,East Sector
17.07354326897567,42.738577723497635,508.6032183965682,51.580171964499876,28.36431073062529,21.995174692113814,77.75268934178284,17.247578788760563,42.83697573392192,STH-02,15.458518206504374,Logistics Depot South,South Sector,South Sector
17.07263493282861,42.6652891344787,754.4237199278714,58.98543594367072,51.608190487274086,37.530754219697506,120.03000275648223,17.28205946297374,42.9423399346972,STH-02,13.59677419613521,Logistics Depot South,South Sector,South Sector
17.01528855800909,42.8231440352751,579.1484013802974,40.7328267084616,38.760594622640326,28.26841690171298,73.32350402616106,17.21345621649417,42.989768215526624,STH-02,7.29239034585215,Logistics Depot South,South Sector,South Sector
17.126491874522703,42.902994154777545,821.0996955155259,59.971783042050745,5.04971644127016,41.6631925698294,130.0019168849772,17.499720229694212,42.93757421201599,NTH-02,17.87902068483398,Desalination Plant North,North Sector,North Sector
17.04511227339517,42.737789345239825,740.9553532666196,49.152298530949984,48.60530765856535,41.31397954098843,104.93850630269044,17.29058449616691,43.02970308098941,EST-01,13.872849848841494,Substation East,East Sector,East Sector
16.960817950283207,42.81998861309336,884.408490267255,52.45774237394171,35.06331250138909,51.91164488988265,127.0196695163378,17.34275135583637,43.100957674898154,EST-01,7.866344639695302,Substation East,East Sector,East Sector
17.075520013247058,42.84983761043275,833.102260073906,37.5650171654445,39.211539559526074,49.715441585653764,94.5499293328022,17.421725654942,43.14607615742989,NTH-03,12.565721074370211,Comms Relay North,West Sector,North Sector
17.09223980252705,42.80583626603037,452.72832707160546,49.29272307531725,10.813646137431114,18.255688084077306,67.5956542837482,17.25349900736877,42.8380897043578,STH-02,15.792054181073873,Logistics Depot South,South Sector,South Sector
17.017677860461262,42.847680133437585,695.435539681532,45.330187543871624,26.249405648541444,38.129066515911866,93.70002546370999,17.32515740866736,43.006545826813976,EST-01,16.528740710245497,Substation East,East Sector,East Sector
17.121737379936633,42.5251871995336,312.3258207168863,58.69207936432308,52.83494846245705,8.287622433389835,53.43440538655724,17.1667538139127,42.58735128064143,STH-01,6.2499578994026965,Power Plant South Bravo,South Sector,South Sector
17.119731570129577,42.699024728213075,894.664034657759,57.140251433685464,12.925871585178918,49.4952532732294,135.36547609328304,17.553546296309175,42.803455759411236,NTH-01,3.851676079455321,Power Plant North Alpha,North Sector,North Sector
17.160600654333113,42.752961132763055,456.60366528155794,41.90017796775231,0.007494392231619518,18.775693182788885,60.202513614824575,17.329454285110586,42.752984269312265,WST-03,20.24436056140998,Radar Station West,West Sector,West Sector
17.14438454466036,42.40148675851421,698.8770561741504,58.406092546147,15.450522727048504,33.77950500503826,111.83560646623684,17.43717419207948,42.48631504649927,WST-01,13.700052020008874,Substation West,West Sector,West Sector
17.14572991695631,42.91357750528821,809.4921727197392,56.54437658250029,29.25254695058472,43.40158000040957,124.0348890356376,17.48617466861662,43.113550695205504,NTH-03,8.567466518390155,Comms Relay North,West Sector,North Sector
17.044864245547213,42.766014705066944,396.2787976367829,47.711515511074175,49.27668259811528,14.48376981809169,58.21681984622301,17.12981769849518,42.869313612253336,STH-02,9.206734170133167,Logistics Depot South,South Sector,South Sector
17.186229666595786,42.47748179901892,808.7276056862875,32.463537263686206,38.59745403440105,45.6092920553902,81.80998282637998,17.506622041918135,42.745792856874914,NTH-01,8.928997903445177,Power Plant North Alpha,North Sector,North Sector
17.114743315079902,42.889814243545494,307.34739947449344,34.82370721978613,55.14380813743055,8.58547880549274,35.31883507928448,17.158860017567054,42.956124133657,STH-02,0.6628943066511331,Logistics Depot South,South Sector,South Sector
17.079425458553967,42.83023417986433,565.1862828512444,32.30622734021401,27.33386589767361,25.30533545639233,59.134694056979356,17.281562292636686,42.93967151913887,STH-02,13.561569323081486,Logistics Depot South,South Sector,South Sector
17.137803744282316,42.854979726078184,583.222573518683,33.23979343947183,23.448913377422237,27.033236587893832,62.375795331665614,17.360816198376064,42.9563402136406,STH-02,22.339920374622032,Logistics Depot South,South Sector,South Sector
17.058197200335076,42.63522547711711,524.4544279552415,59.30857123179233,13.885092995742795,20.833537816176477,87.56508381880295,17.240077148156548,42.682302371187575,STH-01,14.902402005561417,Power Plant South Bravo,South Sector,South Sector
17.103821773382027,42.91252150401699,651.8308477802998,36.36501897648457,13.083749072346249,33.597325943002765,74.39818017954636,17.398113027407657,42.98419911894234,EST-01,21.614216026073297,Substation East,East Sector,East Sector
17.171011706544665,42.64841654927942,848.9054092215792,50.725637470219894,44.16659382048363,49.84670534384828,120.13479138959613,17.49230656978526,42.97589749638212,NTH-02,17.075311174159523,Desalination Plant North,North Sector,North Sector
17.21592086601711,42.742305491767354,496.19346858017343,49.09584773048309,4.821547382718547,21.465765757037246,73.38893115422589,17.40828302539842,42.75931035009967,WST-03,15.858421944908683,Radar Station West,West Sector,West Sector
17.226317159188557,42.40038538221992,647.5559322998545,48.93434594559011,14.562815089980518,33.52908764104816,93.09577866173423,17.518147895585837,42.47989043710368,WST-03,16.205105014953826,Radar Station West,East Sector,West Sector
17.10108987755493,42.78692386880672,826.4775154459937,36.201119987880894,53.15371557240778,48.73519209229798,91.16492464647716,17.363584263722764,43.154405679687216,EST-01,7.0951502106213,Substation East,East Sector,East Sector
17.10608253442217,42.830905475276765,763.7972370608269,47.38039783153829,34.61524908597917,43.701849046849794,104.89351089326216,17.429396953400488,43.06490798573111,NTH-03,16.55726464677559,Comms Relay North,East Sector,North Sector
17.18996112322915,42.740265619293275,324.4399588832976,48.76615048754854,2.7952565440999355,9.959727169948309,48.85785082632786,17.27942435404748,42.74484013703227,WST-01,21.435483563642247,Substation West,East Sector,West Sector
17.04433520752326,42.69793529022617,865.6744584765974,47.11215949935333,42.255302899787125,52.54378986216488,115.92024962381173,17.39381382817385,43.03091011363915,EST-01,17.220462504502066,Substation East,East Sector,East Sector
17.20121470870352,42.88596188422702,327.98814255516766,35.58487401827036,30.40094206518698,9.796369127406177,38.32861470102661,17.277196690667836,42.93265176169518,STH-02,13.161314478300364,Logistics Depot South,South Sector,South Sector
17.098242493955226,42.808823630299145,653.2550846245978,51.69181791224127,51.271303649880934,33.280563246430475,97.48350475473576,17.28534687767825,43.053355298831434,EST-01,11.43899001503433,Substation East,East Sector,East Sector
16.98475701730058,42.566844423832016,645.2121721890989,32.19729485749533,40.946032352475775,31.642533501947128,66.54878259745574,17.199605587564292,42.76206507412064,STH-01,17.497845063247453,Power Plant South Bravo,East Sector,South Sector
16.971617744121883,42.97544400284799,771.8341384213896,47.736000354588654,0.2667952786673178,44.31192180017736,106.39501789961656,17.370119550855218,42.97738827372052,EST-01,20.8926205335572,Substation East,East Sector,East Sector
17.202597963311838,42.82436031651721,389.0658311093866,43.0877799720394,12.344345230495238,14.089387044591753,52.901905293895354,17.326375246886144,42.85273651816624,STH-02,21.188320216621506,Logistics Depot South,South Sector,South Sector
16.966670375072063,42.99276335734746,407.62223523762225,37.50859779399221,15.4778220338967,14.95005974454039,49.39834141931228,17.09623991964841,43.030301827214316,STH-03,5.582373488932797,Comms Relay South,South Sector,South Sector
17.034183430840095,42.98275678976132,751.2641596430162,54.221669670784166,42.133937349699,40.176775209510154,113.49079437336303,17.301970948662344,43.23663994854462,EST-01,8.139364859011204,Substation East,East Sector,East Sector
17.050239012150463,42.951345833686055,389.70285144697505,35.27677700016552,30.558850660205653,13.47644718440826,44.92702867785896,17.154591969711436,43.01583378113071,STH-02,7.020426135516677,Logistics Depot South,South Sector,South Sector
17.001898333557477,42.853222924735185,581.6670762393837,57.98945279693853,44.84684982546979,25.38243610155705,94.82371114468637,17.163670635689368,43.02170478714618,STH-02,7.629138831874313,Logistics Depot South,South Sector,South Sector
17.044168010940595,42.76565762109818,738.9888541265591,56.53695084963561,30.772031927007752,37.94404449854792,114.95061832180892,17.337281341734062,42.94855195606965,STH-02,19.713412781828037,Logistics Depot South,South Sector,South Sector
17.172807770017524,42.503302398209755,690.7451572696086,40.81762641486249,19.643076641796057,37.72922897626079,85.95732306831601,17.4923330962914,42.622893265263315,WST-03,3.6083534397208092,Radar Station West,West Sector,West Sector
16.95440485306802,42.72601085045425,426.3625116678571,39.154587925757795,6.219638802521361,16.411267625821445,53.42363161083702,17.10112531154223,42.7427403947197,STH-01,13.211811331641217,Power Plant South Bravo,South Sector,South Sector
17.198152027356205,42.859225913436596,482.37615521165134,34.12460050256706,12.157325920124176,19.603141691655292,53.476434540084746,17.370489568075016,42.89812714296818,STH-02,24.04479450033217,Logistics Depot South,South Sector,South Sector
17.206964407072366,42.71251429522334,881.3849419446245,57.48983447801868,24.046804820740903,48.20400751891604,134.25729182417822,17.60276477654252,42.897837718847654,NTH-01,12.744153440218803,Power Plant North Alpha,North Sector,North Sector
17.061678471957464,42.920943477043394,569.2023720929303,48.825955764698165,33.08725849090672,27.165930211633597,82.85612356357376,17.266322263604525,43.060609145596004,EST-01,11.197516736412053,Substation East,East Sector,East Sector
16.99608386971819,42.46579353951502,326.6744858618283,30.953507464302096,56.31824419143736,9.107933443004946,33.79738378848463,17.041496792891003,42.53708307526722,STH-01,12.40452623095554,Power Plant South Bravo,South Sector,South Sector
17.130252122383524,42.62856420882918,431.75093967979956,45.32998243684831,14.38321062399007,17.020029044822135,60.73781140189637,17.27851514954286,42.66838328203528,WST-01,13.810304387320423,Substation West,West Sector,West Sector
16.98590176675947,42.70357865115619,505.46105379710264,32.57396843488161,39.96509636680103,20.88554051332716,53.680950447611316,17.12982088638373,42.829824607398905,STH-02,13.202687265323318,Logistics Depot South,South Sector,South Sector
17.059475808323477,42.65939517752146,899.6936425767515,47.21252054858525,9.1527546895981,55.43809959588049,119.77960519295132,17.551677021527027,42.74257196497774,NTH-01,5.065729743576522,Power Plant North Alpha,North Sector,North Sector
17.23752875427029,42.46515192869293,481.61492848615114,45.26885154962437,42.825187315340045,20.666840250316405,67.20948684064949,17.37380170727574,42.5975330975906,WST-01,7.012362945911513,Substation West,West Sector,West Sector
17.248639341775093,42.49211697642678,315.837509269527,32.48538136508166,0.6804526286387413,8.758792407801652,34.13454389082692,17.327403388266884,42.493096903484,WST-01,6.047054018950848,Substation West,West Sector,West Sector
17.181631467406376,42.90257037571329,607.7529465332016,54.47581779350318,39.35519699577694,28.73918100366766,94.75379517010683,17.381405494970473,43.074306513371084,EST-01,12.832256007613376,Substation East,East Sector,East Sector
17.043288452976228,42.69063055552087,350.16323098438625,37.869515314988334,9.793059402871462,11.317608361779202,43.04381321361556,17.14358609696637,42.70874753954797,STH-01,9.788327635129452,Power Plant South Bravo,South Sector,South Sector
17.15629951474983,42.429233456051634,464.44055921743313,46.24453092500097,10.8194667828494,19.349089807381635,66.0345616321657,17.32721364415055,42.46345055063432,WST-01,9.192289453851938,Substation West,West Sector,West Sector
17.161621909645202,42.40989475538659,895.4299056563634,49.171166298916035,33.534457998874636,54.40178720329712,122.78195276374026,17.56923621240266,42.69339553383918,NTH-01,9.258197120301183,Power Plant North Alpha,North Sector,North Sector
17.066352508549095,42.6840852411966,722.7831113580926,58.869136007254994,22.524692754522743,35.263663661946055,115.6346397965333,17.359253327337363,42.81137011924534,WST-03,23.189947805129822,Radar Station West,West Sector,West Sector
17.142266590375847,42.498627235554665,330.39997756972224,44.81435078639538,28.278309033050174,10.41588877419451,46.639274360332344,17.224754343626174,42.5450886541679,WST-02,10.240061113647243,Fuel Storage West,West Sector,West Sector
16.953218293492704,42.82307556759953,569.2120311550775,57.5194731686377,18.533332953375474,24.684778156561066,92.53816032339672,17.163687298651933,42.89692692419453,STH-02,5.653589587385127,Logistics Depot South,South Sector,South Sector
17.01271729758067,42.87719407751665,402.98250757730955,40.64572024043097,57.20802297169951,14.922417856589009,52.20638644003639,17.085364885445586,42.99521714196965,STH-03,9.031239243338922,Comms Relay South,South Sector,South Sector
17.107526490890177,42.53697802507426,373.7667938412728,55.72311604949985,17.439366004913328,12.12842448831203,61.406276009009474,17.21158340734669,42.57119938613312,STH-01,11.427466147659224,Power Plant South Bravo,South Sector,South Sector
16.999125391277488,42.75530616692907,652.2392480092813,37.074786808542505,32.522845484129995,33.806668225430975,75.63191969587476,17.255405022820643,42.92646680985706,STH-02,10.899080709578582,Logistics Depot South,South Sector,South Sector
16.99977206036296,42.49266678609123,603.3935337841294,51.224392873062534,51.26133333245071,29.40194863669393,90.31685522099467,17.165122570300536,42.70852945979175,STH-01,10.661172996723975,Power Plant South Bravo,South Sector,South Sector
17.20089128716507,42.58214959095663,745.719950589305,32.6583598126499,39.85084873564927,40.27387275462043,76.62785973373714,17.478804409091637,42.82547233400726,NTH-01,12.241916001332367,Power Plant North Alpha,South Sector,North Sector
17.246739900805082,42.93327729650886,835.3837369391158,59.58151070050978,19.36661681890324,43.035578234021706,131.34217033973542,17.6118230349846,43.067930726402324,NTH-02,5.96803279208564,Desalination Plant North,North Sector,North Sector
17.116790828408533,42.72645885488939,448.00911445899715,58.61809199587104,33.146201002009164,16.05222613610325,75.20577279988221,17.23764428588264,42.80910418940039,STH-02,17.278083868091226,Logistics Depot South,South Sector,South Sector
17.201720919264513,42.93153321708652,853.7951919932382,43.26640915552133,4.979467573963645,52.11979188054981,107.67480426554224,17.668671272279663,42.97423159818902,NTH-02,5.803620760498847,Desalination Plant North,North Sector,North Sector
17.247096499297882,42.5351486825077,610.7950635324573,45.718056539707604,32.74118416246153,30.9287463802485,84.10561564751436,17.48099174211168,42.692867513566625,WST-03,8.073538442414732,Radar Station West,West Sector,West Sector
16.99247876657063,42.598014605949196,455.3009509110703,47.93324586954066,25.88334530121252,18.57116389908971,66.57912516226479,17.142724714053326,42.67431263193453,STH-01,6.3002802905406385,Power Plant South Bravo,South Sector,South Sector
17.084473683976306,42.68257128307409,807.4715028615656,38.2511267906901,45.47602242440664,47.603124991559454,93.42432964497797,17.384412231772504,43.00239944793486,EST-01,19.18122807224669,Substation East,East Sector,East Sector
17.067771814752575,42.68804804511672,321.3179508174135,50.23414305615488,50.87417058804703,9.696204317605284,49.46248776338443,17.122784931474914,42.75883185847056,STH-01,14.756531340046292,Power Plant South Bravo,South Sector,South Sector
16.974014785093853,42.99858878031022,635.7056264837763,50.95685839813548,11.976991298846343,32.07164453457262,94.24508195458012,17.25615324743486,43.061263666089985,EST-01,11.56183318844348,Substation East,East Sector,East Sector
17.176599051838423,42.46866719138268,732.97292101798,45.752294769758265,4.892154327645784,41.320269802499176,98.72621950610733,17.546844168293173,42.50190381160178,WST-03,15.814356851305716,Radar Station West,West Sector,West Sector
17.080133708196776,42.91117902136095,467.98661229368594,34.432220774556534,23.433418874690137,18.635761896388978,52.37408358648412,17.233894175487386,42.98096174205455,STH-02,8.850445029028773,Logistics Depot South,South Sector,South Sector
17.09079808025712,42.91820922365312,818.0951505379307,57.575578316748,32.04902449203282,43.334781712886446,126.51338526874493,17.421005626123467,43.13495204111689,NTH-03,13.027437219877195,Comms Relay North,North Sector,North Sector
16.99520189214397,42.73191917892267,444.1707380147909,33.451352470368455,22.608116898901354,16.75668122981908,48.625329334087425,17.134309019395563,42.792541299836785,STH-02,16.972524809053517,Logistics Depot South,South Sector,South Sector
17.00427799566926,42.606422300955494,803.9245696390435,48.87516506131534,37.71367025988481,46.74427405551984,111.94613907390831,17.336653902330387,42.87581281734572,STH-02,21.164032602439978,Logistics Depot South,South Sector,South Sector
17.222131086646865,42.71153566257298,347.12697829947433,33.09265789829266,30.339076783144506,10.566773137133344,38.026556081781926,17.30413986222715,42.7618119611044,WST-01,22.667990046333248,Substation West,West Sector,West Sector
16.963394726692282,42.57548062288394,395.9565551210588,34.38302127398768,56.19756207990539,13.736714520288421,44.62385601843666,17.03209412753584,42.68284393168062,STH-01,11.839152865733958,Power Plant South Bravo,South Sector,South Sector
17.019855685483112,42.87946446906396,528.5907503411449,30.61614942086487,24.563467399175583,21.950683054252256,53.032319895610634,17.199379516735902,42.96536807748362,STH-02,4.673262474146617,Logistics Depot South,South Sector,South Sector
17.03761779909436,42.6989674952262,812.4333076789076,40.90092251570279,4.949650376914945,48.43165460071087,98.97699138282121,17.47154548505964,42.738364546420144,WST-03,12.620227709185318,Radar Station West,West Sector,West Sector
17.097059262720474,42.95550530732647,386.75121907606945,49.187476932661134,18.116101268488624,13.756400955522626,58.17780429390088,17.2146366863016,42.99577746474131,STH-02,7.781877509778363,Logistics Depot South,South Sector,South Sector
17.12593355190444,42.77361480661362,825.2629438765449,45.64632659198616,36.35363174179467,49.35682637909257,108.92945274709545,17.483231856751242,43.04947159561323,NTH-03,14.786512499205818,Comms Relay North,North Sector,North Sector
17.0979869927552,42.70859159986881,437.83891596767626,50.23617453745457,15.361505916425166,17.09598839490003,66.41261431299968,17.24623737680943,42.75123801026848,STH-01,19.78400047485427,Power Plant South Bravo,South Sector,South Sector
16.975234600367063,42.82664161238659,571.5050391567172,50.250565826128586,16.139307108338027,27.092070958242353,84.88240294988687,17.209264470666827,42.89754238623857,STH-02,7.814237313267668,Logistics Depot South,South Sector,South Sector
17.023100236216713,42.70235977865814,511.6406425562027,34.20521231982716,20.374349041341052,21.781920493568723,56.62361133041042,17.20672176697811,42.77375433289103,STH-01,18.96923970721681,Power Plant South Bravo,South Sector,South Sector
17.203076515428762,42.942703810251665,370.87573596871414,31.720122102651466,44.76850679454331,11.718471503381425,39.058100475576275,17.277881659505702,43.02042898855973,EST-01,15.021119437787835,Substation East,East Sector,East Sector
17.14127661014354,42.51066757653211,866.585843711484,48.7607442130401,56.40799405763769,52.11375771376974,118.87855409739221,17.400167147801238,42.91978924736918,NTH-01,24.892759114881077,Power Plant North Alpha,North Sector,North Sector
17.144744715040282,42.98400921024754,562.9069744513281,49.59672914925728,21.022598030866796,26.536830386072864,82.95487480666316,17.367491140926926,43.07371131045011,EST-01,11.841027508330171,Substation East,East Sector,East Sector
17.151060976605407,42.887314331110716,714.1987568137167,46.70111205425113,11.729282385629514,39.56774734054431,98.01641246075656,17.49945727713722,42.963162210615224,NTH-02,16.748951624885933,Desalination Plant North,North Sector,North Sector
17.178870905711857,42.91644001711892,645.1606059984186,37.37287398972212,25.238217130026182,33.27433911412514,75.39013755008315,17.449504729807604,43.050186353816116,NTH-03,16.421148708246793,Comms Relay North,North Sector,North Sector
16.967432544516434,42.68974469942264,601.0295501113244,54.322956509467616,21.11038157877757,28.276424647199992,93.64929660423354,17.20463950958439,42.785623186833504,STH-02,18.153915384463154,Logistics Depot South,South Sector,South Sector
17.059982515479785,42.90232092960256,669.9465741341094,32.270580464887715,59.40149484739056,33.70956190134912,68.97594326633437,17.21411211868039,43.175501652583876,EST-01,9.691135260982428,Substation East,East Sector,East Sector
17.111858230578502,42.58406445014632,839.0053837214574,48.969353679640776,27.83209551107955,49.69796014618441,116.12491405230982,17.506981339646607,42.80286783617305,NTH-01,8.473582080303522,Power Plant North Alpha,North Sector,North Sector
17.0515369449892,42.85716890713851,719.5874254164657,33.612346076381165,40.75700116871184,38.45403695510482,76.08056367412037,17.31335695264425,43.09365569381134,EST-01,7.198063148261159,Substation East,East Sector,East Sector
17.203343661986157,42.48427009503341,619.4880476731327,49.63343149299689,54.82728399869119,31.073852944065006,90.43133727301975,17.364179386783327,42.72360784331863,WST-03,15.308996170368541,Radar Station West,West Sector,West Sector
17.09477175257619,42.584231149577505,687.1115763995858,42.53177363470489,37.74369464183301,37.511090256009716,88.34563800240288,17.361414368276748,42.800586267404356,WST-03,22.07460368803769,Radar Station West,West Sector,West Sector
17.180588276837813,42.66743959801584,663.8365683054129,51.54309166313014,14.962708495191233,34.18669561087147,98.6663389990503,17.47759476273509,42.75066129079664,NTH-01,11.804241874626166,Power Plant North Alpha,North Sector,North Sector
17.205604655064352,42.593391830886056,559.872724491788,31.56576607430804,36.444605719996815,24.635291329643643,57.45648406894422,17.383779613332077,42.73130151875887,WST-03,14.535143434360155,Radar Station West,West Sector,West Sector
17.10143744487105,42.63221026937451,674.8584060782703,46.65248965441104,24.112580163906966,36.21716472157344,93.24342057203026,17.398678056932575,42.77165141591843,WST-03,17.473974889829865,Radar Station West,West Sector,West Sector
17.222865673161404,42.89206284687022,566.1418800984982,34.34633696640239,25.340992166328423,26.019947327233776,62.410540941205205,17.4343245419838,42.99703936004437,NTH-03,22.12962189356741,Comms Relay North,North Sector,North Sector
17.126137182161095,42.5540055352853,754.5686267231474,50.47144894831421,58.7594748822243,42.04769182852434,108.5597900090539,17.3219720077552,42.892676693065596,STH-02,19.0115056932932,Logistics Depot South,South Sector,South Sector
17.205082289650118,42.847168703292745,881.3474901133714,33.598668939350475,16.715460815691156,52.52279229816974,90.55423520133665,17.657420923398305,42.989740563319515,NTH-02,3.746067504141922,Desalination Plant North,North Sector,North Sector
17.052177238677455,42.44422724146699,875.9192144983375,32.207499688557775,28.13610878869865,51.31516238720614,86.98856492083458,17.459002846140745,42.67235771160301,WST-03,5.554806498634684,Radar Station West,West Sector,West Sector
17.099645087559445,42.859443464509035,792.4414718549883,51.39368394550838,9.592022741952018,44.85441439568106,114.5238323394089,17.497378098852042,42.929920460874996,NTH-01,18.359456531768526,Power Plant North Alpha,North Sector,North Sector
17.109423312301374,42.875213945697865,661.0553382356911,31.90595803704847,10.712651921129325,32.817667252650324,67.49417633652986,17.39940743865325,42.932705250056415,NTH-01,25.797823818285394,Power Plant North Alpha,North Sector,North Sector
16.98149391476882,42.64101926530149,749.5991928424444,36.73592453794548,36.20906544515003,42.12636938390149,84.85027654321166,17.2870417707793,42.87540589129094,STH-02,16.196371601976328,Logistics Depot South,South Sector,South Sector
17.069565752010462,42.83348669390048,406.82897715453265,54.74205591377016,45.06094248916288,14.336158453406666,65.76620589865382,17.160612222343325,42.929001622547275,STH-02,2.2320111869437698,Logistics Depot South,South Sector,South Sector
17.2252013017655,42.94908304224706,587.4110743883535,54.290649234246786,38.18759241701071,27.243811821682602,91.72023815112422,17.417713869188514,43.10783595459816,EST-01,14.211854102676742,Substation East,East Sector,East Sector
17.139249672109422,42.88042778413271,454.3828589948186,55.62377273342328,19.757039874178247,17.2625217578421,73.71589277742989,17.28534900956015,42.935387859811954,STH-02,14.024327383750416,Logistics Depot South,South Sector,South Sector
17.00325197473109,42.63426790623817,302.09698866560825,39.78299668766141,3.5770903539011867,8.680741014999654,38.868985402667754,17.081167488048518,42.63936342568866,STH-01,4.783310283976763,Power Plant South Bravo,South Sector,South Sector
17.05165669068288,42.69052810856804,880.0425448032456,45.841440862506275,28.215831728921525,54.08353883135793,115.19178566556583,17.480102284665396,42.931618980063604,NTH-01,19.54069488975774,Power Plant North Alpha,South Sector,North Sector
17.00748090289881,42.867614526871485,818.3091371111047,53.20042057818456,30.25617918563784,46.122437569361985,120.35730394280077,17.365649761065523,43.08659263525897,EST-01,10.677188631679494,Substation East,East Sector,East Sector
16.957446939539572,42.575556753909474,608.2191710819561,34.10956545033241,46.239096477589115,29.322482718112227,66.2522328139054,17.13974034462669,42.77486275675517,STH-01,16.60183971801331,Power Plant South Bravo,South Sector,South Sector
17.22823813755121,42.882329644185326,452.4913728714041,51.73172637647154,38.41737373751729,17.91020828677757,69.92226161378272,17.354410226838905,42.987189646537104,EST-01,19.315629782142807,Substation East,East Sector,East Sector
17.084462198477063,42.596842685536565,715.785126119542,32.92459048183964,52.27551765605921,37.84078394831879,74.42050212218038,17.29249061438507,42.878757015971246,STH-02,16.561791399742447,Logistics Depot South,South Sector,South Sector
17.042260521726234,42.88359434943132,560.8806507299564,57.39751825880603,46.978972721705496,24.134736412669927,91.2003327996493,17.19027795407725,43.049699306379125,STH-02,11.113924183390521,Logistics Depot South,South Sector,South Sector
17.12954315746732,42.452080266010434,782.0097200536197,49.119305475348774,21.95266702865681,44.80511235105911,109.77609054633221,17.50320699507588,42.610028031239494,WST-03,4.9194381306164185,Radar Station West,West Sector,West Sector
16.952194336887903,42.42663837814635,899.7108661085696,44.79915938069267,37.9332854114819,55.981452453849144,115.3232220222792,17.349023767285807,42.7508813735991,WST-03,18.57757679687364,Radar Station West,West Sector,West Sector
17.033406631980245,42.99860526842189,509.449564493922,44.541877640014924,44.8371917673076,22.81240908529032,69.9272977803819,17.178829770068774,43.15001472422398,STH-03,13.270999879911573,Comms Relay South,South Sector,South Sector
17.160910039709666,42.921674273940816,446.64182608682864,35.440861435347315,57.41282215036469,17.32308732687242,51.36351720973246,17.244769267615588,43.05911719092637,EST-01,12.34743964930812,Substation East,East Sector,East Sector
17.14013093192078,42.92970850207972,460.42949327685494,40.37752117363961,25.341129757334752,18.959988277438207,58.90002607014198,17.29422024682372,43.00614387243843,STH-02,16.07172133839438,Logistics Depot South,South Sector,South Sector
17.24454178426276,42.97076796856397,356.0077474084032,51.81370995951447,38.896919538668165,11.591522755701515,55.798092908721216,17.32566157291277,43.03933668060915,EST-01,13.12326442775702,Substation East,East Sector,East Sector
17.136107312897412,42.66298978564869,536.4277179000933,46.228308625631655,23.559830116898052,24.85363808940234,75.417227837856,17.340968158159413,42.75658355446046,WST-03,19.62689596812626,Radar Station West,East Sector,West Sector
17.093251762088318,42.57210133280809,310.4550316301456,45.879186123007884,44.26969073218722,9.255874915640975,44.71902111829406,17.152847674619473,42.632910576875815,STH-01,3.9016351490548744,Power Plant South Bravo,South Sector,South Sector
17.1784297689552,42.47801499701074,368.63733444076536,35.85737683636738,54.71959027863343,12.23160362862367,43.18983074792763,17.241942373387086,42.57203815515845,WST-01,10.067266104752921,Substation West,West Sector,West Sector
17.220998361589217,42.700725480123076,463.01744836360217,50.71086935861052,55.153560943174504,18.8114062928807,70.44321990736177,17.31760902089426,42.84615740805327,STH-02,20.706429938819834,Logistics Depot South,East Sector,South Sector
17.166208784015506,42.532028992285966,395.91766554568846,41.76101703184051,9.425251043250602,14.50525381682142,52.4671461384408,17.294895205092352,42.554402937227565,WST-01,3.9313645500398877,Substation West,West Sector,West Sector
17.238963367064812,42.96133051404359,739.2954597004351,35.48260015315603,12.24579585725273,40.84518926229288,81.48895770090223,17.597917931527554,43.04306787457347,NTH-02,5.279453762689834,Desalination Plant North,North Sector,North Sector
17.18460155122145,42.402401897465666,363.3628745207402,58.31354254788988,45.29576704738792,11.056245014197609,61.53444810017312,17.254532554035453,42.47640255129363,WST-02,3.236155719316287,Fuel Storage West,West Sector,West Sector
17.21004043147858,42.48591804264587,819.5964630147148,45.203962405968156,37.86059315654411,48.93031899981475,107.53603054629515,17.557256261984108,42.7691835101906,NTH-01,2.7767935635345884,Power Plant North Alpha,West Sector,North Sector
16.984231221355092,42.547885511850055,432.6687022265717,45.84109942537096,54.306437211297286,17.07064600893962,61.382389033399456,17.07376081680565,42.678314765415394,STH-01,8.052828646878925,Power Plant South Bravo,South Sector,South Sector
17.169724050898136,42.519374026955916,365.1543701829406,59.44115730644418,18.828033564932124,10.927224719636708,62.55343042217137,17.262733766040377,42.552584833230185,WST-01,7.4847067810635135,Substation West,West Sector,West Sector
17.08202660985821,42.53546706194783,306.06398665875514,40.9921841151148,50.881248668775775,8.951906832413266,40.34262751271428,17.132809968282885,42.60082747868216,STH-01,2.4859107783181793,Power Plant South Bravo,South Sector,South Sector
17.115931140723383,42.793628563036705,729.1230025932878,58.29062053687349,41.02655141903159,36.11271807183302,115.80491007751667,17.360815816858164,43.01698422884067,EST-01,16.61879628251236,Substation East,East Sector,East Sector
17.146230722844706,42.59650724698789,453.9700475631252,50.8477608340644,11.727378609395968,18.147918052691068,69.29178156438367,17.30602883597676,42.63125302000287,WST-01,9.027820957460216,Substation West,West Sector,West Sector
17.24094453501167,42.76901462914202,605.6991630826649,48.99286898234399,7.589662139738356,30.078646489432597,87.82195785435229,17.509074673196604,42.80647760817817,NTH-01,8.371268808762443,Power Plant North Alpha,North Sector,North Sector
17.245373424429488,42.93415476018777,366.96962800329345,37.03254905827442,42.16341612051646,12.265830851906546,44.19379918390697,17.327123337097564,43.01171933485341,EST-01,16.02733858991171,Substation East,East Sector,East Sector
17.03646847364637,42.76153405931542,891.1775539417496,31.552670171633704,9.50769076345608,52.256937469606726,86.76406755109178,17.499953860023297,42.84292789003371,NTH-01,11.123757684444055,Power Plant North Alpha,North Sector,North Sector
17.170126049231374,42.816719674771825,375.2308434419732,43.13351514855417,47.65974238458889,13.183133699879006,51.147229824248015,17.249958320927732,42.908480587037275,STH-02,10.931972848325866,Logistics Depot South,South Sector,South Sector
17.17499506138058,42.61930197893281,547.155555985127,30.305128859871754,33.42570240763904,23.205115539014663,54.27887591421641,17.34913072199355,42.73973804323225,WST-03,17.7028813118082,Radar Station West,South Sector,West Sector
17.053947858393915,42.49584308057362,810.9897014006796,32.130075323111505,28.612023747767385,45.630512283393955,81.30009078907165,17.414095374424402,42.70179501821724,WST-03,10.067235593213978,Radar Station West,West Sector,West Sector
16.987160932459265,42.592350437469946,446.9321690882441,47.859802670831186,16.53174215528518,17.975159359742673,65.35963278170956,17.142127114068067,42.64048692521726,STH-01,3.285258426711385,Power Plant South Bravo,South Sector,South Sector
16.962284088085717,42.97856958922247,460.183071207704,51.734154992190824,59.030735695491586,18.451101492442895,71.0315531980044,17.04761637351758,43.127387874120814,STH-03,6.192030118274429,Comms Relay South,South Sector,South Sector
17.183202938258752,42.77308683067188,785.0997095344397,35.03844995772831,43.33002665463159,44.68694401927998,84.96218727251149,17.47532821459244,43.06219838037225,NTH-03,13.893165767102149,Comms Relay North,North Sector,North Sector
17.09690992254507,42.566506671660406,464.00379431520764,51.975012380213215,46.683818829892616,18.680842957872756,71.81155996483157,17.21212214307549,42.694471120401204,STH-01,12.943286085803532,Power Plant South Bravo,South Sector,South Sector
17.245662050848477,42.67054916029726,301.72278665688776,58.49177479784255,46.12265565992029,7.79410101154403,51.57247923061601,17.29423841688338,42.72346701324602,WST-01,18.839312464788588,Substation West,West Sector,West Sector
17.089492036858097,42.9013078224586,556.7482322939699,52.2952824217859,35.04093463059579,25.47862483184822,85.23444833506623,17.277047406837223,43.03908428574721,EST-01,13.089019483707657,Substation East,East Sector,East Sector
17.24337509372215,42.801066142423466,307.521125807085,53.54145658725099,56.38193051753267,8.671176230872094,49.58286930402839,17.28653852967895,42.86907711234687,STH-02,16.487790848274425,Logistics Depot South,South Sector,South Sector
17.073472800658216,42.7363917044375,845.8753702976201,51.02137740805115,35.02929020296061,49.46254151560566,120.2594496624802,17.43754674529961,43.00401739173776,NTH-03,21.308320490423036,Comms Relay North,North Sector,North Sector
17.188104645167993,42.9310977259803,685.0879345075325,36.742123213642536,31.202735106248966,36.52932187507185,78.42823906398367,17.46901832776381,43.109519362552646,NTH-03,10.091911028771902,Comms Relay North,South Sector,North Sector
16.975445781693548,42.80346374333007,649.8085597327454,40.82669826467508,16.422626545372033,34.20519463558889,81.46022035104691,17.270489844312678,42.89453836150949,STH-02,13.625168575794339,Logistics Depot South,South Sector,South Sector
17.11663851304133,42.785637838474656,420.95370651741786,58.47800888309452,16.904155190500408,14.402635064159751,70.84687158587437,17.240564032193298,42.82507206847822,STH-02,16.010847768634598,Logistics Depot South,South Sector,South Sector
17.190617936095716,42.51386088232646,719.9677112571817,49.83631736910356,44.21303435892261,39.34998262832135,103.39520200207168,17.44409843639527,42.77252847751595,NTH-01,15.132340726735658,Power Plant North Alpha,North Sector,North Sector
17.227410500165966,42.46383320980744,706.3527862070075,53.67074201802217,20.08604529837633,36.83157583987121,106.97956872924813,17.53846275111017,42.583134351330386,WST-03,9.560576344117317,Radar Station West,West Sector,West Sector
17.196774927185228,42.97908527023444,336.27814435521896,59.06083856534032,43.72264470880067,9.450901141829187,57.591583010037404,17.258190161953035,43.04059985435856,EST-01,13.503079962249577,Substation East,East Sector,East Sector
16.96109121816035,42.759315022060214,828.5079184863436,36.94310761537997,57.1624055288895,49.14093664400886,92.8605999737645,17.200365316809275,43.148016464978014,EST-01,11.15173387160763,Substation East,East Sector,East Sector
17.06181070239202,42.649410045487855,647.6480177578833,39.650600019796606,26.35844620672553,33.88852971432737,79.35568351186052,17.334842437197153,42.79115971380497,WST-03,22.88053933982878,Radar Station West,South Sector,West Sector
16.964609541694156,42.75341249254613,775.4801286231661,49.34404958503499,5.839538572778517,44.18155111024298,109.35623498329554,17.359876965462213,42.79576730393262,WST-03,21.719497847139777,Radar Station West,West Sector,West Sector
16.982784687334366,42.437087176643026,457.74844327730654,30.73072421352022,39.99278887976617,16.996736884332638,46.46128896528835,17.0998650702632,42.539869369167945,STH-01,8.805187772890479,Power Plant South Bravo,South Sector,South Sector
17.152591688600246,42.89327636434246,373.2286798520725,47.13657232001117,0.5713819017291377,13.006359153673294,54.492665418644414,17.269554705107126,42.894497883065014,STH-02,13.533359765557291,Logistics Depot South,South Sector,South Sector
17.16397745889351,42.5299873213386,721.4697439120707,54.26065138543497,47.22021127633781,37.773676083558115,109.71685993731312,17.3945315521852,42.79126956414905,WST-03,19.574208175511934,Radar Station West,West Sector,West Sector
17.182116204825487,42.88272760379077,776.3296117530972,48.31330121472375,31.539187022323105,44.55198643743789,107.83791486055165,17.52347658293273,43.10250605789133,NTH-03,8.248871442938254,Comms Relay North,North Sector,North Sector
17.2096369644167,42.72062706595817,531.6201201715749,38.861798516883326,29.383932240519293,24.22619303337065,65.27388081294903,17.39944822014323,42.832653339597414,NTH-01,20.8385966784218,Power Plant North Alpha,South Sector,North Sector
17.171829440542954,42.56594320819414,314.2153651897867,51.72312250008185,34.16652963466124,9.191609937805794,49.425495578148,17.240218900792758,42.61455007837651,WST-01,12.10929334870868,Substation West,West Sector,West Sector
17.19026147763199,42.41812596894524,790.9524147923187,34.38094874039837,30.984512636082954,44.94344819166721,84.1833122325701,17.536654527685307,42.63634386566059,WST-03,8.698049029011347,Radar Station West,West Sector,West Sector
16.96468911294698,42.88950001319596,423.6563437982644,56.8432040783555,19.42663630776136,14.971213730063306,70.01827799484751,17.091657672753698,42.93635000272934,STH-02,7.7365246369603495,Logistics Depot South,South Sector,South Sector
17.020360545132387,42.505876084881585,503.41916513849293,33.027450931213664,16.890534580754515,20.86279892466251,54.120550674417785,17.199882197054528,42.56294086800892,STH-01,10.754065422484754,Power Plant South Bravo,South Sector,South Sector
17.136569332012574,42.431083069383924,676.9386046662781,55.90473401287304,24.91784763743371,33.47999410500609,105.8950938499279,17.40959030490208,42.56402854835517,WST-03,8.165612496186695,Radar Station West,West Sector,West Sector
17.207437591387446,42.85352663849553,359.97283152678165,44.93428283208698,53.694556914934005,12.21858274955011,50.752654218189505,17.27247767447131,42.94626123163573,STH-02,12.513266647014017,Logistics Depot South,South Sector,South Sector
16.951350037481898,42.610025933423785,343.1974596830779,42.85941010463405,8.122227587270581,11.166755167026865,46.71238705160457,17.050767033784084,42.6248668145746,STH-01,7.7157247897454635,Power Plant South Bravo,South Sector,South Sector
17.104388802634904,42.63360040335499,315.42226294516456,45.019852817262944,19.485875801195,9.545744328911118,44.75350452250026,17.185316434758207,42.6635749425991,STH-01,8.613034983153717,Power Plant South Bravo,South Sector,South Sector
17.153186219809317,42.54824055236843,849.9839161436732,36.006189092787636,11.538025676964264,50.74971551683233,92.94081304498151,17.600343151677993,42.6440116124096,NTH-01,14.590623939648493,Power Plant North Alpha,North Sector,North Sector
16.958882186738585,42.91550708721814,486.8296465611934,43.730567386764406,25.628218604242917,21.080887273659105,66.10231471288645,17.12979751239394,43.001314433234484,STH-02,6.403655892417748,Logistics Depot South,South Sector,South Sector
17.070406667266017,42.57839771566392,696.3952890702792,55.491594476959754,8.00990514739027,35.19538032790247,108.00059977362355,17.383832673609977,42.62461356787537,WST-03,8.483564169030634,Radar Station West,East Sector,West Sector
17.218690464415108,42.526115541850615,893.5411494106453,54.02865726656397,45.64773683413393,51.6939986459998,130.56161918450255,17.54338214379489,42.874754933384,NTH-01,10.839061993517685,Power Plant North Alpha,North Sector,North Sector
17.151483842656756,42.58554983580169,701.6704761371661,34.891456034739875,6.208043555074482,37.39871339926701,76.76174768673536,17.485842162531668,42.623682516064264,WST-03,2.899944944943577,Radar Station West,West Sector,West Sector
17.02129750900818,42.52188974510044,615.0568775137081,50.20262934387185,39.915725617036244,30.587345104633478,90.58369537237564,17.232195839654782,42.706691483511804,STH-01,15.506796756047944,Power Plant South Bravo,South Sector,South Sector
17.205834338889574,42.59059313248312,612.5519601103431,55.70511794896276,16.06261949214141,28.633208385087517,96.8084111215403,17.45327181306021,42.665279621729496,WST-03,4.860904688136363,Radar Station West,West Sector,West Sector
17.054409427022854,42.449761733720905,526.150289073331,54.59302765856428,28.331399811459764,22.56862671365514,83.3490148054377,17.233037152809434,42.55060976452273,WST-02,10.712899204110107,Fuel Storage West,West Sector,West Sector
17.206003401343217,42.495118017471675,659.8677935730511,42.76897329891544,11.999277703052485,35.1701493914053,85.62601331376543,17.515373027176448,42.56407161784625,WST-03,8.54951810681427,Radar Station West,West Sector,West Sector
17.039683095335672,42.65023173003769,875.2748337274226,31.442785210383477,43.813420768543146,50.80921414012536,85.20793167426416,17.369138587955803,42.981687599721795,EST-01,20.42869701508968,Substation East,East Sector,East Sector
17.127096075264944,42.92768011335392,772.8264202189861,57.93508268921248,56.89655935609946,39.64303918721436,121.15843398146194,17.32156815956571,43.24051725914035,EST-01,8.877668717159349,Substation East,East Sector,East Sector
17.06908202032435,42.43437444803337,554.5359702199426,41.87655347544186,13.304717243579756,26.34341194594345,72.04406085508327,17.299626952968488,42.49147795716658,WST-01,7.071154273889582,Substation West,West Sector,West Sector
17.03244751522652,42.52760482405602,499.4668974195199,40.82929911769031,57.1891924627697,21.92967615663673,64.12259409640298,17.139239774192866,42.70106250648848,STH-01,8.875603443437015,Power Plant South Bravo,South Sector,South Sector
17.21596726865156,42.94500740532496,830.1189177738729,52.78544833436439,19.51642806068604,47.303313529681425,121.15401456291454,17.616878933003555,43.094118532153516,NTH-02,8.264648698435426,Desalination Plant North,North Sector,North Sector
17.006278104581845,42.93400880449595,381.4714953759563,37.91916646476068,33.4708300231141,13.276082510392513,46.78902032220357,17.105861432501246,43.00290404787961,STH-02,8.236644358146659,Logistics Depot South,South Sector,South Sector
16.975443477370728,42.80767049997756,809.751154178581,55.04243769501876,42.09539706513456,44.3861246693581,121.98224201802178,17.271449904666348,43.08789789145828,EST-01,8.28744722700808,Substation East,East Sector,East Sector
17.0525780815637,42.54428413245714,453.0460568053994,32.28154682457947,11.956116963911619,17.091359306617402,48.03870806180055,17.20294701786518,42.57761745282903,STH-01,10.263791896700262,Power Plant South Bravo,South Sector,South Sector
17.16529174429247,42.65188633663347,729.3775414655506,52.22133602148632,26.68583624595766,39.30567595756311,107.96120489355832,17.4810549900648,42.818321105101745,NTH-01,11.72851649130538,Power Plant North Alpha,North Sector,North Sector
17.192229481792886,42.526732596662775,783.732348464898,58.973684713245945,4.069648839843005,39.71418311170329,123.89023716406194,17.548484900967065,42.5533167526263,WST-03,12.116671789085645,Radar Station West,West Sector,West Sector
17.24962301102003,42.47715310547512,586.1979103580836,59.873063906225205,41.823226561681196,24.82229776364735,97.33946839418022,17.415916478442195,42.63316368220694,WST-03,5.09690636695788,Radar Station West,West Sector,West Sector
17.03890861710335,42.62799903670833,415.37038568536457,57.714130801924995,24.996967183468705,14.24850609460188,69.39471895723902,17.155037642861643,42.68466824351424,STH-01,7.899159720785346,Power Plant South Bravo,South Sector,South Sector
17.072382585339383,42.74549296304221,806.8606460774251,56.12287216218928,53.49867195837545,43.47730882150815,123.12717791351385,17.304699501205718,43.07469604395146,EST-01,9.07121743820043,Substation East,East Sector,East Sector
16.991046383408886,42.61595960527888,520.5050070319888,38.36640673373191,16.439513314388275,23.28596300327466,63.34297430431698,17.191891274585203,42.6779964609409,STH-01,10.093231152144579,Power Plant South Bravo,South Sector,South Sector
17.12246157888691,42.76649473027958,492.40815628951157,58.99945087889292,55.416079459435615,18.806927511098788,82.4010450810656,17.21841223894105,42.91227583814134,STH-02,7.631913638156046,Logistics Depot South,South Sector,South Sector
17.249274011178876,42.577752841227586,606.0097094120638,57.836897814430586,8.462390680970701,27.216815599038558,98.18459203432631,17.491371988754004,42.61551881188757,WST-03,3.5206402933432126,Radar Station West,West Sector,West Sector
17.160264303036197,42.60751031665647,561.0517446623506,46.0311752107556,36.417987960832995,26.832319271189814,78.31195414548641,17.354391496898373,42.757600448380344,WST-03,18.73645512727685,Radar Station West,West Sector,West Sector
17.12856385212401,42.87440415498676,709.8313302232345,42.062329631810385,18.468490792330734,39.46956582946765,90.11230505879152,17.465206376677394,42.9922824172902,NTH-02,19.65707616518355,Desalination Plant North,North Sector,North Sector
17.067710727876538,42.92698883853632,382.31868502359924,33.27801760674565,10.906896657197242,12.691258537733606,41.94412883368184,17.179782805029724,42.9495932879928,STH-02,2.2001749196983167,Logistics Depot South,South Sector,South Sector
17.224589628085667,42.59322044891863,561.4137924287238,47.719022334753745,5.6362303031499295,26.698689653379613,80.47764598814611,17.4635340706727,42.61794121940443,WST-03,0.4495718270339866,Radar Station West,West Sector,West Sector
17.099074978839106,42.742909480807164,835.0210867351224,51.01637845566593,39.338553529721395,48.5607999274918,118.98751655077581,17.436630649287217,43.03307712817184,NTH-03,18.72435395811898,Comms Relay North,North Sector,North Sector
16.990310073993918,42.56689737033536,321.63762566383525,42.11989749544587,13.990075995554728,9.87071749212154,43.27021606060214,17.07644510449612,42.58934743580369,STH-01,5.836830002146932,Power Plant South Bravo,South Sector,South Sector
17.059613538959738,42.43200078502446,574.4029998919958,42.18088681891596,34.36886472426286,27.97494909320236,74.81468041926834,17.267222153816807,42.580727556504485,WST-01,7.705231605677793,Substation West,West Sector,West Sector
16.97015000065433,42.84271430881624,696.3191798311261,47.199341721429114,58.76512337011667,37.958159325637666,96.6377940956542,17.14693637212523,43.148175263312055,STH-03,10.386999183859846,Comms Relay South,South Sector,South Sector
17.010593711306633,42.50260208994169,832.6266522251912,30.833522877214854,18.957709216771896,46.75108000159703,80.32399857096246,17.40818004954065,42.64574641281638,WST-03,6.376707354603825,Radar Station West,West Sector,West Sector
16.955300634299974,42.65542751424815,656.2717361599055,58.73597689160247,2.0966566630037287,30.437722411442152,106.28844969288517,17.228849745879458,42.66591256402796,STH-01,13.049411393955888,Power Plant South Bravo,South Sector,South Sector
17.08598397495005,42.6922272960275,794.6905627435972,38.69717121290128,8.56935686378523,46.56137361228105,93.01983369399765,17.500034663694148,42.75764906291283,NTH-01,9.20212108809092,Power Plant North Alpha,North Sector,North Sector
17.140362079485538,42.510682950507466,433.6146113755718,34.226725853066405,7.159320564670246,16.196213057481035,48.47531720316205,17.28488141665245,42.5296944180634,WST-01,5.460472004151069,Substation West,West Sector,West Sector
17.05298773871367,42.456733210398035,511.6856617367157,30.164651884037713,27.79701163231415,20.56606267860915,50.774640292817864,17.216579732443517,42.54703100135157,WST-02,10.629235398033192,Fuel Storage West,West Sector,West Sector
17.076114531451584,42.608807808802645,865.2793643568256,55.706746241571395,44.67903417963763,48.32181228193574,129.73790726905705,17.384864825582657,42.92899243782517,STH-02,25.103160746124285,Logistics Depot South,South Sector,South Sector
17.237762781853373,42.97137154453019,831.5850678556118,55.89622127399007,17.786663146911504,45.558311902322366,125.89285299022114,17.627850972629844,43.10269422870556,NTH-02,8.866638781870602,Desalination Plant North,North Sector,North Sector
17.175588936472476,42.76908135399305,634.7717896132227,32.8591981355313,8.750566250630595,31.05155344931395,66.72304667821292,17.451586476761374,42.81361465799,NTH-01,14.717131898786223,Power Plant North Alpha,North Sector,North Sector
17.112256991083484,42.62884613704174,585.2930026769071,34.56723908666403,38.44600597973562,27.608559942390766,64.69455005836467,17.306651536522438,42.79054727474022,STH-02,23.50933431781913,Logistics Depot South,South Sector,South Sector
17.035362262533546,42.423346492464525,570.6404348726751,43.437066937733036,18.070812530954548,27.697497823100864,76.08867136054697,17.27214883788204,42.504260611431505,WST-02,6.78078478965503,Fuel Storage West,West Sector,West Sector
17.2190990396319,42.76016396883465,335.27379694020965,35.571125191989466,34.51022095873396,10.209345150121552,39.140605400576256,17.29474934508478,42.814645079155184,STH-02,20.764423323423124,Logistics Depot South,South Sector,South Sector
17.020529135064198,42.45535458456122,835.4262623739402,52.0746341051027,56.027193580365115,48.09983389888337,120.6944360216707,17.261904061036663,42.83100662381446,STH-02,16.974715091022397,Logistics Depot South,South Sector,South Sector
17.047602819155003,42.725526442628514,790.8897050492013,31.74119237117167,17.48081729559157,43.68819399759587,78.7452025026451,17.422317101900784,42.84922114828112,NTH-01,19.008223125758782,Power Plant North Alpha,North Sector,North Sector
17.222719444326884,42.85117030496305,573.7506868367202,46.49127997157598,30.749496869176113,27.82163799096832,80.51051236622087,17.43770441185628,42.98525880962961,NTH-02,22.79386500590717,Desalination Plant North,North Sector,North Sector
17.108862616585522,42.65415120897687,467.663983631684,41.483746953417125,48.408714817872976,19.570062933976573,61.079782633730616,17.2256453188289,42.79196086757463,STH-02,18.30617656578916,Logistics Depot South,South Sector,South Sector
17.172695384825392,42.57964689688991,505.75236385591836,43.94839451076754,41.50308674985769,22.53178767992091,68.74432181780304,17.324402459003238,42.72030465762725,WST-01,18.088379221359894,Substation West,West Sector,West Sector
17.12722343824913,42.428430540290556,373.8963515237337,42.74271353086805,45.08869048675115,13.088377697677451,50.60701172488893,17.210306803375463,42.51569764839576,WST-02,7.719353294284668,Fuel Storage West,West Sector,West Sector
17.146031762702847,42.41486672509696,733.0738447834335,34.59477547603961,46.35416249136601,39.99454719358478,79.21297777841183,17.39409832301858,42.687609171722784,WST-03,10.254112587028692,Radar Station West,West Sector,West Sector
17.03981498745445,42.65801594178731,634.0019139329146,36.60844455925687,32.39496122004258,32.1573155448258,72.97105374621823,17.28394137046656,42.82028089046173,STH-02,19.48721720274332,Logistics Depot South,South Sector,South Sector
17.022411618487997,42.93000716242178,440.46205369493697,31.944230967312798,32.163726474135906,16.157060499141636,46.342938156003314,17.145399607864935,43.01095552880861,STH-02,6.676870307457108,Logistics Depot South,South Sector,South Sector
17.0467477041506,42.54643766727591,673.8033432466138,33.45856725897214,43.133374826906845,34.51483616329003,71.49051438117169,17.273144553579062,42.76867970457215,STH-02,23.003806955583446,Logistics Depot South,South Sector,South Sector
16.996632469225027,42.744433303469094,887.5381285529849,59.33684467256745,41.85889620681334,47.062253854896014,137.56841607018683,17.311643495394772,43.040260530919795,EST-01,12.777465743641455,Substation East,East Sector,East Sector
17.212294309587243,42.810583491807854,373.4370812857075,38.39360435031756,40.20345984178111,12.807888688845306,46.3212642131962,17.300251887733175,42.88845823681163,STH-02,16.909576961780584,Logistics Depot South,South Sector,South Sector
17.034974079975033,42.43649792050081,575.0910063751967,39.21076618018692,22.928081528559815,27.764062676618973,70.66276882941047,17.264909812913956,42.53835951703002,WST-01,7.3424580306436065,Substation West,West Sector,West Sector
17.118446818324315,42.49186022548203,596.495292553276,33.81318991296363,49.71255873629261,28.279676607172096,64.60783158406072,17.28279747696493,42.69503491459125,WST-01,16.267081583495802,Substation West,West Sector,West Sector
17.18759232754241,42.59876607605174,400.07832829428145,52.654926134902546,14.172173362253357,14.240216004882688,63.05328132955191,17.311757084667086,42.63160886803564,WST-01,8.897326838892685,Substation West,West Sector,West Sector
17.185147232812714,42.802055904489144,618.9481265983889,57.724284305618454,9.343917981162734,28.218915432280333,99.914150710449,17.435553830481442,42.84524357251405,NTH-01,17.488471356350125,Power Plant North Alpha,North Sector,North Sector
17.081515877575256,42.663421067336856,663.5863551288539,53.69251611199953,20.709733146942092,33.40580070400484,101.38853554188692,17.362498290113578,42.77473295663344,WST-03,19.674030343758268,Radar Station West,North Sector,West Sector
17.09287719257602,42.84051704093095,394.4067232910972,48.378474883025156,15.229874424297359,14.317570968638925,58.55477428429138,17.2171128197686,42.875928272056285,STH-02,10.111629295687163,Logistics Depot South,South Sector,South Sector
17.24841052468051,42.920558719343916,392.83433940532586,54.396987468317285,39.79095073218938,13.512899455085885,63.35812648069112,17.341771467626053,43.002036468948404,EST-01,17.39965660477396,Substation East,East Sector,East Sector
17.15237924309371,42.85502336595913,813.8092293802537,42.12690698798575,13.861071068997653,48.61208838672421,101.39383374486233,17.576796939747034,42.964885704508106,NTH-02,9.138474355894003,Desalination Plant North,North Sector,North Sector
17.194391532935363,42.99534832438795,486.8324620020269,55.784920652420624,39.38939030105214,19.434828940444024,78.7268113761736,17.32943818061949,43.11153630671663,EST-01,6.097801535375888,Substation East,East Sector,East Sector
17.22076619076577,42.85261664123899,678.2000322471786,53.95556548914546,30.793367690447308,34.4607134919533,103.65759561287875,17.486918195867514,43.01896112625013,NTH-02,17.022299769785292,Desalination Plant North,North Sector,North Sector
17.186276950868802,42.91130751700447,676.0638454051284,30.05173932768957,9.147004084515578,33.1548927638792,65.4100849693162,17.480647950679415,42.96100155774593,NTH-02,18.790664009845376,Desalination Plant North,North Sector,North Sector
17.00555380348607,42.899419815079,803.502525349581,44.63382404752551,15.503775847261373,47.59304293472999,104.78196541488175,17.417958231966768,43.019325867462385,EST-01,19.873073465262713,Substation East,North Sector,East Sector
17.118651220121272,42.83815945736803,743.9367787389141,37.93849728237679,31.30360705819337,41.929647574574176,86.51761488486657,17.440735830786366,43.04352096547939,NTH-03,17.55088730649552,Comms Relay North,North Sector,North Sector
16.980568247194363,42.881081089993536,804.3458600629667,32.58698749103087,43.986318235421884,45.29237596223171,81.68739350863247,17.27342508750335,43.17732156588545,EST-01,3.4805469122473496,Substation East,East Sector,East Sector
17.1458766379692,42.960809936720445,675.1288737903994,55.385881282433246,23.895098650480556,33.58693874613854,105.0227037497669,17.422000760005734,43.089043203690835,NTH-03,15.403977698512461,Comms Relay North,West Sector,North Sector
17.236604828456343,42.685124427115774,569.6742963083964,30.23849052903367,13.969958530682401,24.86878469274553,56.24075988717207,17.453631916228673,42.741722110457886,WST-03,12.930929474831398,Radar Station West,West Sector,West Sector
17.103819619290032,42.782972214347524,536.1399127878449,51.90490506166081,17.704692545627328,23.997826955338983,81.94598395396113,17.30940349079228,42.8517178762055,STH-02,19.61980928228979,Logistics Depot South,South Sector,South Sector
17.07989174786033,42.70896383294366,527.4178599968615,59.645763629915585,5.707031356403811,20.896851401779923,88.31358299431488,17.266888950242553,42.72853384489747,STH-01,19.992450717310575,Power Plant South Bravo,South Sector,South Sector
16.96075282542545,42.910622192315245,551.0358587454947,44.46059300118707,1.5089700654139837,26.09975054699394,75.04028007430762,17.195391697098728,42.917092375904986,STH-02,5.263919915073349,Logistics Depot South,South Sector,South Sector
17.237932356698767,42.658815761722906,377.5855512922622,41.13721589824304,58.38775871981125,13.267499743497298,49.54140887420185,17.30044666604583,42.76524310243542,WST-01,23.084426560093906,Substation West,West Sector,West Sector
16.980900805239045,42.89183606268684,554.3750226019002,48.1749886342414,5.7845960619549235,26.080711897011085,80.11743272282725,17.2142540992219,42.91658454387061,STH-02,6.999642493257456,Logistics Depot South,South Sector,South Sector
16.962323727991453,42.87961274503428,533.6669443215727,54.140934829430165,7.493240706639002,23.248546390469716,83.96819441789047,17.169615170095277,42.9081502791737,STH-02,4.572957398643158,Logistics Depot South,South Sector,South Sector
17.02381998345148,42.97713166082116,320.7429979909389,37.207559813258364,52.25784510477856,9.543100681770769,38.95780967551654,17.076340721814198,43.04812816224489,STH-03,3.4120673460844566,Comms Relay South,South Sector,South Sector
16.969659130175515,42.54935241955445,465.078453195804,37.52104287460609,39.81031414315548,18.979890699950648,55.98364559818632,17.100745885671824,42.66369128875351,STH-01,5.113051430208765,Power Plant South Bravo,South Sector,South Sector
17.08653535272353,42.825771705931544,751.1441848441301,48.21534042260541,26.16435187471958,42.42558159364566,104.7234381422589,17.428905193753913,43.00210631559412,NTH-03,21.962434492778762,Comms Relay North,North Sector,North Sector
17.104826340377134,42.85415169858849,646.7673428457751,58.19639462562916,38.94140434355097,30.032472217611627,104.3617174041939,17.314820180710107,43.03196644661557,EST-01,13.691630992423425,Substation East,East Sector,East Sector
17.043770984708576,42.9617670956828,783.700498053618,38.9531992727629,56.099089411824615,45.63603372566385,92.40470521583016,17.272370709996544,43.31849866226162,EST-03,3.8010232128993926,Forward Operating Base East,East Sector,East Sector
16.965288144772465,42.94414145083332,625.612826628459,41.30263989687039,5.962638686142356,32.18845454217737,79.47396255376951,17.25319692963454,42.97562904514518,STH-02,10.714634579870948,Logistics Depot South,South Sector,South Sector
16.98348011047477,42.744115517025065,812.4502592851604,59.79999904380868,14.622661630519932,41.177329339190806,128.66647803059774,17.34177795812665,42.84205390146076,STH-02,23.237058125087923,Logistics Depot South,South Sector,South Sector
17.065351313396977,42.74749191151839,777.64025976103,35.28666495619547,51.61802420824445,44.12385322246805,84.75606845170543,17.3114733445624,43.0733088925374,EST-01,9.291253827833817,Substation East,East Sector,East Sector
16.96815853524796,42.500374737042534,358.97074208534826,32.30904505125912,46.83836071806642,11.125497581761186,38.46451827666222,17.03658706536638,42.57670628193034,STH-01,10.353932021055899,Power Plant South Bravo,South Sector,South Sector
17.159456917682974,42.98497762145426,886.2038208095954,47.692657166418186,59.65540329343145,54.13910044191259,119.18201726925281,17.40495187364621,43.42532012324307,EST-02,13.401285654817658,Water Treatment East,East Sector,East Sector
17.012106162457442,42.55301047762205,308.84846814079725,30.72800965264899,18.83452890433155,8.152435631637898,31.791062156893776,17.08149543612712,42.57777197212897,STH-01,6.202671585974893,Power Plant South Bravo,South Sector,South Sector
17.04062147063509,42.834841731070775,658.1028227577712,35.41299693824468,56.69318382831271,33.861145325443935,73.40808151980198,17.207666321560488,43.10126729428384,EST-01,12.012963057558046,Substation East,East Sector,East Sector
17.068237733153428,42.87747700288319,775.5069055900574,48.666275420714044,20.621329877700248,44.38516766106121,108.29948276302811,17.441774053315743,43.02483305833425,NTH-03,19.15877771793316,Comms Relay North,North Sector,North Sector
17.074982889920744,42.66472930276683,499.1364839105421,49.785372020739985,42.90559147112959,21.59280630145223,74.53438624407663,17.217174388620865,42.80313314762634,STH-02,16.847088381341667,Logistics Depot South,South Sector,South Sector
16.95049821230244,42.526716232017435,659.1418753782948,45.31275748942859,52.964576857295185,35.026964209617454,89.38436398052292,17.140059267840083,42.78985939885649,STH-02,17.15894664395145,Logistics Depot South,South Sector,South Sector
16.98362111129961,42.51337623053181,517.2735185084689,41.5124413868815,10.246925715501705,23.357852990999685,67.12004336551135,17.190328862769125,42.55249157303615,STH-01,10.611434344232165,Power Plant South Bravo,South Sector,South Sector
17.208829369122263,42.913897600540956,336.36898500450116,47.28592753265545,12.338319302112017,10.721490315283067,49.43976357718319,17.303021728089288,42.93547770351165,STH-02,15.977926153549925,Logistics Depot South,South Sector,South Sector
16.950369918753573,42.70645389204911,305.07691145359854,49.30157259099716,34.8575188819408,8.846157642669727,46.407836493682844,17.01564556749139,42.75400425084433,STH-01,18.372467710128245,Power Plant South Bravo,South Sector,South Sector
17.10245020674386,42.45408218922296,356.91721806671296,54.10446138874952,50.62948620213085,11.375500903729547,57.62475133481537,17.16732702034527,42.53685574706071,STH-01,10.283083606352582,Power Plant South Bravo,South Sector,South Sector
17.096850601952163,42.83021168365773,359.0457564720281,53.78252484629542,4.736972113326701,11.543785766134137,57.71960703130269,17.200311417893047,42.83918631398467,STH-02,12.596645530215033,Logistics Depot South,South Sector,South Sector
17.04992824830319,42.55010263168302,666.53386643625,49.94402296544844,51.05284858535421,34.866201360034694,96.87285323442327,17.24687245228548,42.80544636618265,STH-02,18.14036885808184,Logistics Depot South,South Sector,South Sector
17.079398106043936,42.92583685045053,615.5191385775079,56.82697749685397,20.587231772705792,28.378699840541486,98.461162016324,17.318293225201103,43.01984034311636,EST-01,15.017664473345675,Substation East,East Sector,East Sector
17.184174341257975,42.58574307161798,573.2779801038853,55.14075760786257,24.37359683835011,25.88403029949457,90.6611141735858,17.396182865828646,42.68641234052393,WST-03,9.999875903463781,Radar Station West,East Sector,West Sector
17.202361111864487,42.520162498054084,715.1528853614506,33.99738024653821,20.391665741253362,38.22750983645405,76.39188072458985,17.524565563644664,42.64577998005302,WST-03,7.682344238160583,Radar Station West,West Sector,West Sector
17.028104563024574,42.45091506613296,310.09568220746905,58.7003832397045,54.688794276461245,8.175553732189302,53.07090973563917,17.070593313527986,42.5136778848007,STH-01,12.564826987729568,Power Plant South Bravo,South Sector,South Sector
17.046747132290317,42.706918681982586,462.59008884943853,56.75226906953761,7.847659594970344,17.523502936015294,75.92797264633359,17.20286240399954,42.72944397067761,STH-01,14.835822072284868,Power Plant South Bravo,South Sector,South Sector
17.0227448559085,42.67044255269097,766.4356387725768,39.62781538523879,34.45646887058059,44.21910793198069,91.90005589093946,17.350511007001245,42.90616152492203,STH-02,21.68935661700997,Logistics Depot South,South Sector,South Sector
17.093959020165318,42.850787286761886,845.9862639102711,30.605532558211184,8.886484837547503,47.756006105732496,80.91756039330255,17.518271244069073,42.920358156502516,NTH-01,16.38751296721569,Power Plant North Alpha,North Sector,North Sector
17.154977507297644,42.67876155231582,563.0019577425489,48.11927840274862,55.71567780569048,26.774412666747697,81.17769119169688,17.290506262844204,42.88712898401786,STH-02,15.974217171626133,Logistics Depot South,South Sector,South Sector
17.018475862639026,42.60628958135462,348.8903880830798,43.15252730599164,47.87587881213717,11.520277116070492,47.71525016442909,17.087951432436736,42.68668102212371,STH-01,7.932243409130334,Power Plant South Bravo,South Sector,South Sector
17.04922072261646,42.55699294937977,779.2372435370928,52.486999877583955,14.02915645566467,43.28312243236539,114.54267880392511,17.42684013332233,42.65589300476586,WST-03,5.300308340024112,Radar Station West,West Sector,West Sector
17.229115385276746,42.566888047281985,831.1022599636401,45.737992935258674,17.866696085289213,49.84975544760965,109.72866246767548,17.655752017106987,42.71122854892144,NTH-01,11.1387398290894,Power Plant North Alpha,North Sector,North Sector
16.964570786954088,42.95670874109669,548.1961624162317,32.294713057528405,22.89091967776065,23.996026118002042,57.47022475661698,17.163358113018333,43.04456284762102,STH-03,10.004791720238378,Comms Relay South,South Sector,South Sector
17.08823088157187,42.49904716125268,446.01315235216623,37.340622607643276,24.32506051772619,17.581809752028104,53.60207337146185,17.232299153695823,42.56723845471106,WST-01,11.016955986503438,Substation West,West Sector,West Sector
17.163467412479033,42.99290585473429,326.38300093376716,56.47571268379589,49.04057151792331,9.335251108817975,54.409253405521056,17.218490342266556,43.05928029070401,STH-02,13.30643396631301,Logistics Depot South,South Sector,South Sector
16.99513620346724,42.59615167311534,654.6496931369136,31.130690871451502,33.87200131855142,31.94571835384881,65.5053064377584,17.23360353686437,42.76379823471018,STH-01,19.822770583386212,Power Plant South Bravo,South Sector,South Sector
16.964212206001644,42.4530341412505,845.9216943374995,52.10009008194861,25.676958893503684,48.950738584908194,121.97153318710924,17.360866842314408,42.65288455002337,WST-01,11.446694579062154,Substation West,West Sector,West Sector
16.99146161149156,42.54921422847272,706.7328153121954,38.758305238542974,43.16667941618117,38.84190012698676,84.16874306547113,17.246085702927605,42.79943661309335,STH-02,18.638735220887384,Logistics Depot South,South Sector,South Sector
17.225646958059205,42.43504862773277,490.34915873684065,43.579194091274914,27.471892580628396,21.347565363197322,66.36691569746033,17.39596011875604,42.52785779647979,WST-01,7.701695691915499,Substation West,West Sector,West Sector
16.952777934546337,42.87401786149835,685.7329945739801,45.93016295734826,7.694401013087429,37.23476535855962,93.4704865022845,17.284617389830267,42.92097220404571,STH-02,14.195671096699616,Logistics Depot South,West Sector,South Sector
17.006496592443405,42.70753174752466,799.2410444688153,37.50244071921603,6.449351056171702,46.70018814303573,91.16421116398409,17.423817039098545,42.75697465053133,WST-03,15.077337623762844,Radar Station West,West Sector,West Sector
16.95938505387049,42.60219197132008,585.4980356096747,49.55881328992989,19.557400787710304,28.34132938657427,85.89968416181529,17.199540057357634,42.69150695647238,STH-01,11.659466737502358,Power Plant South Bravo,South Sector,South Sector
16.98318884026866,42.79722976277894,791.8490939987032,50.803266542936285,36.17221425691033,45.04529760353264,113.55430778944516,17.31005210928776,43.04766792643079,EST-01,11.977642867005635,Substation East,East Sector,East Sector
17.13604478598849,42.77838791557019,535.1458059998124,32.55178439012325,8.090479658894065,23.08808231212355,56.584679824089726,17.341611715035246,42.80900138776906,WST-03,23.988929516635746,Radar Station West,West Sector,West Sector
17.022491672621726,42.96392325353656,509.10340715746236,41.21781227554262,33.00805024184444,22.702008332200986,65.76523237602493,17.193669017206027,43.0803455082181,STH-03,12.6394888076425,Comms Relay South,South Sector,South Sector
17.120763615129203,42.976756310049026,649.7931755271325,52.331319036188745,16.17657868852401,32.79570728834336,97.84777470066442,17.404006507421787,43.06286763148887,EST-01,15.492811376690723,Substation East,East Sector,East Sector
17.12705861482984,42.808410265399246,578.8118506166888,51.649126795233954,41.724804936497506,27.351457150861908,87.5188905027621,17.31057134940217,42.97988794151172,STH-02,17.04102117278105,Logistics Depot South,North Sector,South Sector
17.204830599926932,42.8906895563465,886.2671522766499,46.33810031715717,1.6957620705822385,54.51310146531319,116.75931338570052,17.694862743769548,42.90591738117212,NTH-02,13.539344061212605,Desalination Plant North,North Sector,North Sector
16.951422417873562,42.875455060201105,609.8336541169049,53.33024339604042,28.14140588883438,29.296448968133337,93.71143268136646,17.183704391698846,43.00552568856517,STH-02,6.4610550292873645,Logistics Depot South,South Sector,South Sector
17.206010837802708,42.69478211961994,531.1032173496129,33.2293467911953,3.135848940853956,22.98622027081732,57.19259729557994,17.41242071608751,42.70663348700248,WST-03,10.604577088466824,Radar Station West,West Sector,West Sector
17.135735725928093,42.82267497282005,536.9601258771218,33.5463380353359,19.83046651651923,23.523348621537508,58.25060270588598,17.334727243939867,42.89785542365803,STH-02,20.20253639026399,Logistics Depot South,South Sector,South Sector
16.998823045831486,42.446955404610144,628.76397036787,49.72467900889035,0.934508657212747,31.81107536553994,91.74872888135604,17.28486841428575,42.45184195215177,WST-02,4.992979328616986,Fuel Storage West,West Sector,West Sector
17.181881216440583,42.854812649890185,512.9472228049173,50.80001603685386,28.14592563467588,22.46600673035977,77.5304321424165,17.36000638803188,42.95466773070825,STH-02,22.245249002569793,Logistics Depot South,South Sector,South Sector
17.206647462537177,42.97709980431542,733.7439611789616,54.43580565963211,46.020952108680696,38.66850940014674,111.5349786767037,17.44795582270224,43.23940954740624,EST-02,7.1400650407421775,Water Treatment East,East Sector,East Sector
17.02627904512625,42.45098485187544,528.3977566209845,35.43110633319771,6.013202264756674,23.35009565703961,60.116270877269244,17.235114488083724,42.47401731046011,WST-02,2.6078639012040594,Fuel Storage West,West Sector,West Sector
17.225638104270804,42.90166947075511,530.4866319151458,45.50314978293315,44.11336151964163,24.426945423797648,73.76884402091787,17.38329441150326,43.06189989114273,EST-01,13.93562145177015,Substation East,East Sector,East Sector
17.086337229089597,42.95978801598956,670.1839496260827,49.824938914067474,35.05171602553987,35.19913985094492,97.17209778275625,17.34538908481609,43.15025004010181,EST-01,5.152068813199921,Substation East,East Sector,East Sector
17.131027336299997,42.53571333388123,336.508123617606,36.71098721487045,30.276316388161206,10.399632431241615,40.3504458757452,17.211790784708427,42.58507702285135,STH-01,10.86013660112762,Power Plant South Bravo,South Sector,South Sector
17.245394860085295,42.71488671256552,693.2129508690876,45.50783596781972,35.9689957368145,37.92089015494186,93.71227411961473,17.521293175442906,42.92493435909455,NTH-02,16.606555003529525,Desalination Plant North,North Sector,North Sector
17.05846082359176,42.956714935277795,602.9833302952122,49.15335073171788,20.153827903751733,29.828095243729294,87.67568316383584,17.310263251029223,43.053522688803014,EST-01,11.361279009950177,Substation East,East Sector,East Sector
17.193947803746035,42.97613560271378,571.815668571985,36.43348534433041,42.620373226097364,27.000059016967445,66.18284590464974,17.37255294069459,43.14841468884174,EST-01,8.160712200145488,Substation East,East Sector,East Sector
17.045519735348538,42.476729430611385,731.5517944247708,41.26690230750424,46.779950515246334,41.3247979047075,91.13733534178297,17.299823733906518,42.76038739064563,WST-01,22.584557733652247,Substation West,West Sector,West Sector
17.18976405667245,42.60940253533327,754.9534692029166,36.49016430407124,46.693431935212644,42.52539750286174,84.91050087715587,17.451869611348496,42.90112909752554,NTH-01,19.182547411158627,Power Plant North Alpha,North Sector,North Sector
17.130220175658792,42.81888678469051,807.7565180474755,57.08828713285796,16.167587363621305,42.89384211496024,124.55047461650221,17.50068591157957,42.93151114289708,NTH-02,18.10982484652504,Desalination Plant North,North Sector,North Sector
17.01490670856762,42.53293509963156,524.8818724904684,37.10396645789975,39.23442058139115,23.42032840031761,62.0968611148691,17.1780008641093,42.67237345506703,STH-01,8.518298951110008,Power Plant South Bravo,South Sector,South Sector
17.07420782813677,42.59486237718069,496.22261535202864,33.62503877957391,8.885743544716584,20.491992641458996,54.225868123714875,17.256282537705605,42.62467011900253,WST-01,11.40343692763264,Substation West,West Sector,West Sector
17.045290690309066,42.41397463600281,728.6052608967117,31.05465934581431,29.725176815776024,38.025324847829516,71.93564858938471,17.34218420308323,42.59161123586853,WST-01,4.619898769044995,Substation West,West Sector,West Sector
16.97343251792411,42.49211300855872,649.0829154842675,31.348604172340504,0.15775560357105478,31.59249629418648,65.39324591493376,17.257549191923058,42.492932158746044,WST-02,4.959205845240065,Fuel Storage West,West Sector,West Sector
16.95895043102991,42.737397696650646,679.08092781109,35.74758704900451,11.615205540500465,35.74022940106501,76.08121185856253,17.273776292294496,42.8051678765421,STH-02,19.917160638795185,Logistics Depot South,South Sector,South Sector
17.053943596622155,42.79185403978251,633.3137442635011,48.246255339208574,37.90404694995634,32.480516827898256,90.36421845145055,17.284338771576582,42.979791854911355,STH-02,14.183314767062223,Logistics Depot South,South Sector,South Sector
16.955710244345244,42.7893470986575,763.6158139223127,30.52949623533368,52.46169031218776,40.68354028871728,73.88748762790958,17.178409921799528,43.09301253617241,STH-03,11.029717024073518,Comms Relay South,South Sector,South Sector
16.999646327274533,42.86701628246693,414.0245330952919,38.60231774271442,2.9416979151614586,15.504845873713931,51.350036573788586,17.138900684953747,42.87450475158812,STH-02,8.357525409813672,Logistics Depot South,South Sector,South Sector
17.16755499625526,42.64916884824327,633.4272796448381,31.74500673969898,33.5131675304598,30.496071133841713,64.65765164432025,17.3961573812908,42.807851911547345,NTH-01,20.654702314663947,Power Plant North Alpha,North Sector,North Sector
17.162427370705075,42.56409442974469,394.8610733661779,42.10976310897503,38.20650120630183,14.448244674204282,52.68307418480619,17.26451190956624,42.64825119212867,WST-01,12.721314577959195,Substation West,West Sector,West Sector
17.171574115937215,42.409348420025516,544.3511635745951,31.457302134895727,55.943458870964776,23.419659224304088,55.81020193322213,17.289439986927558,42.59209955537392,WST-01,6.3494067742314675,Substation West,West Sector,West Sector
17.045145951338995,42.52397789563143,698.3962940496449,48.22625329862484,39.30862767869739,37.938218060700116,98.40617235625918,17.309011150497735,42.75037009089431,WST-01,21.39763201988477,Substation West,West Sector,West Sector
17.217005837135307,42.58743268732122,595.8429649885022,50.652727965570456,6.181962148244303,28.93849932832334,88.61272161330612,17.4757401425085,42.61681407246988,WST-03,1.7825499707401635,Radar Station West,West Sector,West Sector
17.128149164408534,42.50692411388828,527.7549220033088,51.9401264893129,8.80465455266883,23.355687530739164,80.81561949199619,17.335713673812805,42.540604342347024,WST-01,1.1824856395625862,Substation West,South Sector,West Sector
16.987807902523986,42.41208668289796,830.9820008493637,36.73030195938765,38.14584773321987,49.29811762153652,92.66333667103419,17.33627334282794,42.69895768855736,WST-01,15.82657741592604,Substation West,West Sector,West Sector
16.99311559843666,42.494468565199114,763.695428698487,56.0550048588523,12.93718060579396,40.15004625264199,117.54163869894542,17.345010012489173,42.57915814181206,WST-01,3.5162917247084358,Substation West,West Sector,West Sector
17.15792862807891,42.79965973214054,615.774471000225,50.70864501992779,55.698328492637295,30.52432630087889,91.31700329278101,17.31249054127913,43.03718953060195,EST-01,13.111463471189172,Substation East,East Sector,East Sector
17.001883180932623,42.77775124988356,870.0318934052927,31.69950657899461,55.24123204715316,50.50858584323454,85.35493639488797,17.260478251858547,43.16852898482648,EST-01,4.486957164107937,Substation East,East Sector,East Sector
17.102187810474614,42.961410183638826,554.6191736609964,43.22300126104281,56.9193516094328,26.39444983316218,73.8601725944514,17.231642675152994,43.1696505584996,EST-01,7.669762938097385,Substation East,East Sector,East Sector
17.247532342778612,42.87890097483839,772.8437565528636,53.032694801174436,17.5771564687316,42.505203529329165,114.5419089784904,17.611906685169448,43.000015104098225,NTH-02,3.774102940686455,Desalination Plant North,North Sector,North Sector
16.951202281420002,42.74065367010471,400.76174388085076,39.32681780160689,43.01699447761899,14.675212548938353,50.55215594958466,17.047675961762817,42.834828403511324,STH-02,17.487644584190658,Logistics Depot South,South Sector,South Sector
16.954973940569268,42.48253380849592,471.4754862663582,41.44676321721794,39.78083441609097,19.851549483722973,61.5015542565256,17.092138235817853,42.60204436177469,STH-01,3.6386262006689982,Power Plant South Bravo,South Sector,South Sector
17.24792537457915,42.738443091355094,502.8513488003729,48.888114818896284,2.1362268802663253,21.993682215929525,74.06849676921466,17.44558142784703,42.746171432566825,WST-03,13.479467135889132,Radar Station West,West Sector,West Sector
17.12539165024025,42.436957036548506,363.492451622714,31.664426403476934,15.933904580776781,11.27534523828126,38.24763007058459,17.222895094014145,42.46610142661973,WST-02,2.5576877293938085,Fuel Storage West,West Sector,West Sector
16.988072992655553,42.65853093844651,601.0828890456407,59.00805121523752,12.406003780768105,26.30014034932819,98.67327879250892,17.21906573307817,42.7117290935563,STH-01,14.707625766518081,Power Plant South Bravo,South Sector,South Sector
17.219190659926227,42.634155177368314,415.3560804758974,35.234430318291835,22.248516104300396,15.146369773504768,47.70143826968216,17.345256712993994,42.68818629280054,WST-03,14.66742646983857,Radar Station West,West Sector,West Sector
17.214114090038308,42.65668828561776,680.5115336697952,30.800159989387808,57.183222992713496,33.90008411509589,67.21063120856749,17.37916169920861,42.92515945813636,STH-02,24.512026905199736,Logistics Depot South,South Sector,South Sector
17.110860123933413,42.56789555103687,414.05541574381095,30.159689461212608,50.736098337500295,14.004182055193857,41.52493741546367,17.190542658378547,42.66996482729587,STH-01,9.471542743954346,Power Plant South Bravo,South Sector,South Sector
17.13653760895823,42.8114982685743,374.1037544035652,41.98663124998187,17.605475482096615,13.078788721370879,49.91828520958473,17.24864528174806,42.848749051418395,STH-02,14.588546279203445,Logistics Depot South,South Sector,South Sector
17.031956157450264,42.90456668037927,881.4520365593547,56.52760096426133,31.801891865959387,48.97062254217353,132.88624103845902,17.406098288786264,43.1477877054549,EST-01,11.868594146491612,Substation East,East Sector,East Sector
16.9651559089116,42.861110195559384,694.9441834866637,54.592862376537866,11.535967295199715,35.509766892605434,106.67811075513468,17.278040527135314,42.927991830065594,STH-02,13.332044602746416,Logistics Depot South,South Sector,South Sector
17.12837028266726,42.776651257474526,861.8705488250931,57.36137394749085,16.646039537756295,46.8270360603378,131.687242906093,17.531807617463656,42.90316146871157,NTH-01,14.113950932233582,Power Plant North Alpha,North Sector,North Sector
17.03842655796083,42.72300687959981,593.9326751959392,46.013469579866964,3.9001949408930714,29.510930875531926,82.41912140739446,17.303208842952568,42.741914506352714,WST-01,20.589362435251655,Substation West,West Sector,West Sector
17.149086313998104,42.418650508004816,320.04147783802455,43.46238701625493,38.5563900550102,9.805496010012828,44.15270908788193,17.218036700823212,42.476192206448104,WST-02,3.7016989086478405,Fuel Storage West,West Sector,West Sector
17.20087355305278,42.83376039921515,644.6227022588664,41.57582928320383,39.41524646977973,33.8199891206307,82.04693836108744,17.435747804632182,43.03617602079646,NTH-03,18.507184815720706,Comms Relay North,North Sector,North Sector
16.95544816317431,42.7269897637471,634.9973321014251,31.392542273739174,50.31009724820661,30.472189040688395,64.18327614179314,17.130341774766514,42.94765805262557,STH-02,3.3072235894915103,Logistics Depot South,South Sector,South Sector
17.12871413240572,42.56244463039833,308.9853635619564,57.28563768915461,52.29310880563524,8.319299943485488,52.084895251977464,17.17446453409031,42.62439874886468,STH-01,6.074196092833338,Power Plant South Bravo,South Sector,South Sector
17.019384161906054,42.596705223312064,816.745226641099,44.88528276854183,9.603563951623368,48.723169877931056,106.66607645259265,17.45140635905279,42.673332739178704,WST-03,5.737376720416858,Radar Station West,West Sector,West Sector
17.21216654937114,42.961364071881846,671.9824083698547,43.652022931545304,44.582456769779235,36.207798489771946,88.38323732464126,17.44394736251347,43.20094880602994,NTH-03,9.82317957471418,Comms Relay North,North Sector,North Sector
17.026099351968547,42.77461734707033,746.8147016256876,45.45502461042352,8.08245796963994,42.55625615520195,99.83638277206741,17.40500699613132,42.83100815338548,NTH-01,20.196316831756075,Power Plant North Alpha,North Sector,North Sector
17.133231039970624,42.68554746079452,596.3526636945087,53.82463554342601,22.422900704748653,28.086001860501653,92.43517273056376,17.366692171555922,42.78649423785055,WST-03,20.486493395632763,Radar Station West,West Sector,West Sector
17.116062252026882,42.77255304382504,671.0414627449578,36.73413257947692,30.93219429355327,35.32427991910423,76.98685764572693,17.388487130601977,42.9436663877168,EST-01,24.98081433289005,Substation East,East Sector,East Sector
17.068849950017775,42.64824539499139,454.4819359371145,51.2970203698477,2.968194845224561,18.117883808958414,69.7958615699807,17.231568985062385,42.65707906190073,STH-01,13.016285819620892,Power Plant South Bravo,South Sector,South Sector
17.15328622907994,42.68210936392181,884.2546606611883,51.32309222562098,9.40582269272726,52.50213145213514,125.16124469209085,17.61908440946081,42.763070103188284,NTH-01,4.701867476464575,Power Plant North Alpha,North Sector,North Sector
17.16773089041463,42.5741855540246,540.432004528599,55.48658346774549,16.266965999402288,23.339755994307083,86.31395201681822,17.369217799607345,42.635790096907726,WST-01,10.095815245758288,Substation West,West Sector,West Sector
17.120081338595817,42.66391198035499,397.3959728025775,30.2605079539161,7.652539778051359,13.00205547086534,40.038387771784016,17.235969419753992,42.68021513601468,STH-01,14.394716110159747,Power Plant South Bravo,North Sector,South Sector
17.177526671155427,42.81135533946274,333.54925102477637,35.111866297053965,56.04577633237999,10.058773253633216,38.51343617686402,17.228036454196346,42.88991567926905,STH-02,9.897996173506614,Logistics Depot South,South Sector,South Sector
17.24502512279788,42.42396515505188,681.7031598512226,44.13140556134266,17.29915128522698,37.028662422820894,90.2487197975588,17.56294118581277,42.52782916172953,WST-03,15.051714898951387,Radar Station West,West Sector,West Sector
17.07578171637024,42.877016444377695,890.0279107058734,55.516211623844356,30.07029987053482,50.39042211269074,132.42119387533438,17.467821756682078,43.11505892154355,NTH-03,9.758706073246282,Comms Relay North,North Sector,North Sector
17.10437491556566,42.569787724516786,837.476698107769,58.95350584883953,59.79205427554117,43.71570345007781,130.79385239168798,17.301869942011848,42.92564668910677,STH-02,15.98586263234483,Logistics Depot South,South Sector,South Sector
16.953740963382362,42.8095358760595,721.2627404918481,47.84605844038204,33.99856061587464,39.96047086296194,100.60160539062478,17.251571232971344,43.0199524211605,STH-02,12.60506065807616,Logistics Depot South,North Sector,South Sector
17.188808566893112,42.78563518880804,894.3587573957165,36.364019262690604,24.68974649952508,54.799367104436435,97.74452306185535,17.636462472066484,43.00163967358367,NTH-02,1.984966219035284,Desalination Plant North,North Sector,North Sector
17.106069020113797,42.79157682948478,733.6969572252639,35.53754087473937,55.78754435545711,40.37704122459108,81.0530361229204,17.30999406132277,43.10610594836896,EST-01,5.828414926937501,Substation East,East Sector,East Sector
17.07238842910817,42.76487734975348,503.5506740408376,49.18331861958802,13.349865321996512,22.00852334767735,74.4870306709358,17.26496160780115,42.812734285257875,STH-02,18.675773716559554,Logistics Depot South,North Sector,South Sector
16.978221588926818,42.97546110284172,660.7308798361039,36.30207441178214,10.770044450322477,34.33453335079304,75.19758749143175,17.28155101375823,43.03588931520187,EST-01,13.335567279169522,Substation East,East Sector,East Sector
17.21689692650262,42.705006497617234,347.85998549133694,46.59262271762658,32.121862142447014,11.436859666490925,50.49619215286112,17.303997844800612,42.76228878659981,WST-01,22.720212203871363,Substation West,West Sector,West Sector
17.068502172012167,42.83939146930921,433.0094941335245,55.044357874317065,25.638104269883407,15.972152584860293,69.99167665291218,17.197990448876524,42.904451627411504,STH-02,6.423326337116781,Logistics Depot South,South Sector,South Sector
17.154774479462766,42.823269598740744,550.5241415570954,41.694589453862704,47.8191646389279,26.009725118330117,71.32205838360561,17.311757936579305,43.00482879119875,EST-01,16.5249800182956,Substation East,North Sector,East Sector
16.994812246910445,42.541760546366994,421.09109613782715,41.35416569225788,2.520602478262035,16.207671192076436,55.19577137917503,17.1404299986768,42.54846875794874,STH-01,7.933280346797912,Power Plant South Bravo,South Sector,South Sector
17.23846488886231,42.56998350351209,872.1006088969024,31.084210106732215,37.063549464673194,50.31187775169036,84.13302179787037,17.59931410344711,42.85607327751802,NTH-01,8.344578238665603,Power Plant North Alpha,North Sector,North Sector
17.00353252854655,42.65441025889418,897.3585160467896,37.62253735273664,42.640748573872585,55.43227131004282,100.70692448105108,17.369939896747145,43.008236489192086,EST-01,17.887892246876014,Substation East,East Sector,East Sector
17.009862597869848,42.566618758277926,522.5615520729992,50.945743788578234,58.315005649438014,23.165314047521132,79.01879401015698,17.119203760452436,42.752115700855484,STH-01,14.039988369982671,Power Plant South Bravo,South Sector,South Sector
17.207694858167315,42.62004585935797,725.5373916463192,40.811737353965896,8.745792014390128,40.76130127396271,89.70888985506788,17.569998789812445,42.678510923235535,NTH-01,10.815651700488393,Power Plant North Alpha,North Sector,North Sector
17.22377482324258,42.63457636835698,544.6624383979444,34.74896751869766,14.774593122568058,24.444347990240786,60.82097080289324,17.436330842613355,42.6933374356405,WST-03,8.21268911367984,Radar Station West,West Sector,West Sector
17.01364422225699,42.762318736563,383.70552263172385,33.17303201280981,55.94659389415453,12.758508003898834,41.97476093515412,17.077870406693435,42.8617675751841,STH-02,13.088797833886737,Logistics Depot South,South Sector,South Sector
17.09094026645245,42.531934025641036,502.15610862126516,32.85160134452127,37.83773072899803,20.721723785047725,53.74505877370716,17.238078916045797,42.65162528579765,STH-01,13.552823028817276,Power Plant South Bravo,South Sector,South Sector
17.170048471368847,42.88257511952601,440.02301922939796,49.774002993536854,2.282941964130698,17.302721678060657,66.28228951451723,17.325531761531067,42.889068208872686,STH-02,19.510610766681907,Logistics Depot South,South Sector,South Sector
17.21350972014324,42.6625218140629,496.84693224445186,48.37864436380646,4.640640135346739,21.59974325510487,72.69624319735989,17.407123134363854,42.67899212002271,WST-03,8.587012119459164,Radar Station West,West Sector,West Sector
17.06371580851119,42.82374646700995,429.0130130386299,45.55563016806255,47.1264336376601,16.821021047015424,60.604556414981886,17.16660762763873,42.93977840055186,STH-02,1.3111755059844998,Logistics Depot South,South Sector,South Sector
17.10510584605483,42.44886548874449,367.40707143494785,45.00979344477418,34.04846990738494,12.688603791006255,51.82338150371559,17.19964331444042,42.51574654739363,WST-02,8.300578370894614,Fuel Storage West,West Sector,West Sector
17.17251492315592,42.68197923647462,430.45705761744773,34.594105580636146,33.92492889713243,16.05150580565612,48.58294849474027,17.29227830203796,42.766358151621375,WST-01,23.348062915775998,Substation West,West Sector,West Sector
17.16934079299584,42.4169317193064,843.4542190979057,45.01812674280262,52.79193859867712,51.04046978151566,109.78977373644157,17.44655092932796,42.80014129688584,NTH-01,14.991797958499053,Power Plant North Alpha,North Sector,North Sector
17.184888039007824,42.80554599508934,351.1330054659172,31.798133298011397,14.465875162273695,10.588608914822313,37.12673165045186,17.277093051336742,42.8304576608482,STH-02,18.18606878988165,Logistics Depot South,South Sector,South Sector
17.12098014559246,42.60622604619824,494.8539862531407,57.77575375808064,9.625858909321199,19.385720132523932,81.71850694855681,17.292862993785707,42.636758115003204,WST-01,10.093457800083831,Substation West,West Sector,West Sector
16.98138452904143,42.9695516884635,617.0699367015811,31.740826620078206,36.828356857324835,29.179101815363218,63.12980284900314,17.1913632378012,43.13420342957079,EST-01,12.3866121629976,Substation East,East Sector,East Sector
17.221191987263413,42.59447452876085,512.7075937070141,42.70590584681756,52.945385859233,23.0551085139027,68.07923559646096,17.346055381886522,42.76782777456788,WST-03,20.163301838362916,Radar Station West,West Sector,West Sector
17.209671761796308,42.738283538810634,610.5642570113323,30.017131692095166,15.91503868005709,27.91808800548797,59.56511598674503,17.45110813711191,42.81045218156726,NTH-01,14.691411715540179,Power Plant North Alpha,North Sector,North Sector
17.1894292307455,42.554432545416766,326.05203614061236,53.584513163497334,40.87766188748112,9.672798515178581,52.49090987984123,17.25519394302005,42.61404542955893,WST-01,10.743615627145974,Substation West,East Sector,West Sector
16.979958743148217,42.772067577368404,689.1417800186266,34.9851056560689,9.14274191149645,36.3594840918319,75.71540541051793,17.302785531269084,42.82648663799,STH-02,20.594976221148983,Logistics Depot South,South Sector,South Sector
17.011319210124427,42.68022541007994,638.0872809336361,57.74748053465034,10.314521749748934,29.62193627034212,102.64870171091431,17.273404157794307,42.73017675602648,WST-01,20.136866954349593,Substation West,West Sector,West Sector
17.173080109532297,42.62237695690338,708.5797595128149,31.319332435816936,54.09060347176425,36.483858037890755,70.68981267543164,17.365325084867923,42.90081607665468,STH-02,23.42086702885974,Logistics Depot South,South Sector,South Sector
16.956942028374584,42.52221360944811,640.3546894963422,54.623620036932806,7.077899694382522,31.208002740628846,99.39833426029598,17.235459990495112,42.55842195470029,WST-01,10.550346268244473,Substation West,West Sector,West Sector
17.243767390112183,42.46691280638287,562.7421494553979,49.69913438446764,1.4607321993116806,26.505505518469416,83.05496468987523,17.482059235402478,42.473283516358606,WST-03,15.75369093235184,Radar Station West,West Sector,West Sector
17.063143404106704,42.471927480374,510.08492537644946,37.49207156657671,46.49642688664705,22.34502323902963,60.99490948290028,17.201422550527923,42.62450999296891,STH-01,9.06645780119293,Power Plant South Bravo,South Sector,South Sector
17.165793760107245,42.99942401050333,435.8611140598657,36.07258827691785,21.750572911510822,16.6784178295045,50.94556771115148,17.30509922964099,43.05764140112365,EST-01,10.881502358017611,Substation East,East Sector,East Sector
17.216271326546412,42.64738643611434,600.0406360839676,40.73033800131067,23.799513132127853,29.996414631479436,75.70968473389352,17.463063071921663,42.761505631678915,NTH-01,13.149862740680863,Power Plant North Alpha,North Sector,North Sector
17.068388966445024,42.401157824724,315.63147142650416,54.85208649526065,47.99145269449173,8.966209147081434,51.6821898409809,17.122343583322536,42.46385191957381,WST-02,13.165312183359367,Fuel Storage West,West Sector,West Sector
17.045739746579898,42.971757274375605,496.94449685959546,55.85869645006366,10.796147494640891,20.118252204175615,80.29884865138727,17.223461754069277,43.00723880157625,STH-02,9.314838283282548,Logistics Depot South,South Sector,South Sector
17.132622338669474,42.411987954537885,706.7233761387176,35.25856138572977,39.01961649126214,37.95516121360719,77.92287976571265,17.397693571827787,42.637191865802265,WST-03,7.164221984482453,Radar Station West,West Sector,West Sector
17.124296812124413,42.65115167533272,365.23022381181556,40.60344119052992,18.81169973025807,12.448413475493023,47.481090522331144,17.230264372321074,42.6889474993427,STH-01,14.282170976090441,Power Plant South Bravo,South Sector,South Sector
17.07274199328744,42.830486551582396,337.7347453917171,37.12474151706762,6.256107638810649,10.510626872820392,40.878562961597865,17.166702998682336,42.841267404733344,STH-02,11.576125384140324,Logistics Depot South,South Sector,South Sector
17.13053242676031,42.94875954662306,691.3071631748192,33.67928542913694,41.24976293820527,36.07473471694895,73.55007293090802,17.37432696751058,43.17289412530204,EST-01,8.377346655125072,Substation East,East Sector,East Sector
17.230614410869947,42.82773177485926,538.6648326854101,49.393481625867835,19.11984807305617,24.670729568694348,79.47349853241069,17.440229653657955,42.90390540352007,NTH-01,20.35158439768246,Power Plant North Alpha,North Sector,North Sector
17.09029207698798,42.67817545294,781.0950219296287,40.37613069706606,51.99624625680424,45.60856691326929,94.78019736146042,17.342555364205293,43.01676660443343,EST-01,15.923890254971987,Substation East,East Sector,East Sector
17.009022654225188,42.984665223390465,862.3867823827943,36.76152134329002,55.14213901391405,52.09055140006522,95.66060714408836,17.276370956143225,43.38723273476921,EST-03,7.300126159097916,Forward Operating Base East,East Sector,East Sector
17.0631617948649,42.42359162981996,874.2242722395462,55.97993320505929,50.94310571525717,48.822237754366014,131.216787606239,17.33950167746519,42.78076780507388,WST-03,21.69155536740336,Radar Station West,West Sector,West Sector
17.068232094777937,42.9921353215228,555.3557123365075,52.449537927106995,19.341104846127713,25.332989813665233,85.21321915241825,17.28318388714182,43.07115671184704,EST-01,9.616005692199682,Substation East,East Sector,East Sector
16.989332607907865,42.90963493102506,458.5963345650194,53.21283446089028,14.194957461579369,18.074040401278342,72.19055483851312,17.146908929513664,42.95134821386489,STH-02,1.462693815689356,Logistics Depot South,South Sector,South Sector
16.998861450166366,42.95735801027582,665.1682432454868,31.175876735498406,53.56803854446799,32.82437158361911,66.5372149401702,17.17401786965092,43.20594551666204,EST-01,14.834075397846119,Substation East,East Sector,East Sector
17.155368622018102,42.55286345445852,676.9157555569418,57.45391347693199,27.176819032587677,32.680167838654924,107.72073418506533,17.41677304522191,42.693548042445514,WST-03,9.164042141220301,Radar Station West,West Sector,West Sector
17.05184332626267,42.48547484337056,673.406961645538,47.24215133922706,42.464383413480945,36.006513145803304,93.92778673424978,17.29059125361148,42.71443825873894,WST-01,17.998165182659633,Substation West,West Sector,West Sector
17.236469517556742,42.79798916762362,493.0671682313287,45.11408414053557,49.62985208463806,21.539067169654547,68.51193068646471,17.361877703426092,42.952613212218694,STH-02,22.44952246403046,Logistics Depot South,South Sector,South Sector
17.023079023607583,42.709515662791674,338.2510418503818,30.317560380833434,16.66119929206935,9.61955702279133,34.31999798827308,17.105956024976695,42.735467313183904,STH-01,12.369918537734232,Power Plant South Bravo,South Sector,South Sector
16.979677351531446,42.71390077644663,426.0029032953594,56.92986631302314,7.14584567608741,15.099573080430902,70.45028589162987,17.114415377768943,42.73157551515351,STH-01,11.873341502159947,Power Plant South Bravo,South Sector,South Sector
17.176051368900076,42.95477150708993,392.65165681334025,46.316714114580016,37.48965380059715,14.306087230393917,56.438243506321626,17.278119832293015,43.03677527064883,EST-01,13.307195513514118,Substation East,East Sector,East Sector
17.21431081557536,42.77204854399196,374.3402074699861,54.75460387021606,35.4115353457935,12.319785935841493,60.78864653054657,17.304598273404956,42.8392913949516,STH-02,19.918947448374812,Logistics Depot South,South Sector,South Sector
17.033434007061445,42.586638301062756,855.7699926429439,49.66532882214881,16.212004359514548,50.86245278779612,119.18436074025352,17.472617264673662,42.720521490657006,WST-03,10.754050369805828,Radar Station West,West Sector,West Sector
17.010626430493645,42.64003993385072,308.30858758438075,53.900808405326416,35.082403283120534,8.678101531822143,49.93260157648532,17.07448645236833,42.68696422676226,STH-01,8.73296196463951,Power Plant South Bravo,South Sector,South Sector
17.005729840461324,42.48009750105511,661.1146435417929,50.787952456734075,47.42143526870058,34.190764473618614,97.31707044024745,17.213636506261672,42.71713055376529,STH-01,14.659312465861849,Power Plant South Bravo,South Sector,South Sector
17.106603690409955,42.515388424165415,868.4842774440821,57.628917070074806,21.000658940647646,47.11595653480064,132.8743075347066,17.5021192794431,42.674611781494264,WST-03,7.4487099691548595,Radar Station West,West Sector,West Sector
17.090524992374032,42.48601004212572,516.0318764964768,36.764525590186494,14.539063135534331,22.674207458745872,60.65929108537753,17.287901703264694,42.53962247331947,WST-01,4.809012510666592,Substation West,West Sector,West Sector
17.027831951956358,42.886174804726814,616.2588535034774,36.06300314198722,43.50007281657337,30.54261648418206,70.24911880477497,17.226978611389573,43.08412961782233,EST-01,11.438227041768512,Substation East,East Sector,East Sector
16.963551935096827,42.822924080783274,717.4701980850957,51.37624685835366,47.15232100090768,38.64395149688316,105.28218066404511,17.199718455556216,43.08965018162701,STH-03,13.351536656271632,Comms Relay South,South Sector,South Sector
17.094447402097884,42.71820701056651,490.3018167949433,45.04184401750407,57.257366272135215,21.330568545721697,68.07231942697253,17.198131826864905,42.887108859485465,STH-02,7.913062311408062,Logistics Depot South,South Sector,South Sector
17.237799704290683,42.62462070017654,586.5911926243496,47.9748351100461,8.855149375048267,28.692024214383768,84.05336412886915,17.49275303910927,42.66626737296747,WST-03,6.111046674881428,Radar Station West,West Sector,West Sector
17.1457557602258,42.80109657419461,790.2617101996511,51.25627407573681,53.35584611329168,44.73042454036688,114.05369577185921,17.385565724547135,43.139311231128545,EST-01,9.764603144270446,Substation East,East Sector,East Sector
17.098651966988584,42.88774320861746,747.213399168158,46.42284591000008,45.90592867139414,42.453757052741345,101.4420055705699,17.36411667448662,43.17503990246337,EST-01,7.306008839641942,Substation East,East Sector,East Sector
16.983207622208884,42.92873992940302,785.0696468957044,53.63080342998589,42.113994475853275,43.201246640222664,116.91347944320484,17.271232476949308,43.201584428191154,EST-01,5.452142558188732,Substation East,South Sector,East Sector
17.025730887164876,42.7282097369238,892.4040981765936,39.566020678075574,18.78321775142269,55.378306048739034,104.28966205679521,17.497166567663907,42.89634670274552,NTH-01,15.395065032414319,Power Plant North Alpha,North Sector,North Sector
17.038432184872363,42.89193107309182,522.1964849617074,55.76971330799076,1.3315770712892472,21.932266615196898,83.93856533085196,17.235620204070337,42.8967301244345,STH-02,10.135246894504094,Logistics Depot South,South Sector,South Sector
17.17944106578217,42.70678357204762,748.2547577614639,33.230290587768025,30.453029647166538,40.7506657083142,77.98524613648414,17.495268671451093,42.90153474982321,NTH-01,15.962941523961357,Power Plant North Alpha,North Sector,North Sector
17.213013239179386,42.68471805351273,661.6707402611897,49.0201193088356,17.14616258914297,34.68328358982388,94.99181257235036,17.511041284733807,42.78114140990601,NTH-01,7.668824745621736,Power Plant North Alpha,North Sector,North Sector
17.22049255606993,42.91925911337326,699.9628603327178,56.70397522580393,17.389261135601473,34.84166778709649,109.96744497650454,17.519486181724243,43.01745857605556,NTH-02,13.40325130050656,Desalination Plant North,North Sector,North Sector
17.245370582475225,42.631824361758795,743.9243428997606,37.58082383705114,55.628314631559206,41.84665601602558,85.85903278270929,17.457571521075426,42.9574467058344,NTH-02,21.341729991862106,Desalination Plant North,North Sector,North Sector
17.24471000493136,42.63754760742442,749.8387901677888,39.805040247717386,9.178133523192551,42.78119640542283,90.50576044167153,17.62451397535903,42.70193727337244,NTH-01,9.641327952498086,Power Plant North Alpha,North Sector,North Sector
17.235899739830394,42.58294680717095,831.4470895768918,39.16325335478217,56.05394277543323,49.90444433069542,97.559204542545,17.48613801750781,42.97329275876996,NTH-02,17.81081026338664,Desalination Plant North,East Sector,North Sector
16.971546642150866,42.71122103697677,509.5930051416332,46.92791135325101,30.228402600644397,22.708424699371623,72.76106213206643,17.147970907753145,42.818818949382035,STH-02,14.001841000498182,Logistics Depot South,South Sector,South Sector
16.99133806077834,42.72691002021367,692.0888136671464,42.38615446695445,50.2967565636562,37.93844550642814,88.67001873437027,17.20910822386734,43.00170956772513,STH-02,7.745510569583974,Logistics Depot South,East Sector,South Sector
17.04133995794281,42.79627668718627,468.1742589581135,33.23877854984707,17.015254286514622,18.37735675273208,50.82859216453696,17.199370548332972,42.84690329912394,STH-02,11.794894080621614,Logistics Depot South,South Sector,South Sector
17.115869476219338,42.658301386065745,656.741223070185,56.7386166526938,38.03523984508411,31.523910881890618,104.11749112441261,17.339081438251565,42.8412945785293,STH-02,23.017095124514665,Logistics Depot South,South Sector,South Sector
16.979093366611643,42.53070237513016,750.7050841031567,36.14029887476023,33.39530374340501,42.04939041990215,83.83501129126465,17.29469910874115,42.74870065791549,WST-01,21.45569661190889,Substation West,East Sector,West Sector
17.203739087340644,42.920105237448325,774.6006516969842,46.02240032965589,55.44996536507003,44.8893743109799,103.92597737324994,17.432386952540785,43.26861032362615,EST-02,3.6037830220630993,Water Treatment East,East Sector,East Sector
17.135026853723193,42.60760052034281,552.0747017934737,47.84414687811784,10.757905610545262,25.939964488605177,79.41484673551626,17.364205070100105,42.65322419497875,WST-03,11.220057649008021,Radar Station West,West Sector,West Sector
17.112709320690662,42.953766051904104,605.2321339208158,31.22255530942625,12.274193384548775,28.026123437654405,61.146839274526705,17.358984814959285,43.00990502780746,EST-01,17.229454200826293,Substation East,East Sector,East Sector
16.999593397010187,42.524411999815875,500.3099107021037,32.87136982963012,56.93786396721268,20.592112841859493,53.58766588572189,17.10055854043051,42.686793964402455,STH-01,7.420319936209282,Power Plant South Bravo,South Sector,South Sector
17.02597664232006,42.73603448574174,401.4218079237783,59.15069131288655,5.8778772471663014,13.059376607622568,68.22519980186347,17.142804409529557,42.74862108779632,STH-01,13.900713864603688,Power Plant South Bravo,South Sector,South Sector
16.998093607494678,42.72196905611767,456.3104431155193,49.93537020448147,38.080948142639784,18.43633367842529,68.7332028062523,17.128574799261642,42.828977402199484,STH-02,13.32547263444857,Logistics Depot South,South Sector,South Sector
17.20557994733844,42.8971887087562,847.2822029398947,31.006955311392808,3.6338467929151874,48.12003133357814,81.92017527772784,17.63746106688828,42.925969279448395,NTH-02,9.968185857979476,Desalination Plant North,North Sector,North Sector
17.125268358018364,42.4833108320505,485.3817254455896,53.825976619589966,4.6194484872362,19.82695019318695,76.68126460822943,17.302996386347978,42.49835191226225,WST-01,6.25109193265467,Substation West,West Sector,West Sector
17.17053882825589,42.94596230375048,884.8556001273661,45.256284278324564,35.82892457410331,54.61265241076157,114.62602747224207,17.56851678639993,43.24752474142247,NTH-03,8.342288747738909,Comms Relay North,North Sector,North Sector
17.03880985887301,42.71885690330324,444.88685112922906,32.255987162354266,33.08207772924352,16.530398436677324,47.18436312765807,17.163353886443645,42.803784115076155,STH-02,15.539068628618086,Logistics Depot South,South Sector,South Sector
17.061375791126483,42.75166563034862,733.8426524886269,50.42256294143374,34.38157192521557,40.32996816921982,105.95380657743777,17.360593561086738,42.96625498529272,EST-01,21.64107294497173,Substation East,North Sector,East Sector
17.07145648932796,42.70609977597866,644.3419761431014,44.980554176054056,28.419125792996574,33.79519298830174,87.12909280708065,17.33870078464857,42.85762910065648,STH-02,22.15995163170395,Logistics Depot South,South Sector,South Sector
17.17800449152321,42.42161494410176,718.1220297148791,36.1475940333277,44.54156043489629,39.21574246536749,80.66485084448479,17.42920474375448,42.680893986438946,WST-03,7.31117562493489,Radar Station West,West Sector,West Sector
17.181705896302372,42.69825439708396,686.3747679655087,56.331068162664586,59.53131218189392,33.994604340879825,107.68422535167407,17.336538690375455,42.97429687957913,STH-02,19.799077803872237,Logistics Depot South,South Sector,South Sector
17.012044058254208,42.55812979760619,724.0491501585535,38.74139574900762,16.546874783421337,40.349266835011825,85.93615943523449,17.359856992019022,42.666406225602714,WST-03,12.175412013402621,Radar Station West,West Sector,West Sector
17.232461657021428,42.605612908226696,843.3282290612754,38.53669906359923,19.406380038896906,50.84376112228525,97.47948869830788,17.663668564595675,42.76505675485271,NTH-01,9.437354052851099,Power Plant North Alpha,North Sector,North Sector
16.986196601233104,42.78946095951228,638.0816976374888,38.18320745376836,19.38297254059288,32.83997553230177,75.96531905659616,17.26476811911076,42.89210175980486,STH-02,13.173227510552238,Logistics Depot South,South Sector,South Sector
17.21883662472709,42.69861827768446,340.7092697423971,53.023673312671534,45.79613677835114,10.562189137571558,54.36369158711261,17.28505091756299,42.76993230335859,STH-02,23.64552107197807,Logistics Depot South,South Sector,South Sector
16.98011869369494,42.45593092760048,462.49526066813974,51.183560111415964,20.880930067423687,18.703233857692958,70.83132773877287,17.137264094457866,42.518668020200266,STH-01,10.93763409876472,Power Plant South Bravo,South Sector,South Sector
17.029361943345393,42.443824764857055,724.9313882452583,57.09437056411072,40.60422405495904,36.53381726751489,113.78850273324623,17.27868640541226,42.66776443371168,WST-01,13.742621093413986,Substation West,West Sector,West Sector
17.203943560820388,42.51139461737042,596.444776785404,36.88017658752839,26.75325342071573,29.101855793769612,69.47574393878635,17.437608636173863,42.63488184468383,WST-03,2.9480952990653853,Radar Station West,West Sector,West Sector
17.003847621703827,42.51453108794333,629.1311895718121,53.59093786628425,36.46828002138075,30.72030079446432,96.64203121456825,17.225950901661733,42.68645343856929,STH-01,13.734583381337895,Power Plant South Bravo,East Sector,South Sector
17.07407037939299,42.76498045418282,657.9482732281749,47.19136729584288,49.74092236829395,34.70985218146132,91.96488123953341,17.27564466808782,43.01444737025054,STH-02,14.567501271194818,Logistics Depot South,South Sector,South Sector
17.08495778998324,42.506688678427324,529.577563790742,39.260388289580035,30.84352125325234,24.11695162840654,65.5851180480734,17.271138722615042,42.62313685008871,WST-01,10.155098123628083,Substation West,West Sector,West Sector
17.02357769190696,42.92903165396486,764.3373150527132,31.06362397223252,28.510392050802334,41.047950702386345,75.05104446025379,17.347879728345582,43.11363102879477,EST-01,7.250655664153287,Substation East,East Sector,East Sector
17.163073560400797,42.52585639636805,734.1209303379292,54.5684264955333,16.01847501631818,38.63251233627946,111.75984087817315,17.49698888934171,42.62637915372579,WST-03,4.168259397691832,Radar Station West,East Sector,West Sector
17.20540039482066,42.45467886725583,728.5796473158683,37.23214114540069,30.954274909187028,40.41996180404593,83.68398296407966,17.517039081632262,42.650739993604816,WST-03,7.131295703317758,Radar Station West,West Sector,West Sector
17.21237254195667,42.92544760981579,729.1861044209668,48.95229108644759,15.744736374576235,40.37207596959486,103.2178376174637,17.56179789313011,43.028784260673206,NTH-02,8.745390345172483,Desalination Plant North,North Sector,North Sector
17.05179664372097,42.57719654564604,834.2148009925487,46.46603808179438,50.614212343077526,49.979939875502446,111.33981017454245,17.336683731439674,42.94112749802707,STH-02,19.66894221454217,Logistics Depot South,South Sector,South Sector
17.109255118286345,42.65525357790024,657.2356676659647,30.133486159403517,23.33184161169503,31.674557238893996,63.91368378552223,17.370782779472606,42.77346320172251,WST-03,19.06630707389948,Radar Station West,West Sector,West Sector
17.024521921159696,42.975415830407464,880.243319698175,59.83030889819287,7.746457910097233,46.077121771994946,137.32485661732318,17.435112896249095,43.03395929370038,NTH-03,18.741109880378474,Comms Relay North,West Sector,North Sector
17.023438950465042,42.96662153149467,371.5156106343827,54.42988067400386,14.3980516755816,12.198914423706412,60.11277932356107,17.12969854897403,42.99516727985872,STH-02,5.863869582323135,Logistics Depot South,South Sector,South Sector
16.998376218855576,42.82895013355895,679.1753859563187,44.594138119100464,32.074888048035376,36.78831457286691,90.66773777248474,17.278636227133518,43.012940241191586,STH-02,14.788890287686712,Logistics Depot South,South Sector,South Sector
17.232005703242255,42.44136337103953,730.1559275614773,50.41024110727149,54.977250949785144,40.025863325248565,105.4821952659439,17.43835138361822,42.75034421217879,WST-03,14.034669394902853,Radar Station West,West Sector,West Sector
17.216396648581675,42.756004075246835,586.3322465726158,44.29782709772318,18.03368991448678,28.976236767737397,79.16349168159202,17.464166607001335,42.840574309608655,NTH-01,14.392793648461796,Power Plant North Alpha,North Sector,North Sector
17.183207613998306,42.99344676102535,472.92503187416185,52.33758813836192,15.863172245958694,19.24974610394965,73.44473362460356,17.3497256584018,43.04302220154352,EST-01,13.592654778985777,Substation East,East Sector,East Sector
17.10529845638632,42.96814973705439,630.0224716266594,34.02985637456682,24.39359008860812,31.0805377660556,68.26788962709034,17.359823835725347,43.089098434743164,EST-01,10.044481072917492,Substation East,East Sector,East Sector
17.09718237465356,42.463601495511966,518.8486081744217,43.39052985702091,58.065268697528786,23.54922919672409,69.69123036825347,17.209118662958133,42.65175469552469,STH-01,10.468102499112975,Power Plant South Bravo,South Sector,South Sector
17.10892369985475,42.63758038185422,845.4744426406899,40.0661153121858,50.713180467681234,51.27932569175815,100.71193627035474,17.400590297177782,43.01163223417018,EST-01,19.315247519123183,Substation East,North Sector,East Sector
17.110970404073125,42.5893220475417,514.075447519953,43.78965730482105,8.980077064481494,23.178479510738278,69.59284397736788,17.31686130777509,42.62340377455598,WST-01,7.92767631370823,Substation West,West Sector,West Sector
17.080368925409307,42.477836864142944,405.4241956212775,43.51417958581092,36.825197226015845,15.197296607006004,55.44389968681781,17.189752733626225,42.5635851918654,STH-01,9.80232965267987,Power Plant South Bravo,South Sector,South Sector
16.98952644986762,42.81687898674926,645.8334840992717,34.29281849337583,47.511852200642075,32.477640339859704,70.26554283920362,17.186682675626614,43.0423289396108,STH-02,10.247708458764597,Logistics Depot South,South Sector,South Sector
16.98769915586056,42.56430901861614,537.5955548282216,59.29465712127087,46.08062048221426,21.731922788498483,89.5410050152192,17.1232119506885,42.711616877256006,STH-01,9.742412542293934,Power Plant South Bravo,South Sector,South Sector
17.235674914753705,42.60691948187518,357.5388868805046,30.46476428364384,29.330729505276945,10.709754323377613,36.37352036780308,17.319636937547056,42.656340170689305,WST-01,11.346712324034895,Substation West,West Sector,West Sector
17.094609227875903,42.45421532602085,638.905410598745,30.302188344521966,43.90988314044253,30.288327937697538,62.597416071119426,17.290750683065703,42.65206500903275,WST-01,11.681033933867107,Substation West,West Sector,West Sector
17.235961657471556,42.6987805352672,622.7078466994208,41.203239556009734,35.01519663557902,31.935877614920106,78.99359216416245,17.471109271038802,42.87154697981896,NTH-01,15.518811064236626,Power Plant North Alpha,North Sector,North Sector
16.999073063313034,42.49490071819123,403.91825197991704,48.61129048040453,12.086698971132162,14.934165379789274,60.104473902196226,17.1303996247287,42.52432875544025,STH-01,10.232068436404324,Power Plant South Bravo,North Sector,South Sector
17.11632496561198,42.65925425414769,658.5829013759057,35.38959680444785,3.3632184381905184,33.89463261687662,73.41562790687462,17.420620437740688,42.67799632504045,WST-03,7.551597266602649,Radar Station West,West Sector,West Sector
17.012315176005462,42.48600533326198,640.4153843144934,45.99582011712483,22.16998080302023,33.38194044785939,88.1189481035936,17.290296222079927,42.60465258751708,WST-01,7.29058003353597,Substation West,West Sector,West Sector
17.02595538183798,42.97230993397009,764.1675738249546,51.683159038904364,3.7163401168523924,42.38949443071093,111.5187805797684,17.406369456733284,42.998204885178325,EST-01,20.851184361565156,Substation East,East Sector,East Sector
16.95901637362835,42.48698951991828,516.9419579055806,32.821818271204535,23.70080423525353,21.804634525652144,55.18084373392832,17.138554160802407,42.569473995511316,STH-01,5.7517843114612415,Power Plant South Bravo,South Sector,South Sector
16.985685993222063,42.71313229231038,449.25571419818357,59.532672240478,49.73274009424559,15.856858450001067,76.1122924196855,17.07782698033611,42.826963657164015,STH-02,15.951247644507792,Logistics Depot South,North Sector,South Sector
17.225054522288758,42.51818789519139,870.7319321824654,40.10101943217883,50.65764890421489,53.52469735619486,103.27100902977874,17.529835326333778,42.908585471373044,NTH-01,14.729266246252749,Power Plant North Alpha,North Sector,North Sector
17.0464598974447,42.445817082083565,636.7305136696729,49.27246241361747,2.0444352804010713,32.56352971676369,92.17513574451205,17.33912364630616,42.45676169692672,WST-01,9.94861708509171,Substation West,West Sector,West Sector
17.132438763574378,42.521385171305255,316.28397533050816,33.32159574559727,4.172128050569648,8.890529612231893,34.95237168884134,17.21218113553003,42.52747481246843,WST-02,8.790620337288109,Fuel Storage West,West Sector,West Sector
17.08950423959678,42.43286446443426,792.4270104670459,51.284591661639794,40.19202525547468,44.89885158296809,114.35688727994835,17.3977659734098,42.70593879271917,WST-03,11.44605976363626,Radar Station West,West Sector,West Sector
17.07013537357358,42.48363842987259,418.0548365513645,55.21369041187458,29.99992169653199,14.964763934428147,67.85787105119178,17.18667400910482,42.55407396017438,STH-01,10.19945226400159,Power Plant South Bravo,South Sector,South Sector
17.10956582740382,42.69609049465793,771.6217905875061,33.15855426991867,8.961503563823452,42.733740572929605,79.95932672262697,17.489178117125157,42.758856269568014,NTH-01,10.344783757514856,Power Plant North Alpha,North Sector,North Sector
17.0061716833846,42.79108931263455,723.097456293579,33.775894631101984,48.33177706392559,38.82048670312651,76.71864844108464,17.238090099756988,43.06414962146482,EST-01,12.287180509307886,Substation East,East Sector,East Sector
17.246581169555874,42.45240388904307,881.2882345578944,38.43142243161683,12.989769762385315,54.193150240829624,100.89673646481516,17.721446623529307,42.567409546181466,NTH-01,27.47366580978722,Power Plant North Alpha,North Sector,North Sector
17.19549236061116,42.66461117434256,879.3475809567158,30.35807446125988,4.688955281742646,50.46258872470965,83.05509002007511,17.64779007690267,42.70354107683886,NTH-01,11.067212670655211,Power Plant North Alpha,North Sector,North Sector
17.172484389819456,42.74874821371201,464.64637479345595,59.5815388301169,44.97042828600051,16.81016241054467,78.56900765560468,17.279407116810923,42.860641410020094,STH-02,16.320782974541256,Logistics Depot South,South Sector,South Sector
17.090627789104186,42.54053540572664,759.8697487340511,47.951522248579494,36.487558477917844,43.235249084126416,105.33962870142706,17.40309183092628,42.78283911038966,WST-03,18.397835936455202,Radar Station West,West Sector,West Sector
16.9958631366379,42.62324704690961,490.1130514679544,48.227683498906366,23.666564323879417,21.109117208819637,71.62141847188386,17.169720176366994,42.70300513731968,STH-01,10.409200556792783,Power Plant South Bravo,South Sector,South Sector
17.22619975748207,42.44310092184016,677.5187632977565,58.76886508954908,41.563572227012074,31.98003473611942,109.29880500159103,17.441291038124824,42.643106207548726,WST-03,3.2148812333995993,Radar Station West,West Sector,West Sector
17.052416120214517,42.53207864813986,658.6476509727559,54.96087762958281,54.68284132147217,32.49328282038638,102.28381552670577,17.221195535633324,42.781709694759,STH-02,19.128335288685253,Logistics Depot South,South Sector,South Sector
16.96503200690908,42.68005175555136,332.72610937269883,54.42728792905048,2.0509465659988635,9.948191044799417,54.09234737493967,17.054440775440842,42.683400849965324,STH-01,9.927325644641314,Power Plant South Bravo,South Sector,South Sector
17.052721103043186,42.99426530735519,303.1090499012145,40.18507109704877,37.66076626052013,8.755266781336012,39.31963064163336,17.115047132449078,43.04460210724142,STH-03,5.416704574060461,Comms Relay South,South Sector,South Sector
17.188337109148765,42.99775903776348,334.6584087568857,40.045901803939365,13.090037820933588,10.54635075332834,43.156822027957894,17.280716815194012,43.02025528006902,EST-01,14.990871950154675,Substation East,East Sector,East Sector
17.13681262349646,42.98777300867457,376.7652285190446,38.752138794379405,28.448265596483033,13.052031257210386,47.07906591250336,17.240009898848136,43.04631887658036,STH-02,13.558354947401334,Logistics Depot South,South Sector,South Sector
17.17525157542346,42.653851831780194,454.5914948086642,40.4008728532896,25.438867733002176,18.53483881810039,58.22541169758305,17.325763934324304,42.72885516702388,WST-03,18.873693762042357,Radar Station West,West Sector,West Sector
17.188090615158714,42.448408227048795,844.1731339455374,41.085262840795515,23.398780070071787,51.257525475465386,102.55624988856621,17.61105988738692,42.640472197872896,NTH-01,15.186856983105898,Power Plant North Alpha,North Sector,North Sector
17.013586383324164,42.5941440623496,611.1796052080118,34.200110669417796,11.421366014847719,29.59220647474946,66.69462785212924,17.27443761767439,42.649332838812256,WST-01,12.222061877700009,Substation West,West Sector,West Sector
17.227134994827953,42.542628625222584,778.1350433044731,40.67843588106281,48.15899618669893,45.377445219429305,95.02549155156544,17.49910518921105,42.86140562043306,NTH-01,12.466247588071221,Power Plant North Alpha,North Sector,North Sector
17.08139688087611,42.40847594494591,802.9870512643249,43.40241105734183,22.771235095662014,47.63981443943663,102.55590935962096,17.476363760083302,42.58232618137322,WST-03,4.390728515854705,Radar Station West,West Sector,West Sector
17.14170409477925,42.457140166173026,740.9658591543248,39.28042016239976,53.23177565618879,41.9237052148705,88.64563572319206,17.36713867927071,42.77358960883612,WST-03,19.291712482438022,Radar Station West,West Sector,West Sector
16.950692631776022,42.67191516102944,534.8310746523432,34.96040904472643,21.28009637678945,23.73512603424871,60.11187383585066,17.149577499968284,42.752988299581034,STH-01,14.508958511372857,Power Plant South Bravo,South Sector,South Sector
17.248010549523354,42.60379747828258,818.3156363045897,41.20231194535493,50.3828006807492,48.97407989333565,100.14486902426255,17.52854153433352,42.95959278969622,NTH-02,13.949986528228406,Desalination Plant North,North Sector,North Sector
17.034268915789244,42.50821223298069,745.2298519925523,44.42723319649308,32.66797989148127,42.517734726490126,97.97197491349768,17.356038542603248,42.72444873413076,WST-03,16.014044121008656,Radar Station West,West Sector,West Sector
16.968618931962045,42.82965998239525,745.8908660430315,51.621851600013855,23.13751409158753,40.90193836944857,109.17601849298319,17.30681492278311,42.981051937646725,STH-02,16.654859504003753,Logistics Depot South,South Sector,South Sector
17.087478612460952,42.61426935753797,840.9445962993416,51.33713284424011,42.24193287587976,48.90851518359623,120.18777186092333,17.41286451912847,42.924160025700985,NTH-01,24.064913284613016,Power Plant North Alpha,North Sector,North Sector
16.988709017154612,42.91112071344793,659.1980834746103,36.08085093249973,47.19927747620534,34.144930257633696,74.66429231018284,17.19721344117625,43.1469699371811,EST-01,11.512816286281677,Substation East,East Sector,East Sector
16.99569801304727,42.54458629615787,617.144657977306,31.099661855047113,28.961447416468907,28.917271300908354,62.03402343226774,17.22319291239777,42.676423739256734,STH-01,12.94595272810708,Power Plant South Bravo,South Sector,South Sector
17.139684843909063,42.72303609405198,834.0975345582452,39.11398565421208,25.525225703012207,50.13141263330053,97.72320603158343,17.546420129228405,42.92678599095018,NTH-02,14.349006384181967,Desalination Plant North,North Sector,North Sector
17.06787821747107,42.510483530289505,572.677036898518,34.714089145768526,34.64513822233933,26.641056569176584,63.643024549192354,17.26493499566789,42.65311395401443,WST-01,13.12194169292991,Substation West,West Sector,West Sector
17.2265557350465,42.69718036983151,786.9424176173058,41.873654376470824,35.10980271034309,46.23223580761866,98.1111824934118,17.566525768169985,42.94800733678005,NTH-02,11.179044502890816,Desalination Plant North,North Sector,North Sector
17.04574694838242,42.49147990538703,332.30781626688463,59.38038357457813,25.528752951281245,9.188408001103038,57.12646928452661,17.120309219297432,42.5287430153935,STH-01,9.697755656628956,Power Plant South Bravo,South Sector,South Sector
17.16785403851517,42.49694717462291,300.77396667379327,35.432141127156626,45.45977270655826,8.2978376712104,35.10297707270308,17.22018851234544,42.55263226996772,WST-02,11.12043989051014,Fuel Storage West,West Sector,West Sector
17.088329829046472,42.76733402622521,616.9754937626141,39.566218302689066,23.983286865228475,31.282152381441026,75.85461924738948,17.345332686608472,42.887132386254166,STH-02,21.66246750546604,Logistics Depot South,East Sector,South Sector
17.147985390338782,42.55827162530546,344.16713628982814,51.75342948958717,27.179900572949563,10.893161783949427,53.974900168729555,17.235126851363848,42.605124200661066,WST-01,12.064230695385499,Substation West,West Sector,West Sector
17.129908607014798,42.50342033593855,885.9258080718381,45.27548348585765,36.319093456770744,54.70235718540701,114.77418446464554,17.526056946681383,42.80897459316441,NTH-01,6.739027666845727,Power Plant North Alpha,North Sector,North Sector
17.0918351918277,42.95786095008104,303.30070442387927,31.317844307201547,59.210934115839876,7.9565835610312075,31.767086433453663,17.128452631149816,43.022183887850815,STH-03,8.172053412989579,Comms Relay South,South Sector,South Sector
17.23501832838733,42.42580195044403,730.8897818991878,34.850700544839654,15.64116666084618,39.898838706386066,79.4904708934099,17.58052379374934,42.52728285890532,WST-03,16.621108592882145,Radar Station West,West Sector,West Sector
17.052814092826488,42.73908886761753,446.0308174717324,58.05748664319588,13.917167994691491,16.08544864197034,74.45378615836967,17.19322399193906,42.77550975623444,STH-01,18.41972669903142,Power Plant South Bravo,South Sector,South Sector
17.00317065037478,42.72895830509996,880.5312031632337,33.09494978217086,10.613235990778962,52.198513033506316,89.36476300687913,17.464551683120156,42.81959467099,NTH-01,13.506399256840785,Power Plant North Alpha,North Sector,North Sector
17.153428218263947,42.55036532464184,528.9249903767377,49.05278361629117,41.36665285848801,23.966601455985472,77.77340632993081,17.315132617857564,42.699569490851445,WST-01,15.962886770257382,Substation West,West Sector,West Sector
17.203802268392373,42.67166304706769,316.3700557583191,53.76976946522734,26.945678245104464,9.12295936394287,51.108007368315775,17.27693611008575,42.71059792070548,WST-01,18.041644985677607,Substation West,West Sector,West Sector
16.962076121981976,42.45264266984958,316.1614592452696,37.96317188174772,23.316380404456485,9.345920167809771,39.07352930199556,17.03925886378406,42.48743758457442,STH-01,16.707441828539675,Power Plant South Bravo,South Sector,South Sector
17.084889806526803,42.83276208755433,632.0240230348131,51.7523400941607,12.24542244893212,31.548896891185958,94.77135074875984,17.362150371560332,42.895812682983774,STH-02,23.20290098112148,Logistics Depot South,North Sector,South Sector
17.217746306906196,42.533018289026096,892.0271874187687,35.09685537090541,53.4683026442003,54.13014549320091,94.78506933953297,17.50710783601783,42.94317557501222,NTH-02,16.87246788355897,Desalination Plant North,North Sector,North Sector
17.17488558567686,42.516031215895936,887.8641210274317,38.54250824501371,26.59038211334315,54.79958203925255,101.7481759263441,17.61545045776264,42.74747401944728,NTH-01,5.236773268447397,Power Plant North Alpha,North Sector,North Sector
17.24754231494929,42.5889270869665,502.3637833735595,39.35466092652622,36.46159868917974,22.011559945237746,62.57985516265632,17.406710593300815,42.71221396370004,WST-03,11.437389007367125,Radar Station West,West Sector,West Sector
17.109424143479174,42.94142195215788,589.6221895133382,59.89304971692671,6.751774697551705,25.05089519476228,97.86461219274996,17.333147638096985,42.96916856939049,STH-02,19.36047801903469,Logistics Depot South,South Sector,South Sector
17.147998715640345,42.87787998897012,360.2734834786897,36.43716885653872,6.478333001094065,11.787325676404036,42.826096319297385,17.2533272593735,42.89040389296645,STH-02,12.155848568907997,Logistics Depot South,South Sector,South Sector
17.040744084341377,42.96813537468025,613.306113595039,33.87622393900755,4.041272499839748,29.660760021421265,66.36931533517806,17.30682513724285,42.987825660579006,STH-02,16.81320234761663,Logistics Depot South,South Sector,South Sector
17.234260679899798,42.79117740761985,659.8209594289639,57.77074312444231,22.040764850297613,31.22716563758085,105.71758670587319,17.49453864664455,42.901674891847506,NTH-01,16.022969052868085,Power Plant North Alpha,North Sector,North Sector
17.05990064656696,42.79775290661925,450.6369993667926,34.85792081461058,28.373196131514696,17.494461400489538,51.07166211429906,17.198316831119772,42.8760181049995,STH-02,8.939987149017897,Logistics Depot South,South Sector,South Sector
17.17155321380599,42.68801859965573,667.2686615491043,56.37839758888216,14.67468896695421,32.50384539051103,105.14413801729322,17.454316682048795,42.76564448640602,NTH-01,14.058025535092607,Power Plant North Alpha,North Sector,North Sector
17.070942061235723,42.94311179402018,839.8156510177523,49.513698829400695,20.980650352638577,49.57286519353234,117.11612597226882,17.487134788345134,43.11047166536548,NTH-03,8.779535731184358,Comms Relay North,North Sector,North Sector
17.1185456790189,42.7065262895622,300.5732000540883,47.30584494211556,0.37560204142618403,8.677556292173348,44.36053757192945,17.19658303228596,42.70706180990942,STH-01,12.572930237584522,Power Plant South Bravo,South Sector,South Sector
17.165934760506463,42.61303604247701,437.3602645847667,52.540161346397305,21.06530791568369,16.732852496514436,68.46625518197911,17.30635229010866,42.669688787355426,WST-01,12.974715371546898,Substation West,West Sector,West Sector
17.102680245525406,42.784225005950596,425.9517379943629,51.7799687144415,7.150280089850851,16.075334088642713,66.11775632522225,17.24612382768112,42.803066917869046,STH-02,18.311147693391572,Logistics Depot South,South Sector,South Sector
17.222125898072854,42.72768369604058,374.3317218202962,33.31578568254941,7.703068702433374,12.20855285352971,41.14114281105481,17.33092853395264,42.743100306120596,WST-03,19.406227501369635,Radar Station West,West Sector,West Sector
17.075790296378344,42.47441188918594,399.6607276422611,59.98398331220067,0.2703658536001985,12.747085118040367,68.51747845179428,17.190426151539118,42.47497812876475,WST-02,6.117572187889274,Fuel Storage West,West Sector,West Sector
17.144121539443,42.635635248347455,675.5475272192325,58.256691793461854,41.78283396390641,32.131175625816006,108.44970287774082,17.359493305154444,42.83736129277668,STH-02,25.20184952923469,Logistics Depot South,South Sector,South Sector
17.052708729990016,42.58799524665669,361.61663409038556,56.897758885857485,55.87702644296304,11.218435583358803,60.31140817698494,17.109286211547314,42.67538258459649,STH-01,6.0049289051827,Power Plant South Bravo,South Sector,South Sector
17.072447000469303,42.90810026500668,743.118965412433,48.668674018272206,37.29273365112943,41.627696797423866,104.46564476433343,17.37013538797155,43.145761486279866,EST-01,7.943804173534352,Substation East,East Sector,East Sector
17.082015032470064,42.62730553418386,832.21355433503,45.68373993996943,5.772123115674579,49.95583569877324,109.75482724995389,17.528994629796482,42.674688713841874,WST-03,9.617464014757582,Radar Station West,West Sector,West Sector
16.987742105493684,42.892933139583334,855.9526345070213,46.088357516450046,59.37896696355025,51.94339870234252,113.05085309685114,17.225248731948557,43.31380696374174,EST-03,2.3765617769418146,Forward Operating Base East,East Sector,East Sector
16.9775171037177,42.66543375634057,696.1054885918205,30.448108326846974,58.5351102525908,35.0022236340298,67.91308888494922,17.141632973213923,42.94641137956876,STH-02,2.0776109542292684,Logistics Depot South,South Sector,South Sector
17.15024697694403,42.852100338067366,418.4378463801696,44.98408505836329,28.094072139449324,16.092679178826028,58.62318809011267,17.27790706319946,42.92347489571637,STH-02,13.409961374325809,Logistics Depot South,South Sector,South Sector
17.146655321502916,42.48116915710671,351.17794532394475,48.71308702979759,6.472153104377756,11.547214721322964,52.68205749471079,17.2498395664431,42.493426060676484,WST-02,4.7397039320976,Fuel Storage West,East Sector,West Sector
17.148872914263027,42.95479013179508,439.2149722841998,49.761186263248455,43.24435857883227,17.247560282696217,66.15594079706969,17.261831104736935,43.066070452391614,EST-01,10.838571369160542,Substation East,East Sector,East Sector
16.955929933602807,42.68833593447935,877.1743114710255,39.96418395153939,57.68809226900623,54.08004498973798,103.62602726748943,17.215446768100016,43.118655255755584,EST-01,10.376465908491555,Substation East,East Sector,East Sector
17.047964052801532,42.55587894737578,877.4071210504272,44.138470508806485,46.72197624832156,54.12189032566883,111.76358440611598,17.381297211712823,42.92718817446189,STH-02,24.726087656975285,Logistics Depot South,South Sector,South Sector
17.009342954177757,42.544893763818884,529.1513303510053,49.08931819987723,37.45217127425886,23.978871094539198,77.84561030463455,17.180490547900405,42.68215285372628,STH-01,9.426158964461887,Power Plant South Bravo,South Sector,South Sector
17.183445426763203,42.55904637314498,495.47492465853037,42.84916530825545,36.64991414226463,21.726735701770547,66.13197774376468,17.34017190948236,42.68123417194181,WST-01,13.975621301399487,Substation West,West Sector,West Sector
17.20818912041884,42.62003450375078,606.0063493554392,58.864055969505756,58.67508685233773,26.72352151605592,99.24269493261255,17.33302020766451,42.83509843849629,STH-02,22.782194705160805,Logistics Depot South,South Sector,South Sector
17.024004113167845,42.83051171960537,475.0128548804404,51.16326329556001,4.387160209186167,19.604704143246014,72.59010882170618,17.199796121850497,42.84462994200692,STH-02,12.036789148718187,Logistics Depot South,South Sector,South Sector
17.150354747654397,42.96976182574048,887.797470993338,30.038212387526716,8.973361175437569,50.96836404203683,82.98453543194138,17.603099715046294,43.04476746892726,NTH-02,4.8708538525205975,Desalination Plant North,North Sector,North Sector
16.988808841037482,42.80142245807418,432.73283401474646,30.69838444446759,49.84868668438087,15.332405209033698,44.000222340093615,17.0776901463312,42.911677310898085,STH-02,10.017616166317652,Logistics Depot South,South Sector,South Sector
17.032545757680513,42.72829976256646,521.4856093096612,50.70900610405123,8.70678481918554,23.127575771563833,78.61219153015851,17.238137197792494,42.76126571747659,STH-01,19.94440852998372,Power Plant South Bravo,South Sector,South Sector
16.991596348870026,42.66915868481028,557.622525420107,42.37935292636508,22.997789215741776,26.615870872937915,73.09232308216018,17.21191034474592,42.76706046828258,STH-01,18.669658660236102,Power Plant South Bravo,South Sector,South Sector
17.03505622997977,42.89691668022257,375.0384138486973,55.18412847636799,16.889955363285022,12.293588488130515,61.2128030537383,17.14084320570338,42.93053081968321,STH-02,2.969286642852876,Logistics Depot South,South Sector,South Sector
17.152420964204783,42.90979432146764,529.6948960620779,35.19046228458786,14.606682986423593,23.394213633558497,59.907667094295476,17.35600245188583,42.9653814595423,EST-01,21.57661641121515,Substation East,East Sector,East Sector
17.223098073055574,42.57582260465969,814.038432061184,30.414807421568756,1.5433170665056006,44.898061052154326,77.86851776003779,17.626728685240277,42.58723305982312,WST-03,18.86209904960557,Radar Station West,West Sector,West Sector
17.010756722377256,42.97205214919206,384.2166008740551,41.64247050341137,33.97507581208867,13.7236295988369,50.870836403763356,17.11309331931278,43.044217930480954,STH-03,5.291844260175744,Comms Relay South,South Sector,South Sector
17.112623710485217,42.63706921792383,650.4131704957124,52.08192312922347,24.074371250007655,32.92716172096438,97.61211280638264,17.382947376968225,42.76364369149087,WST-03,17.483118933001688,Radar Station West,West Sector,West Sector
17.16041733037303,42.88004684151492,543.9822828360101,59.15183200132706,33.095412758220675,22.22938112969557,90.37156898578749,17.327864985921632,42.99439597085939,EST-01,17.850930711534435,Substation East,East Sector,East Sector
17.23587674054567,42.98009192684934,402.3220356704728,56.50961638053167,18.27049238985022,13.711273122343547,66.44410752601897,17.352964621975662,43.02059284874372,EST-01,15.926879053282342,Substation East,East Sector,East Sector
17.133018144866153,42.82219486051336,307.4016986695235,44.522238358114166,56.48765130325575,9.094265730008045,43.27472174921908,17.17816136019048,42.89356975950773,STH-02,6.326135498798314,Logistics Depot South,South Sector,South Sector
17.026532079308215,42.496930435870716,464.00598209394013,54.384518495891,35.48083153449164,18.203923261406313,74.0591326536678,17.159819813297684,42.59638053465676,STH-01,5.089582276969786,Power Plant South Bravo,East Sector,South Sector
17.13764344707418,42.751682173104356,337.09737641880116,32.109913736028425,57.672422791936015,9.852956769268058,35.995668041637444,17.18501316030241,42.83005669828344,STH-02,13.042551246487355,Logistics Depot South,South Sector,South Sector
17.046147348503403,42.471266273857346,526.061082778041,47.1681704275465,21.000357255519518,23.96430297125883,75.2022325490244,17.247332212771816,42.55213783848217,WST-01,9.195053087045274,Substation West,West Sector,West Sector
17.242838517207513,42.87348522392136,786.1259134196074,57.7289523904341,0.13737224077932542,40.794385885244836,122.62310054302871,17.60970968013812,42.87440807444966,NTH-01,10.537825410747358,Power Plant North Alpha,North Sector,North Sector
17.06990284054909,42.56878910432433,731.8111565265674,41.8915544247222,46.875933897746435,41.38275234883527,92.2335496178574,17.324107588167653,42.85332923350006,STH-02,20.93761510756293,Logistics Depot South,South Sector,South Sector
17.155628316228302,42.81712889383601,868.4302270210602,58.803018889893465,49.64273127363853,46.13319801878513,134.47997702857475,17.424016967038288,43.14848360046392,NTH-03,12.24969044318514,Comms Relay North,North Sector,North Sector
16.95696827470403,42.94605380447812,556.2092504022414,36.62055290187316,3.522203832020161,25.790669596650037,64.79934029339086,17.188470354089816,42.96096928197119,STH-02,3.373437973549177,Logistics Depot South,South Sector,South Sector
17.070018433840428,42.5086059104021,724.6808391551117,33.169014286001804,37.52215370773914,38.70388118342885,75.70639257183313,17.345959231907138,42.73070527685002,WST-03,17.285245418478066,Radar Station West,West Sector,West Sector
17.212532283996755,42.6357147031607,699.2050332612121,45.742870082451034,39.66107202240721,38.410472454582305,94.77717463756372,17.4783260344034,42.86685662839545,NTH-01,14.581952344755157,Power Plant North Alpha,North Sector,North Sector
17.133068233329972,42.78827127284414,430.22778189495574,57.217406159436734,8.744032022853919,15.298405054902984,71.33229359261455,17.269049661053078,42.81017381740833,STH-02,19.172929643152465,Logistics Depot South,West Sector,South Sector
17.083182865918793,42.6517951556857,482.14950313959514,39.338376562342326,33.15147317115487,20.474939560823884,60.20951882813606,17.237318759156857,42.75722557406618,STH-01,19.562710070691235,Power Plant South Bravo,South Sector,South Sector
17.230781249830716,42.50489136497483,617.8977200386562,54.00480958196857,14.59193284079662,29.694147084554984,95.60429272535049,17.48920078843715,42.57542946456556,WST-03,5.7350076484594315,Radar Station West,West Sector,West Sector
17.20619531284417,42.41744296850128,777.9943914035531,35.07591797640843,0.98710219227097,44.07870754157627,84.3732767075909,17.602545150939104,42.42460743991353,WST-03,26.085416733337187,Radar Station West,West Sector,West Sector
17.04666470214688,42.64395888622118,577.0876406777595,52.36711188002819,52.01466542256707,27.030667658150172,88.11594914465732,17.196179644243195,42.84452190197351,STH-02,11.905735836231885,Logistics Depot South,South Sector,South Sector
17.1133645206124,42.78952541594915,436.6449217053164,46.71080824162293,29.501710273587847,17.31582174663513,62.79906323564524,17.248882267692572,42.869823245298676,STH-02,13.046350528442648,Logistics Depot South,South Sector,South Sector
17.096947276827738,42.74439052489149,896.0794141682219,35.25050926183117,46.90194605464267,54.549346027411524,95.47955119792488,17.431783806931342,43.1198411031728,NTH-03,12.64838615150906,Comms Relay North,North Sector,North Sector
17.13966075003446,42.49374474385638,369.3472838122011,51.542617483128254,43.37358193374652,12.433866893359752,57.58072455932531,17.220926059807894,42.57414175474264,STH-01,12.234373963031473,Power Plant South Bravo,South Sector,South Sector
17.050233380087626,42.67041606632043,873.5333444947967,51.412683403692824,59.62231566087174,51.57157395860422,124.08224788440461,17.28434188993316,43.08945810699288,EST-01,7.689097811423467,Substation East,East Sector,East Sector
17.023261500229765,42.62168262770875,785.4277730582933,45.463056874303206,26.27720423407159,45.91368879179949,104.2087745495253,17.39341341261398,42.81324225326978,NTH-01,21.04492114583198,Power Plant North Alpha,North Sector,North Sector
17.22380155057666,42.56452144137604,803.336111584711,36.76402912928024,25.653036405430655,46.8625475992798,90.10883893148429,17.603614236495172,42.75593563045629,NTH-01,3.660714679412638,Power Plant North Alpha,North Sector,North Sector
17.22716234984955,42.83756274631623,776.9505498548997,33.9688167673499,16.905334023070214,43.55185279310229,82.07217938899234,17.60187215667656,42.95705068714051,NTH-02,7.904414622691266,Desalination Plant North,North Sector,North Sector
17.202996865728593,42.58579121801631,424.9025647827732,58.71765145379368,37.50883280419288,14.582348761589621,71.64982779829157,17.307009255654126,42.66942813628748,WST-01,12.932961293980934,Substation West,West Sector,West Sector
17.24346132922937,42.724085171399814,679.549426437145,49.67437614777465,29.16675003331705,36.0158974060178,98.14341831021444,17.52622300461182,42.88962169244178,NTH-01,13.069970355375483,Power Plant North Alpha,North Sector,North Sector
17.173497457733905,42.95393412116177,754.049887470559,54.277244507201516,43.72566732850012,40.37175873382902,113.92098463619936,17.435702855737155,43.216976355366455,EST-02,8.979434008627976,Water Treatment East,North Sector,East Sector
17.1794001685686,42.72356558935215,747.4114752609909,50.90911587150725,21.390701906485635,41.29515643860253,108.3305067136071,17.525143793465464,42.86560796672586,NTH-01,10.93527275919868,Power Plant North Alpha,North Sector,North Sector
17.178777027588794,42.77021374609634,462.93922232644655,54.88420995576867,7.850684496559555,18.01678088474764,74.35031541209821,17.33928565089887,42.793399137420465,WST-03,22.774785733246315,Radar Station West,West Sector,West Sector
17.094182289282692,42.44394759170053,408.67163265820886,34.8747245924677,51.74612712716725,14.64399247718204,46.558216085529885,17.17569296857453,42.552192801434785,STH-01,9.500404971163176,Power Plant South Bravo,South Sector,South Sector
17.08693565835428,42.50688048624504,496.87379034872953,44.90850673641133,49.68281651788108,21.8354100630643,68.76118195095515,17.213930542056442,42.66362900686693,STH-01,11.426942610615011,Power Plant South Bravo,South Sector,South Sector
17.022067882844702,42.46057071957887,587.9066882264351,50.0137431150688,21.060011226944653,28.444035169626364,86.77744516312171,17.260761703883507,42.55682711576162,WST-01,7.7330014939506455,Substation West,West Sector,West Sector
17.143445758307788,42.858887769013506,644.2684482382059,33.10169699685654,41.42110305071995,31.92306192228642,68.04883632227256,17.358628030641782,43.057886263732144,EST-01,12.648571439801701,Substation East,East Sector,East Sector
17.0367960408307,42.90155264855011,802.1702173914962,34.49870847985225,29.544174376536706,45.97299827681845,85.4484315336631,17.396370656938434,43.11519050840525,EST-01,11.723923320953265,Substation East,East Sector,East Sector
17.027342522910704,42.51187317591675,761.4205366227696,49.01947782752839,45.65832582786601,43.08638864775538,107.18552294187505,17.297962773811427,42.80212289275562,STH-02,21.954460157342435,Logistics Depot South,South Sector,South Sector
17.125788412228815,42.531563050553856,705.6903153999097,56.061174127614606,23.407942119870743,35.62824669662337,109.94662482484088,17.419786555393646,42.66497281505872,WST-03,6.538802945805506,Radar Station West,West Sector,West Sector
17.072994716467512,42.59392437369567,458.09357576565634,49.812485368247934,32.138354123473775,18.579181499850378,68.86183687487521,17.21445652187267,42.686976878021596,STH-01,12.68653611750385,Power Plant South Bravo,East Sector,South Sector
17.01565698263839,42.7546465701723,587.328299360966,31.08614440368227,3.4689662438848345,26.568526604517075,59.25916151494569,17.25415479292848,42.76978532170074,STH-01,21.810724476639937,Power Plant South Bravo,South Sector,South Sector
17.194816805025848,42.773077716280014,501.26152447677663,59.112987512709694,10.49459889528488,19.353169811880072,83.85670966065864,17.365949633085076,42.80629311118935,WST-03,22.361708559512834,Radar Station West,West Sector,West Sector
17.208170975788313,42.81205237512487,440.9569077303205,34.18520702718735,46.905936466506176,16.689822831706604,49.20321865658326,17.31068303181575,42.92685665881254,STH-02,16.934527850874993,Logistics Depot South,South Sector,South Sector
17.000309855903335,42.94311565372808,306.1472162300877,36.97686700657469,22.893928930372645,8.71876859930385,37.038733844501735,17.072540437379107,42.97502520096987,STH-02,10.082144023779534,Logistics Depot South,South Sector,South Sector
16.95225210984,42.577024084297925,503.67718234241437,59.24901845714173,2.1063254537754106,19.463739444859844,84.34354551357146,17.127175103576032,42.583756092273916,STH-01,3.9332633180551726,Power Plant South Bravo,South Sector,South Sector
17.050838990558812,42.795255393524066,453.6697606287729,53.130989899601246,10.0581771427168,17.748235835425817,71.39329466455702,17.207997290153173,42.82443783556971,STH-02,14.366759017537392,Logistics Depot South,South Sector,South Sector
17.189253250704226,42.73583370746662,643.1413961800899,58.0973004113552,24.69588192513687,29.816856054196688,103.74278751431676,17.43284283234591,42.85326006806088,NTH-01,18.11374753477263,Power Plant North Alpha,North Sector,North Sector
17.201752159870296,42.58350234424754,337.3810621702273,54.19859078424089,43.074786421006316,10.237008093335092,54.663940469349306,17.26899043105847,42.64934541761863,WST-01,12.540393972843445,Substation West,West Sector,West Sector
16.991498721034816,42.9444491119562,462.31175802612063,49.552034250096,21.809102508433856,18.91420373454084,69.19120239265463,17.149412769261275,43.010583942648736,STH-02,6.543703370819296,Logistics Depot South,South Sector,South Sector
17.182300770354914,42.457290047175526,326.8616939930492,38.53658996589018,44.71114526273214,9.995136342969142,40.86429005224828,17.246170215842564,42.52350652257576,WST-02,7.836301735851756,Fuel Storage West,West Sector,West Sector
16.984711250192827,42.82720061609923,684.8507427080617,39.806443250985765,51.483635237705,37.10546914648048,83.63879185841492,17.192334496612332,43.10050669838904,STH-03,12.679679807688936,Comms Relay South,South Sector,South Sector
17.067018777046957,42.83672422781356,640.9137351411749,58.4181321913311,20.468196852342757,29.48458823618961,103.77589132953713,17.315415955820104,42.93384899264902,STH-02,17.36640301774505,Logistics Depot South,South Sector,South Sector
17.249582854503576,42.949195916613974,502.4880138446839,55.818768484669334,48.02253425126552,20.51859151787791,81.08322767084418,17.372951016100036,43.09293236335873,EST-01,10.79252255200078,Substation East,East Sector,East Sector
17.007777246969273,42.71114835541081,388.4007602613263,40.784713453269795,7.612839955811372,13.956166269986689,50.5436750751031,17.13218088570971,42.72854786255721,STH-01,11.61404308535163,Power Plant South Bravo,South Sector,South Sector
16.996189074773287,42.59297340293155,874.751899661241,41.19802252862112,24.917011504299573,53.97274797492402,105.84163226393838,17.43628383170452,42.807316751726944,NTH-01,16.24095633318839,Power Plant North Alpha,North Sector,North Sector
17.076840099764038,42.896644401916014,650.6354684331681,38.93083170827654,5.853743776895555,34.03653898534676,78.51962699868002,17.38133884209783,42.92935669479482,STH-02,24.709205030638227,Logistics Depot South,West Sector,South Sector
17.135900557790958,42.862486169099434,707.4680199432407,39.783904278750114,3.151679327686543,39.06655530932592,86.0166502410345,17.486701635945224,42.882738075791394,NTH-01,15.04290336893813,Power Plant North Alpha,North Sector,North Sector
17.229870234723975,42.70018936865168,618.8092519616712,55.82002398866357,3.871642649126814,29.06068650079453,97.81075307106858,17.490621613303304,42.71869138102102,WST-03,11.007385568432715,Radar Station West,West Sector,West Sector
17.24424634365991,42.86071442538029,783.919948587723,30.315205697695404,6.285121624898187,42.27423148270068,75.14972706459231,17.622137272746244,42.90438412417325,NTH-02,12.411986667191291,Desalination Plant North,North Sector,North Sector
16.970892190977416,42.560725361246355,837.8280297288728,43.081578633285744,50.14355540498392,50.72186058906667,105.66526532417112,17.262895750005658,42.92740821259599,STH-02,11.690425034661558,Logistics Depot South,South Sector,South Sector
16.99139925520437,42.75370379824208,529.6263261585779,58.28519035583724,32.6206274180214,21.58622863002438,87.42074949498405,17.15487700626781,42.8632263084686,STH-02,9.236996110529896,Logistics Depot South,South Sector,South Sector
17.187221392168798,42.919110072872726,714.0151873383663,46.27909065548427,56.843291266620646,39.61517866794527,97.34468040371009,17.381833747321828,43.231640431149,EST-02,8.403702320652373,Water Treatment East,East Sector,East Sector
17.03118964568126,42.59079070276991,437.93249072783817,43.513373704317104,32.280018078750814,17.47000916378424,59.637645786941,17.164000262819794,42.6786081715411,STH-01,7.919511472878917,Power Plant South Bravo,South Sector,South Sector
17.21545471785191,42.69012998945845,691.1130282972231,39.371094140987644,37.72267993862321,37.58617872349431,83.57616359282896,17.482705975657854,42.90695945990808,NTH-01,17.270083759584377,Power Plant North Alpha,North Sector,North Sector
17.149035977168726,42.97062691250373,539.4933779859316,32.21737889585712,11.069037668429582,23.310055102531216,56.50546853777993,17.354763787662527,43.01279404554384,EST-01,16.77037713791642,Substation East,East Sector,East Sector
16.983553440714203,42.87892710518304,304.06895964078296,36.73459434082539,32.434861238022506,8.58711141649359,36.58934326595359,17.048727437637925,42.92225012697486,STH-02,12.719583093916246,Logistics Depot South,South Sector,South Sector
17.1997587854772,42.93222341219833,873.3167210535725,32.71375229810614,23.11815292819961,51.3667289399066,87.90210188682704,17.624524437482872,43.12252986196256,NTH-02,11.000633325623506,Desalination Plant North,North Sector,North Sector
17.002906914002423,42.631148236534266,821.0649273232314,33.800982891462844,55.88612052842221,47.329510687317665,85.70994991706876,17.24129155070254,43.00012859747096,STH-02,10.490972624778085,Logistics Depot South,South Sector,South Sector
17.077048618403897,42.99790315578073,474.5019302076171,34.90549632378809,56.03527294690752,19.20430441177357,53.68241969883032,17.173482529981843,43.1478285401181,STH-03,12.649245168694325,Comms Relay South,West Sector,South Sector
17.1156554785678,42.491539362810286,898.6543885397164,39.06088296252835,11.90991675013446,55.85344359409193,103.84407463581432,17.607114746697412,42.60029466210608,WST-03,16.491323782049143,Radar Station West,West Sector,West Sector
17.100229844724083,42.71126234992978,490.27660473392046,30.330500399866064,37.207851836301955,19.108399336864696,49.00956797056734,17.237066779986115,42.820065478209926,STH-02,16.245980413560627,Logistics Depot South,South Sector,South Sector
17.155848874684544,42.68756402937775,575.3065118754448,58.50431656779743,38.29054817825868,24.700373558296643,94.40581065047947,17.330147009589073,42.831755684236555,STH-02,22.707462691346198,Logistics Depot South,South Sector,South Sector
17.145806020460775,42.87905931448008,810.7554157046502,33.71457278030924,33.75210476748107,46.388989245582366,84.60925301582051,17.4925288104163,43.122085065163674,NTH-03,7.4214336981927955,Comms Relay North,North Sector,North Sector
17.247612601658417,42.94517066350901,482.7578107968245,41.49446617078761,7.4597824797089585,20.70123712954705,62.93230983449133,17.432205750356477,42.97050471431692,NTH-02,23.69416223940782,Desalination Plant North,North Sector,North Sector
17.249826572767255,42.838683626144835,570.3241706325,56.38582679144342,39.24091913045171,25.21275919215326,91.54745418346816,17.425381805536556,42.989016504232495,EST-01,22.883614887733817,Substation East,East Sector,East Sector
17.104937820790692,42.776089741678184,699.3523002739532,33.197039105722865,47.94511709545201,36.56293576520657,73.4132095388857,17.325032991955506,43.03184091516448,EST-01,13.886877603992334,Substation East,East Sector,East Sector
16.978559726088257,42.6564575145091,378.2805328634569,44.50812755262362,20.713562031187806,13.392267683108162,52.82756078188692,17.091209106477088,42.701024615903975,STH-01,9.186850899606771,Power Plant South Bravo,South Sector,South Sector
17.168352989690614,42.70619555024544,553.4102212150306,55.34350792624187,30.873102116649434,24.338367895557553,88.03900683887403,17.3561847319427,42.82386884502728,WST-03,24.518453276655794,Radar Station West,West Sector,West Sector
17.242999223464977,42.70558018793489,485.64596241697586,46.708878721024206,6.979676780956674,20.90127370943781,69.35342747589378,17.42957423300139,42.72952089505986,WST-03,12.100637690631375,Radar Station West,West Sector,West Sector
17.045497916288706,42.41222108421063,706.0645835188908,36.310307862682805,55.84132268922166,38.21958679636888,79.76712657063769,17.23827272528727,42.71001803907495,STH-01,16.260649833540434,Power Plant South Bravo,South Sector,South Sector
17.088362665751273,42.701827482896604,381.5816340362231,52.06528594237744,6.572271190339201,13.138363107399204,59.816686683644996,17.205741659914192,42.71598473430265,STH-01,13.960385509651914,Power Plant South Bravo,South Sector,South Sector
17.077433077444635,42.91358248010447,439.63888746056244,50.44023188602523,12.502626400094822,17.196189468391257,66.86157380158524,17.228411565842904,42.9486342110464,STH-02,7.608412930440705,Logistics Depot South,South Sector,South Sector
16.965425746367078,42.82556440668535,726.8257222514897,40.86557719640773,17.908708548002096,40.87893092047002,89.93956901303362,17.31521133140776,42.943977443878,STH-02,17.270583975479756,Logistics Depot South,South Sector,South Sector
17.151679329367035,42.877425173275,393.7346218344689,31.388854847441255,49.547414350921315,13.030104416902805,40.99246732217831,17.227687980108193,42.97078273574584,STH-02,7.843662053953654,Logistics Depot South,South Sector,South Sector
17.05600130852054,42.634290993861114,553.2115573439338,30.235940696882817,42.0393552301413,23.629270996050586,54.727560388584514,17.213769569973486,42.78326434803091,STH-02,18.694186216400546,Logistics Depot South,South Sector,South Sector
17.18623916238945,42.71738394214778,727.7284332555712,54.76178649381515,0.4208662801861518,38.027323965190256,111.18764035982495,17.528217387248873,42.72001829048497,NTH-01,8.578586798046246,Power Plant North Alpha,North Sector,North Sector
17.199636022584595,42.42009014139826,759.2810306580031,39.646720846772055,11.013692829564633,43.59078991405251,91.1979745673905,17.58442116544955,42.49865370020984,WST-03,18.89360548296544,Radar Station West,West Sector,West Sector
17.196369235979354,42.62979876530161,356.92870720300107,34.133096958177134,45.00907075151411,11.290418320810932,40.13079982751854,17.268141441100866,42.70499712801313,WST-01,17.83505054553144,Substation West,West Sector,West Sector
17.074999799411962,42.68464962693559,811.1973656516868,45.55653678488946,24.230069460048743,48.14567484439638,107.22804180164809,17.469754427796882,42.87093799369427,NTH-01,15.596655001161059,Power Plant North Alpha,North Sector,North Sector
17.04646370467227,42.55312533975945,734.3833806779799,57.6249988717527,1.5728119480355995,36.931823589508205,115.70075950816344,17.3784737593533,42.56267754193175,WST-01,5.5554447847960855,Substation West,West Sector,West Sector
17.174646233900116,42.418744587394386,503.5767532159882,30.254425935671932,57.835012699201485,20.019707039886704,50.149467820417584,17.27043006077165,42.57834874197613,WST-01,7.27555680896361,Substation West,West Sector,West Sector
17.190416830152817,42.81424486526737,758.281711398144,31.684306220292434,9.073974776433724,40.86658866001952,75.79332584618508,17.553329901849263,42.875036811536916,NTH-01,10.502222376658834,Power Plant North Alpha,North Sector,North Sector
17.09737723391741,42.661052650509305,736.9793192043954,42.51134797755217,30.62799840280966,41.853007493040174,93.84992671011848,17.42116103301701,42.8620281729884,NTH-01,19.6881136185503,Power Plant North Alpha,North Sector,North Sector
17.21790930586089,42.64940691586734,660.5347359050313,50.2789772026519,14.898965858690605,34.283292753737555,96.56238945326031,17.51584343840294,42.73253378027084,NTH-01,8.730262010646749,Power Plant North Alpha,North Sector,North Sector
16.993172608823567,42.5499920524171,635.0887040435066,44.28301376301151,44.248159213521575,33.046664635346616,85.00834180902359,17.205945621828384,42.767080077940705,STH-01,18.316993758500452,Power Plant South Bravo,South Sector,South Sector
17.213720633897687,42.72269823939881,740.8220933397513,56.92645315396214,46.603565942837285,37.85330948238144,115.68461217622335,17.447438940869787,42.98198366462259,NTH-02,21.787904602207487,Desalination Plant North,North Sector,North Sector
16.978828569891565,42.66281606876244,899.5559410232727,31.322536666124343,23.833224211493583,52.841061228962666,86.91562519324559,17.41341637678328,42.86405815731962,NTH-01,20.55671625460238,Power Plant North Alpha,North Sector,North Sector
16.996057656616383,42.684390683817455,647.1313495895313,40.20422608931231,39.506977287541915,33.91314471201304,80.18034846787542,17.231269136563206,42.88753258968427,STH-02,10.336009137422796,Logistics Depot South,South Sector,South Sector
17.110152003982186,42.74852280906183,785.2307230573488,40.540436681661625,54.54441507278913,45.991328385897205,95.50892087499183,17.349768389745574,43.10149332267292,EST-01,8.318383509296458,Substation East,East Sector,East Sector
16.970255544056222,42.40379478834384,746.5642303893497,40.203816779590255,48.88854710955638,42.543526151245025,90.87532913335707,17.221603993657272,42.705589427889095,STH-01,14.502522979800538,Power Plant South Bravo,South Sector,South Sector
16.965842130420032,42.944617542123055,813.4850412202954,44.63057736370172,24.89386305869488,48.46744280485065,105.86364153701801,17.361131445515504,43.13685144629744,EST-01,7.227988115459355,Substation East,East Sector,East Sector
16.95015562324971,42.442652438167045,872.714916830483,53.71731135583832,26.488563233798274,50.22471495864937,127.63698191683855,17.354311757003234,42.65371721930626,WST-01,11.335649574146041,Substation West,South Sector,West Sector
17.080894997908278,42.67055484838959,415.84992447648915,39.53647849208452,53.21269644162123,15.717876741813107,52.59038174179592,17.16550990057139,42.7890378958881,STH-02,17.112165312924436,Logistics Depot South,West Sector,South Sector
17.18238716438767,42.52442372514363,399.27578183706976,52.33449619896608,2.0623680255805765,14.232871300387293,62.66856195610964,17.310303304950807,42.52924860040889,WST-01,3.1063331691373195,Substation West,West Sector,West Sector
16.960451505083974,42.71426942162192,651.8110970489405,34.39396413837214,1.3686943388295814,33.009969519030044,71.02533732513761,17.25723204956945,42.72169456297161,STH-01,18.69640535817217,Power Plant South Bravo,South Sector,South Sector
17.145677281939758,42.56813806527828,569.5770377319027,46.82174566901851,12.347720493901326,27.45295864642764,80.40292926476485,17.386848672742193,42.62346167795431,WST-03,8.142354556248021,Radar Station West,West Sector,West Sector
17.196938195224856,42.91600389883756,642.4336157515015,41.252640769966355,49.657298681120615,33.61136381108298,81.29978125124104,17.392473545587496,43.157430546578894,EST-01,10.286219197856026,Substation East,East Sector,East Sector
17.00040025457336,42.637815900377454,778.8256406913051,46.17632406886712,9.192791257032049,45.2308154500117,104.65938161612901,17.401934409433544,42.70591666573739,WST-03,11.169930540735866,Radar Station West,West Sector,West Sector
16.99405912044642,42.78325333346106,859.0286880295479,33.232492511167486,17.116757096901157,50.38460378835337,87.82389830369367,17.427060175550515,42.923029877121394,NTH-01,22.787544163116326,Power Plant North Alpha,North Sector,North Sector
17.20824029208616,42.54932783688873,550.4494951191349,58.60388540282726,37.74412140841054,22.906565118273154,90.8279376003452,17.371094827775313,42.68145603398068,WST-03,11.842480647100631,Radar Station West,West Sector,West Sector
17.196937382985027,42.41164369029641,730.7595873261746,57.18642350405334,11.054568603682846,36.924766014784936,114.67773111728091,17.52283669555485,42.47841445010852,WST-03,16.561705774320707,Radar Station West,West Sector,West Sector
17.111682529879257,42.642492721367965,418.0795127048456,54.791889128718864,18.18698047461441,15.048655818669676,67.51874854879962,17.240252385570393,42.68672065700014,STH-01,15.133926514964676,Power Plant South Bravo,South Sector,South Sector
17.195759963788195,42.72189189373498,620.7311696127142,56.783484701641555,28.01476362739153,28.787744048285646,99.14866001606796,17.424278354979304,42.849342110263706,NTH-01,18.812243912933152,Power Plant North Alpha,North Sector,North Sector
16.977826823227346,42.67572829075705,313.08286666831196,34.40063610544458,13.68655702607629,8.84646272871066,35.581850774420914,17.05512484060885,42.69541844165656,STH-01,10.783998413935345,Power Plant South Bravo,South Sector,South Sector
17.068344455381627,42.977208618291314,602.2503402798582,45.111653190589976,59.544821038675984,30.259620348728802,82.22230056701177,17.2061299336026,43.22278261281315,EST-03,11.994090715437107,Forward Operating Base East,East Sector,East Sector
17.17133926683191,42.824103504307615,627.2018754752999,39.5372747626957,9.80676103927607,32.138918173413316,76.93716057781957,17.456141133063593,42.87570949261465,NTH-01,17.10791590123775,Power Plant North Alpha,North Sector,North Sector
17.02723558779719,42.997401880375236,741.2672014669988,56.62157823912476,50.99622629521519,38.070266962032385,115.35741780521644,17.242525661975773,43.275981202286175,EST-03,5.743587956199292,Forward Operating Base East,East Sector,East Sector
17.175698674330064,42.57703605418838,689.690874124195,35.683130474984,28.20598988992315,36.627667245050354,77.01960260084488,17.465917978411614,42.74024882855758,WST-03,12.771784226650452,Radar Station West,East Sector,West Sector
17.101253581317245,42.87343196776429,515.0380405834809,36.59836065425917,7.747420783211307,22.566664391295255,60.322260342638316,17.302345666800395,42.90208708155012,STH-02,16.625984967386735,Logistics Depot South,South Sector,South Sector
17.17507979638447,42.733335080527965,303.4385404278728,50.601433690650325,7.109169429754836,8.683855387756703,47.04597538987644,17.252574835502084,42.74345557651145,STH-01,19.730993148512553,Power Plant South Bravo,South Sector,South Sector
17.089403891357197,42.7670562126691,369.29152417376935,32.666989772630046,30.017763363051323,11.79475810669208,39.91575986919318,17.181241492067215,42.8225996160844,STH-02,13.73944588131098,Logistics Depot South,South Sector,South Sector
17.060371302066546,42.991511920265395,883.8363921104714,51.971015307499194,21.211210288152614,52.131776144299465,126.1699188311123,17.49736317629465,43.16936604281773,NTH-03,3.800208912162621,Comms Relay North,North Sector,North Sector
17.01575676494359,42.79239231985067,853.3998949891835,38.04381864942367,14.076137946779621,51.632157248758055,97.45420452318062,17.46611832252032,42.9107818216728,NTH-01,18.77925322370902,Power Plant North Alpha,North Sector,North Sector
17.012513802430504,42.93929013540215,495.0558978486872,49.82806095801442,57.536348229944934,21.281604996018597,74.01777901049563,17.115175247832358,43.10825436395771,STH-03,4.931103056345625,Comms Relay South,South Sector,South Sector
17.17544724317142,42.83545014083155,455.3117639543326,56.19113359081982,27.802784437991452,17.18527873845365,74.34302651709851,17.312142296125078,42.91095777001635,STH-02,17.418183467716634,Logistics Depot South,South Sector,South Sector
16.98567310441019,42.476431673034845,561.8497762140225,48.28834119704972,55.72865888233966,26.65952630432819,81.23446185927865,17.120576969651935,42.68374657850734,STH-01,6.774518581653449,Power Plant South Bravo,South Sector,South Sector
16.975794705033284,42.819654226193386,713.9640177672436,36.38051199858327,9.83998356388913,38.92268628895724,80.67838135007071,17.32067525975748,42.88231613554808,STH-02,19.258021741219483,Logistics Depot South,South Sector,South Sector
17.002887409506638,42.69058935321129,514.0966035947843,31.4749657661765,11.007964033800734,21.182696879128276,52.93661456077609,17.1898790877232,42.72866528304621,STH-01,13.916688104299388,Power Plant South Bravo,South Sector,South Sector
17.002603953436175,42.951278795789406,340.37630863869333,31.338419150851976,35.761661456547095,9.910184563955433,35.562432292071136,17.07491707135793,43.005766058970266,STH-03,7.910715580885485,Comms Relay South,South Sector,South Sector
17.19693228684207,42.884100668314275,541.6770554666379,32.66435646042024,16.192538557009357,23.618525140552652,57.39673269401271,17.400902818047832,42.946174179443915,EST-01,25.316538263064608,Substation East,East Sector,East Sector
17.069551987042264,42.46248081256434,456.3533966888591,47.39453737409148,11.096271336675624,18.68874523059336,66.16659530651204,17.234478795463815,42.49634816338494,WST-02,4.9603537913039455,Fuel Storage West,West Sector,West Sector
17.247116537208143,42.48034938619213,494.95800672672704,40.44653562121954,5.681123124798663,21.553221516966165,63.1048911013081,17.439995986112528,42.50046173805663,WST-03,12.87396825364716,Radar Station West,West Sector,West Sector
16.991163377337184,42.44176660107916,397.77434747238266,37.293209321876944,4.57624021842983,14.269255298666161,48.026605331765,17.119080317720634,42.452479829792196,WST-02,13.44825434663043,Fuel Storage West,West Sector,West Sector
17.14606194770809,42.69594692484677,695.3040416673884,36.57919673391574,45.19010312480558,37.365332665117926,79.172162268076,17.38273031753239,42.94575391559442,EST-01,24.53047550712064,Substation East,East Sector,East Sector
17.084618852160375,42.448463055524414,615.978559947135,58.45744595709297,16.929788782188993,27.644724949470426,100.26274000365832,17.32244497117214,42.524298931135036,WST-01,2.854571615939951,Substation West,West Sector,West Sector
17.067875453009123,42.83420700194482,462.5178703772126,33.56449727676223,58.70514919845809,18.05541114167927,50.67304921015248,17.152168725767634,42.979416344620404,STH-02,3.244454398461428,Logistics Depot South,South Sector,South Sector
17.212525259716223,42.73141514887026,632.3174887837448,39.14443232317964,10.987267648747487,32.51477589766002,76.87999302421183,17.499568765052395,42.78985039827012,NTH-01,9.004331070989302,Power Plant North Alpha,North Sector,North Sector
17.24267869374852,42.90153101053188,595.6247083003428,44.144317860575796,21.266799001430876,29.747308735809607,80.07975928491663,17.49195870376384,43.003268990891684,NTH-02,16.556740062930125,Desalination Plant North,North Sector,North Sector
17.211857687632254,42.56787747320279,777.5849139396169,30.01348578222766,22.494517168940007,41.55367021090928,73.98292286346562,17.55706999863156,42.717838247938175,NTH-01,7.0657512394356985,Power Plant North Alpha,North Sector,North Sector
17.00769020371054,42.711484470496686,873.590561604121,57.62859562427174,30.009167564209793,47.50203709089232,133.50053409425539,17.377495218923443,42.93535807712772,STH-02,24.234320090840107,Logistics Depot South,South Sector,South Sector
17.01623937636268,42.47048781154633,378.40230538719356,32.972957722803116,52.238152138767205,12.397772363088352,41.19863683157218,17.084496409279154,42.562701304756956,STH-01,7.257311545168876,Power Plant South Bravo,South Sector,South Sector
17.14682216372852,42.930766001590165,830.3480873447897,50.47411802058517,50.08621259785124,48.40103707487241,117.57970225681642,17.42581079783665,43.28068915013182,EST-02,2.1482291933206623,Water Treatment East,East Sector,East Sector
17.036725074491457,42.5050029773739,722.8781629709413,48.865964314874645,0.5973798518277196,39.86062414908908,102.32537551864098,17.395180262785523,42.50891955325437,WST-01,8.457979960153917,Substation West,West Sector,West Sector
17.170417539234172,42.461417350810244,715.5321271787429,54.271915653142116,24.555304017495757,37.294471331270294,108.96110103714938,17.475428449428488,42.60754228194844,WST-03,2.1654469878494966,Radar Station West,North Sector,West Sector
17.119926195242893,42.52303035911391,524.5805382854834,49.541631916864574,49.67620386243492,23.559467144566998,77.7416083201203,17.256961563753155,42.69217808402243,STH-01,17.050663672316446,Power Plant South Bravo,South Sector,South Sector
17.11527263054712,42.88373889323379,506.3449172789526,53.081622516479385,0.011868469602611675,21.509455435806,78.97784779556916,17.30871153925315,42.88378086343937,STH-02,17.96933478110593,Logistics Depot South,South Sector,South Sector
17.198564077451636,42.46348871661081,303.38369089351016,42.63745826365583,32.018374333094634,8.85136737809595,41.289780896380464,17.26605217836107,42.507684676446274,WST-02,6.776084655078242,Fuel Storage West,West Sector,West Sector
17.163159831522805,42.7686564969029,889.3229247823847,44.6611348365487,15.568537279992114,55.09690356972098,113.98429627665051,17.640429521678886,42.908203958162744,NTH-02,11.846730032652372,Desalination Plant North,North Sector,North Sector
16.957973329499186,42.847708780369075,663.9034994238293,51.04986306493258,24.766112954526037,34.34300588740181,98.02391832867409,17.23837543360503,42.98317695221988,STH-02,9.400541310203383,Logistics Depot South,South Sector,South Sector
16.964837741143803,42.850648696289724,541.3971743543552,47.05280163165153,25.218281992728482,25.179246500769555,77.06333260824907,17.169672992424456,42.951628406325085,STH-02,1.0894140962867918,Logistics Depot South,South Sector,South Sector
17.130467535736805,42.51403653196488,626.2612931353071,45.3461565080016,23.505266443050864,32.24750415375318,85.47609597768623,17.396375786984684,42.63524531956091,WST-03,7.257223974548297,Radar Station West,West Sector,West Sector
17.095857622686683,42.43697439902657,324.3162204577575,36.16675218163648,53.51700733267578,9.649157706332504,38.44171151039953,17.147440674186992,42.50999153661928,STH-01,12.081191558990435,Power Plant South Bravo,South Sector,South Sector
17.0280553966029,42.66928383026333,404.1905731750013,37.74324782419126,32.18781653817208,14.747515933770234,49.257861617552976,17.14028545661177,42.74321761578415,STH-01,13.28625587023381,Power Plant South Bravo,South Sector,South Sector
17.07559682619444,42.521491207146724,674.0159549780415,40.7549172317818,54.224803429679085,36.27651830785445,84.02303037133396,17.26613142064942,42.798667115005514,STH-02,19.94083612850601,Logistics Depot South,South Sector,South Sector
17.177373095619856,42.81956248540836,608.557037810172,30.278531562705094,43.60454443928106,27.880095899367774,59.83667078751805,17.35885097115404,43.000737526966645,EST-01,18.127708610283634,Substation East,East Sector,East Sector
17.19798344539738,42.614015679793255,772.2448937565798,42.52090348740711,21.06720425844034,44.949886108698806,97.69523953149121,17.57514951019333,42.76644001671718,NTH-01,1.5352605603336122,Power Plant North Alpha,East Sector,North Sector
17.118366920367013,42.66961236461988,695.2456142672022,30.083054272917384,29.613820892937294,34.736924241892446,67.13506232228353,17.389892158924653,42.83137664992,NTH-01,21.830023251326377,Power Plant North Alpha,North Sector,North Sector
17.06561084425713,42.46809095986102,660.8614055876324,46.9504630776401,23.3915122923175,34.990584596287555,91.97697264598307,17.35438393594165,42.59897943483122,WST-01,5.8632718707573375,Substation West,West Sector,West Sector
17.031209028448533,42.74053017192892,789.1594225831881,51.12086306917047,49.7144566920193,44.69400987239272,113.71599692334134,17.290850958398792,43.06165575484158,EST-01,10.490392456835274,Substation East,East Sector,East Sector
17.106575541230775,42.51131451377914,340.9578633311404,46.86445894845379,11.255868718257823,11.01011105945085,49.75155270282049,17.203686159376595,42.5315467520918,WST-02,9.556082084350342,Fuel Storage West,East Sector,West Sector
17.044424885569313,42.807391396548965,714.5320778587711,50.805599196146275,56.18473693569309,38.59528523944317,104.11073154473453,17.237365744573452,43.10933185210581,EST-01,8.800638899535786,Substation East,East Sector,East Sector
17.11922854111417,42.442701293528735,729.3544279734092,30.000395056686223,34.825469655114965,37.506511684718426,69.89764892000264,17.396019198855694,42.64456028886627,WST-03,7.576490494150992,Radar Station West,West Sector,West Sector
17.15299571475289,42.98553675536879,465.0981298080066,31.783259198529286,36.70547723808504,17.79060736478003,48.58424575685976,17.28124160237368,43.0856866683132,EST-01,8.160915703491881,Substation East,East Sector,East Sector
16.96982376327582,42.810716187151485,417.38978189243664,50.95387322626666,31.00808401511828,15.607632404241759,64.13699141642978,17.090113842749954,42.88636559770862,STH-02,10.301197067971676,Logistics Depot South,South Sector,South Sector
16.950320239506823,42.509037740687155,428.3114852735995,54.08700443870312,33.26978862269505,15.851722174951725,68.4756979281619,17.069496008081884,42.590846016641194,STH-01,6.413908061884751,Power Plant South Bravo,South Sector,South Sector
17.013683141652223,42.40845678727711,418.8845180591965,51.531047126681834,40.060524985369625,15.633741116425012,64.86617086179366,17.121269562316698,42.503140774257076,STH-01,12.419163183675483,Power Plant South Bravo,South Sector,South Sector
17.218353449315636,42.60067773532313,614.2693145421567,49.89036727660655,39.30211530605158,30.59377347575095,90.0834757750412,17.43117578210715,42.78333940858761,NTH-01,16.552309489359853,Power Plant North Alpha,North Sector,North Sector
17.143887228968566,42.49168795843132,381.3757868194971,51.2214799143468,12.848825332197855,13.22168508535788,59.103987940806235,17.259813283367215,42.51937688782914,WST-02,7.6897402586926225,Fuel Storage West,West Sector,West Sector
17.001588105581106,42.531046799871724,695.5715168516102,52.18769777388498,34.946409652384446,36.55380760342824,103.61597943485492,17.270953746038046,42.72824049707128,WST-01,20.029481049492002,Substation West,West Sector,West Sector
17.217079188547086,42.92365015506273,363.0469553692617,51.73132495102708,21.27758644130655,12.02672767848451,56.78871021017422,17.317860989712983,42.964763270466165,STH-02,17.62324638432369,Logistics Depot South,South Sector,South Sector
17.0909867820862,42.76192279603051,316.1337841861537,52.140254330650194,38.221818348172725,9.262851866368534,49.99799793254551,17.156424032770918,42.81586298512411,STH-02,14.257094843350265,Logistics Depot South,South Sector,South Sector
17.092827527003596,42.50587459181734,491.57414546752267,32.220591222455425,32.870074816075125,19.777320550154258,51.803099546173655,17.24218889306539,42.60694850837501,WST-01,11.48466640687365,Substation West,East Sector,West Sector
17.230662583152796,42.733995640412466,415.1158342398246,31.898146544838742,10.780796022749556,14.484624684956517,43.73986762361779,17.358625005710266,42.759524293674076,WST-03,18.606913834978496,Radar Station West,West Sector,West Sector
16.967846007655,42.553468392054995,893.1972332460494,40.83359829688317,44.084035052342166,55.582903564826786,106.93793594342658,17.326586694848174,42.917761727660604,STH-02,18.837348393305778,Logistics Depot South,South Sector,South Sector
17.014553482388614,42.985720518614855,481.79778037033043,45.82790143646387,27.420806848769416,20.659848711976657,67.86336052466177,17.179457315422187,43.075280378417006,STH-03,11.070529938638668,Comms Relay South,South Sector,South Sector
17.125731397546417,42.41965433815822,433.23845161530824,52.87857161765183,33.08649313716822,16.396573056765824,68.16151421116099,17.249260993351424,42.503943096636704,WST-02,5.82039514087725,Fuel Storage West,West Sector,West Sector
17.008645952874602,42.83939105330069,418.06189409952873,40.04123456373038,40.35857189548878,15.911573545547286,53.40666396245537,17.117663102124993,42.93635064702232,STH-02,4.9260033529972755,Logistics Depot South,South Sector,South Sector
17.153858102762687,42.86379821571486,524.3117428820942,38.253512299009046,39.17230643502822,23.566082758547658,63.61752964673821,17.318111897124798,43.00402442067593,EST-01,16.680312341370982,Substation East,North Sector,East Sector
17.014227686801014,42.44029765837462,663.5093371989467,53.44344924355589,44.93572920540267,33.49636989906508,101.06599033526253,17.227353590718938,42.66306055199516,STH-01,12.783733623045329,Power Plant South Bravo,West Sector,South Sector
16.979747091179643,42.50312161853881,769.1671650277694,37.48010554361985,12.405103718587045,44.04017276570258,88.17820259572797,17.366543053783957,42.592267731592074,WST-01,6.052844973649853,Substation West,West Sector,West Sector
17.01209554789225,42.63058399546237,518.7457486458411,54.6252413044339,6.623474024241416,22.02065789408709,82.31058629811307,17.208808634048694,42.65449677588583,STH-01,10.533266546233106,Power Plant South Bravo,South Sector,South Sector
17.076820210281618,42.92089289591744,675.5825880256737,35.314006491601155,40.15077448046066,35.31087356020949,74.9708379104504,17.319432601975887,43.13537885501603,EST-01,3.3912876488522343,Substation East,East Sector,East Sector
17.002841489751923,42.7221999630511,589.2359389676325,40.7842056861743,14.15909679994093,29.10459059206686,74.55497854360927,17.256622284308563,42.78924415654876,STH-02,20.173997218103583,Logistics Depot South,South Sector,South Sector
16.990407607477003,42.793184110004375,807.8972077520391,42.032268282791705,6.876292112989599,48.08776785845818,100.60200685417047,17.419752751732364,42.84744948448474,NTH-01,19.200797924225622,Power Plant North Alpha,North Sector,North Sector
17.208084565865683,42.869807701274105,641.4250662950611,38.985313419229286,7.87424956856448,33.26175868255653,77.61472682873537,17.504389309222486,42.912777889521635,NTH-01,16.397151770915666,Power Plant North Alpha,North Sector,North Sector
17.046119161079194,42.89687367300251,473.93500312746005,30.10070741661038,18.768007433970844,17.90568670521804,47.146619037814844,17.19857934963275,42.95110780775735,STH-02,4.291447882389257,Logistics Depot South,South Sector,South Sector
17.058227605955476,42.685770725850205,722.1523543069535,37.065277734637434,59.50722288295471,39.81780828477685,82.73697368572708,17.239676872443145,43.00884855475056,STH-02,10.842935505389828,Logistics Depot South,South Sector,South Sector
16.966581122850368,42.705275883264086,792.0386928137975,40.12960676636621,9.4356196012251,46.54865251758312,95.4496686937697,17.3795262003044,42.7771867291774,WST-03,18.92582566223474,Radar Station West,West Sector,West Sector
17.057210887050616,42.830803514252665,579.264394058379,39.40874683579988,17.91219373790807,28.132044494996837,71.41945230859181,17.297928750290268,42.91230088781879,STH-02,15.851005854757641,Logistics Depot South,South Sector,South Sector
17.029442153196474,42.558005415241375,892.3183433293914,53.56666489431622,55.24404911292857,51.89212418727365,129.6961127085405,17.29509055047642,42.959576475607946,STH-02,15.055798019320552,Logistics Depot South,West Sector,South Sector
17.133145520202536,42.91269384181931,827.4581275147881,31.42103287609419,57.79848378844816,46.65827008401355,81.17913383119586,17.356412710912608,43.2846941842879,EST-02,7.254734923294902,Water Treatment East,East Sector,East Sector
17.011617089301723,42.412472094685505,418.17280179929486,41.66846098965722,13.730601669091083,16.020347152623586,55.16728351749317,17.1515709168991,42.44826068501686,WST-02,9.834614624382395,Fuel Storage West,West Sector,West Sector
17.216509635918854,42.51746296132583,772.0535232937424,31.125463667383237,52.827161823039454,41.73842390873862,75.84148956453605,17.443068260849056,42.83097375302384,NTH-01,16.157135831950377,Power Plant North Alpha,North Sector,North Sector
17.228899986275866,42.880119965821905,660.5707466098597,57.91942698387028,8.335076671380818,31.203550895664865,105.98876636921518,17.506551241569618,42.92277467405506,NTH-01,17.20013060285929,Power Plant North Alpha,North Sector,North Sector
16.979949317153036,42.6041549271356,620.8867786847009,53.70628311093289,45.69218467803094,30.03315165449926,95.66066840508728,17.168513632906613,42.80644737707155,STH-02,15.280776837197305,Logistics Depot South,South Sector,South Sector
16.982220886886573,42.489899699615385,608.363151947741,59.46484797714041,0.7804896388422922,26.587683086394513,100.19111381383468,17.221307122311327,42.49330962460169,WST-02,5.047522389235733,Fuel Storage West,West Sector,West Sector
16.984597931433296,42.51205285342684,812.0466856694574,57.30481595088055,24.397177754457605,43.069580651887094,125.38467064056333,17.337275294040765,42.679658480609646,WST-01,13.786390071853502,Substation West,West Sector,West Sector
17.135870776893093,42.71845384116164,666.5236733420691,39.47438316348253,14.84011240304329,35.47941532836838,81.11695705487217,17.44428336115824,42.804115050640235,NTH-01,15.30614958463742,Power Plant North Alpha,North Sector,North Sector
16.986590689262886,42.90770891760699,622.6235910322403,50.74750236991741,42.24048084954737,31.06739930473646,92.2657737261612,17.19334095708662,43.10431625106503,STH-03,12.865091820732733,Comms Relay South,South Sector,South Sector
17.20571469537908,42.44239042946266,329.31594405482946,39.19662262435225,0.9633678813110813,10.182039959187268,41.7462466241125,17.297270904364627,42.44400291966633,WST-02,6.400001071237893,Fuel Storage West,East Sector,West Sector
17.17628145448137,42.41828854547479,568.9817218551344,56.64633563788872,27.89410236309198,25.014912028947496,91.62151407219385,17.375077892071985,42.52856731585689,WST-01,5.504453808098341,Substation West,West Sector,West Sector
17.195942657471406,42.67910088150211,844.8249372273046,42.32258609902024,41.80374148469612,51.35454843287038,104.97600956601498,17.53995652150033,43.00196521605824,NTH-02,11.287394238212011,Desalination Plant North,North Sector,North Sector
17.107818158065808,42.97371244903218,727.0420376067714,41.27662625712696,2.8022923950109746,40.9304278274403,90.66792253942938,17.47547277740493,42.99257920842854,NTH-02,18.52413962847899,Desalination Plant North,North Sector,North Sector
17.249003163455747,42.567405882048476,330.57238683369206,57.422062327000006,53.84401092779834,9.420217751446485,55.66928037727343,17.29897283643476,42.63904899615227,WST-01,10.063019283031453,Substation West,West Sector,West Sector
16.96325253088325,42.97550232344023,830.3953692906254,55.10220862859563,21.671844443786934,45.98419028050011,124.61420102031704,17.347503260519336,43.13549687684372,EST-01,5.887804818228981,Substation East,East Sector,East Sector
17.070379489255835,42.932608705954,796.0003328262325,58.992406600929044,9.915949934534554,40.61036110094012,125.515555326328,17.430130219464427,42.99852667859898,NTH-03,22.220995860673018,Comms Relay North,North Sector,North Sector
17.04718100068129,42.5698810458325,628.0105269417168,31.994642567233406,13.527869761827649,30.16165158187977,64.58852721317001,17.31089454536498,42.636341514413175,WST-01,9.40838998214357,Substation West,West Sector,West Sector
17.234593649613792,42.890168838553684,313.44327910936886,37.3001663411658,20.334355726827795,9.143705522346071,38.176782510750755,17.311698052578095,42.9200998811325,STH-02,17.164365759280876,Logistics Depot South,South Sector,South Sector
17.123058287549277,42.81152038154129,637.4577708202804,39.02573243601137,11.902506109337526,32.93163884617272,77.24997478610432,17.412841649612698,42.87553605009009,NTH-01,21.16917736696793,Power Plant North Alpha,North Sector,North Sector
17.19185728963342,42.707093433342855,332.75342995585567,42.73056182864286,30.634725234912175,10.53690576162316,45.23249077817166,17.273386110576393,42.75766051622179,STH-01,22.466149216160506,Power Plant South Bravo,South Sector,South Sector
17.001102358097555,42.65374968582572,492.22737578248825,44.19390137845608,37.975904189961355,21.491408847784655,67.32986775363366,17.153418559930994,42.778214861394645,STH-01,17.217459556007217,Power Plant South Bravo,South Sector,South Sector
17.243590243170132,42.88930165355527,677.3457713416433,38.74417284200214,26.00580653299948,36.294541959822695,81.05904252610658,17.536890025782828,43.03939272096363,NTH-02,11.648131357960825,Desalination Plant North,North Sector,North Sector
17.099591864062894,42.875847659617015,847.7478503293047,53.713512694350854,25.621928993707336,48.21848341830608,124.66793734350651,17.490494254988988,43.072454745040545,NTH-03,12.221172028554587,Comms Relay North,North Sector,North Sector
17.09810162288119,42.85416180156553,514.6773823556872,36.697324334551695,46.90197116212215,22.557662055974845,60.41905455135457,17.236650204482576,43.00925675280985,STH-02,10.595455299660578,Logistics Depot South,South Sector,South Sector
17.24126541856372,42.99895357072918,816.014269730072,50.89551939897339,18.061002777473107,47.0272535043721,116.56607733510747,17.643305240607923,43.1365438934763,NTH-02,12.355115938061907,Desalination Plant North,South Sector,North Sector
17.064219708365144,42.68710747656483,851.0166062403098,55.55304946776292,37.36613003443452,47.31214860562455,127.78460709127643,17.402206039981788,42.95772362788705,EST-01,24.291172252399967,Substation East,East Sector,East Sector
17.069257507366498,42.88415378669195,312.6263282743886,48.11094717478759,53.57529510260835,9.3177711894977,46.668512222660716,17.11900088143581,42.95470546736033,STH-02,4.5862359487671345,Logistics Depot South,South Sector,South Sector
17.12542581084148,42.91748702019009,443.6567026515189,40.62476777678462,13.290861905760732,17.7602180113057,57.160999189811974,17.280865383077916,42.955941867040224,STH-02,13.454444910590077,Logistics Depot South,South Sector,South Sector
16.988415783164335,42.52696154887221,725.9173795364993,35.63673726589954,37.19404380146743,39.73443524528304,80.48513000536732,17.272944862115427,42.75318071982747,STH-01,22.12163140484614,Power Plant South Bravo,South Sector,South Sector
17.046325687923556,42.42523986523184,754.105825847729,34.03038583211088,56.87830680328705,41.59451989720354,80.0928517963021,17.250459654869054,42.75328186746708,STH-01,20.270776965040703,Power Plant South Bravo,South Sector,South Sector
17.007962496733537,42.64284904131315,535.4501101302325,52.32524217447185,31.787715297327267,23.849344024650872,82.30544401424497,17.190239190173084,42.761115417982865,STH-01,16.905527971939307,Power Plant South Bravo,South Sector,South Sector
16.980985043732115,42.914042010662065,694.052767663713,44.07395992750548,58.613863421827816,38.09543340673221,91.5835663603985,17.159183238237787,43.22013595031308,EST-03,14.729069540296592,Forward Operating Base East,East Sector,East Sector
17.209843381899304,42.57346196871671,667.295170417221,31.389586535021028,18.602762651087787,33.09809398145739,67.12177877573727,17.491925019800348,42.67301956044719,WST-03,6.650142732006568,Radar Station West,West Sector,West Sector
17.126799349838244,42.82000609244045,743.8649769606359,59.51518520827861,33.85763355997189,36.37588527435842,119.24601826264268,17.398370960408204,43.011001225612404,EST-01,19.228518444170195,Substation East,East Sector,East Sector
17.057601837458375,42.404408883438556,731.195056647073,50.1390954896697,18.66214507205717,40.19936445830794,105.2152759717612,17.40007868435847,42.52563772480846,WST-01,8.210138329423982,Substation West,West Sector,West Sector
17.072600813210013,42.61321865939214,351.5224787942168,55.32547654280931,0.22316550404403834,10.891721927255992,57.64354882709283,17.17055154307023,42.61361797392817,STH-01,5.661838081526298,Power Plant South Bravo,South Sector,South Sector
17.079455701106205,42.76931001685489,394.95010856403655,43.14566013951034,59.8384860267395,14.483040005239177,53.7206681364716,17.144863822550164,42.88716189412219,STH-02,6.885391491848673,Logistics Depot South,South Sector,South Sector
17.139944754643412,42.4778543140434,379.6362883555896,58.66315862424075,14.403604082236592,11.90641663358876,64.38981782016668,17.243653979115614,42.50574327938159,WST-02,5.933763981665782,Fuel Storage West,West Sector,West Sector
17.228030817446697,42.93796414728846,859.4880419056914,35.98575062772382,58.3861191142039,51.583870734611004,93.76912604499009,17.47078100126747,43.35212949153731,EST-02,7.903421872918759,Water Treatment East,East Sector,East Sector
17.229833885897094,42.49376438627024,848.1255890117935,35.55408368816448,39.18196959882762,50.42602071603008,91.82542321945182,17.581130733059307,42.79431045003332,NTH-01,1.5221311095659995,Power Plant North Alpha,North Sector,North Sector
17.0674475938592,42.9458761270024,778.4473617581821,56.71004204311076,54.23601653691436,40.88969531769064,120.3041159573717,17.282126383593763,43.258370723491225,EST-03,8.93280766126392,Forward Operating Base East,East Sector,East Sector
17.04877873787933,42.529833585209786,370.0311364055756,56.75151192017184,58.032164823217975,11.72939583730278,61.54636823524766,17.10460550192449,42.62346242498052,STH-01,1.7508935581277112,Power Plant South Bravo,South Sector,South Sector
17.085313950055575,42.9965672043495,644.5628819517515,44.97058456497126,34.06975238051898,33.81451628209911,87.14096709996787,17.3371394360703,43.175032569799214,EST-01,4.427310826619408,Substation East,East Sector,East Sector
17.120380269128546,42.762849227977355,412.3383756539108,33.77359066061936,59.98148065807549,14.689800318276996,45.678079089919926,17.186436199621983,42.88258338323419,STH-02,7.74195902055236,Logistics Depot South,South Sector,South Sector
17.088545373434926,42.450606936662986,521.0303625352815,39.15649374609816,46.039794556522196,23.433548834007382,64.46752399731808,17.234772256954855,42.609435636019725,WST-01,12.32668533670464,Substation West,West Sector,West Sector
17.14762602294501,42.439166340687194,460.2547659824478,52.62457014103403,31.428873365614404,18.30098210607546,71.88537350554923,17.288044089412544,42.52904771464898,WST-01,5.168401868795905,Substation West,West Sector,West Sector
17.11631970701393,42.44495301775568,797.3585888924795,55.3797572400391,39.296597051453155,43.20064553285609,120.90848412008033,17.416816788554613,42.70283347414659,WST-03,10.01371067875943,Radar Station West,West Sector,West Sector
17.04621466400822,42.75393564837457,386.67083971156393,40.42964243234451,11.656281439595958,13.82082064606551,49.972456604289626,17.16794315441225,42.78021897504891,STH-01,17.839151830114865,Power Plant South Bravo,South Sector,South Sector
17.05371924172879,42.88574752139643,687.7075011660454,31.837010454506036,0.6619572864209933,34.99171950457241,69.80118285269111,17.3683858632493,42.88955679714206,STH-02,24.043931094337466,Logistics Depot South,South Sector,South Sector
17.063577836267918,42.641777645062305,890.3367982657002,49.97180044718342,15.407360856428527,53.64108827266761,123.59029861339214,17.528601540639073,42.776182515950836,NTH-01,5.729567653299139,Power Plant North Alpha,North Sector,North Sector
16.978391930474817,42.66690145556912,712.23274995218,52.184911243148804,26.098251703194418,37.91571125688034,105.74079357670978,17.284548884123776,42.82399782724542,STH-02,19.258647058448854,Logistics Depot South,South Sector,South Sector
16.99981878972419,42.753572622198774,347.5400934041758,42.720440275910775,13.683155211705241,11.42866796564986,47.15929911268255,17.099680508287417,42.77901002547901,STH-01,17.04898845136494,Power Plant South Bravo,South Sector,South Sector
17.166934140643615,42.71982436287181,844.709701177515,47.49292834853608,30.842153879171878,50.6381632264356,114.273259241346,17.557783879387806,42.96470239902408,NTH-02,10.859484366048404,Desalination Plant North,North Sector,North Sector
17.066729013456623,42.81283703986076,685.8478066137577,59.6211449257225,39.47664853347999,32.06831819418353,111.40469797282044,17.289247353857856,43.004865390128316,STH-02,15.508080101306462,Logistics Depot South,South Sector,South Sector
17.01436169176804,42.68307143209781,573.786587763122,37.34995798078978,39.34763094600226,27.35006808316986,67.77106307355272,17.204504270955674,42.84632338781921,STH-02,12.074493439607002,Logistics Depot South,South Sector,South Sector
17.118801723172457,42.82831641103844,695.8154871246711,47.18933081397753,53.62586583198771,37.91697328529873,96.56230899689191,17.32082710213485,43.115913861639,EST-01,5.221766576349464,Substation East,East Sector,East Sector
17.176661862742026,42.99838644552798,827.4265982835822,48.32881240687928,57.97914578899259,48.917022706019495,113.74575099258969,17.409542720229208,43.38928145145519,EST-02,9.543708060127742,Water Treatment East,East Sector,East Sector
17.027226708703612,42.610178705349256,586.2763367491496,46.47321588073389,53.441700801593306,28.842864654214665,82.06943474341251,17.181613273115598,42.828266174233136,STH-02,13.154282842870868,Logistics Depot South,South Sector,South Sector
17.198036964577124,42.407329277749206,618.7928896873375,56.073886738313874,37.21049756081557,28.952503691555684,98.09221676952599,17.40533789686272,42.57234559489655,WST-03,7.905859261060845,Radar Station West,West Sector,West Sector
17.228251457887517,42.47537502733099,571.4684395307721,48.150225957663494,12.345849275467744,27.447683794663124,82.31846697937861,17.46937819868941,42.530704770950706,WST-03,9.528708913666819,Radar Station West,West Sector,West Sector
17.129218358722152,42.73210851099217,343.5548557941991,45.2367006717387,56.60706955019561,11.201000675442925,48.78011306222602,17.18464044245551,42.82014199791263,STH-02,14.065314524447492,Logistics Depot South,South Sector,South Sector
17.150684297697474,42.60655467228679,772.2420761564151,33.6904507998352,10.491623686038391,43.0240833790938,81.08461322525314,17.531126368826214,42.680441694976594,WST-03,10.180262580793665,Radar Station West,West Sector,West Sector
16.965772797096918,42.963989556223,375.84704618510335,51.096275978802765,9.08564295062791,12.885819907702995,58.18742901104387,17.080202746051526,42.98313333193073,STH-02,9.54613850895997,Logistics Depot South,South Sector,South Sector
17.23365596730657,42.776467654064426,536.7420061729862,33.96322084484101,19.0541596743261,23.623380014894273,58.84643897570809,17.4344527074364,42.84916391590207,NTH-01,17.76852709283292,Power Plant North Alpha,North Sector,North Sector
17.067745420279483,42.71221311157928,532.0937073646376,30.79709680092671,34.41633368029729,22.27290834276747,53.63666850402651,17.23295286830594,42.83074687794294,STH-02,15.042340495318566,Logistics Depot South,South Sector,South Sector
17.227170120163628,42.87882370076321,468.02447525204275,44.65593489190387,40.888357919148255,19.664341975519285,64.7613992756665,17.360826500108555,43.00010959437736,EST-01,18.269975959527475,Substation East,East Sector,East Sector
17.12369325742507,42.55515392262946,541.504275536651,47.173358164431974,0.7975606407381597,25.17619494632881,77.22339127061869,17.350085942928537,42.558455749478185,WST-01,2.4070423178105096,Substation West,South Sector,West Sector
16.951385639652997,42.89184312416941,670.8054662294571,59.971621841216404,46.681336303185006,30.76228633110296,109.6724211365673,17.141075634219018,43.10247632123071,STH-03,7.199130228668564,Comms Relay South,South Sector,South Sector
16.96156259979703,42.401836662918456,486.83238732462706,51.369803833658594,10.50117294523453,20.42860852687175,74.47021997868363,17.142201168057447,42.43687699326756,WST-02,10.963733979804205,Fuel Storage West,West Sector,West Sector
17.154125641700976,42.77180641728143,403.5071626189659,55.45770960682732,17.78909109078127,13.993366399195821,65.82115748679615,17.273949878476852,42.812069908521266,STH-02,19.3691835242167,Logistics Depot South,West Sector,South Sector
17.118800404149578,42.960854290627466,821.62050630436,40.39164117092266,19.325203547739093,49.19930489314086,98.95053586537536,17.536271395962267,43.11441227152238,NTH-03,6.989095982572911,Comms Relay North,North Sector,North Sector
16.95795973116182,42.87271597122032,882.4995899142813,45.26744047739903,19.94675993392455,54.40574957298751,114.39850524228265,17.417814727512457,43.04765250698722,EST-01,17.714147926678468,Substation East,East Sector,East Sector
17.173037988366715,42.91218051528841,575.1502943257924,59.22806971985567,45.622056132568275,24.36052500458144,95.08636821532609,17.326193010926975,43.076208215425595,EST-01,9.359785866345174,Substation East,East Sector,East Sector
17.205643601120755,42.6381728171029,496.21182740675147,42.52165656428329,2.4566617321307738,21.773355779370558,65.82515597452021,17.40127566696341,42.64696858715183,WST-03,7.129148603555717,Radar Station West,West Sector,West Sector
17.09892524473179,42.89454336766008,328.4892466669376,54.21871274407152,11.791069103539172,9.737455676370507,53.292029547545354,17.184647493216136,42.91327409221424,STH-02,4.768073360331757,Logistics Depot South,South Sector,South Sector
17.089727232107176,42.73049899901816,322.1109243660319,45.77967353233488,1.3391538691468896,9.92218642138975,46.26471639279032,17.178935091620698,42.73268178223668,STH-01,13.648743359890762,Power Plant South Bravo,South Sector,South Sector
16.951641932650386,42.77112414190192,535.7291973872412,36.718855545901924,46.69796740270598,24.19347706343603,62.73676402651334,17.10079882446771,42.93678944684575,STH-02,6.73089176294429,Logistics Depot South,South Sector,South Sector
17.18599491374808,42.43534920360148,858.1452109805795,47.412559116326484,59.02334030190742,51.81508806393156,115.62033589101613,17.42539817900618,42.85408896874662,NTH-01,18.9013297986844,Power Plant North Alpha,West Sector,North Sector
17.04921482002383,42.52093101830464,738.4251260409387,36.54186085110965,39.572829555993856,41.0952284426613,83.39015497810347,17.3339416778448,42.767574207439,WST-03,21.01615657212295,Radar Station West,West Sector,West Sector
17.213629085934762,42.73057864930813,509.56165132246497,30.090809696272235,35.408350855128674,20.388391556667443,50.4675180262148,17.363042331414178,42.84188756126525,NTH-01,25.001702748024393,Power Plant North Alpha,North Sector,North Sector
17.061918176267415,42.435280634694095,880.8278551092366,37.0768804642003,54.48397280331017,53.818480007344455,98.02710866938607,17.342670416005937,42.84799548075887,STH-02,23.019873495372867,Logistics Depot South,North Sector,South Sector
17.11952337318921,42.844868083952626,557.2547419534385,35.794314970652714,15.297239181808965,25.69067256813846,63.686770090937465,17.342369014049876,42.908725733262486,STH-02,20.74680729943013,Logistics Depot South,South Sector,South Sector
17.031102536459798,42.90403420511314,466.07564638478743,41.127635315983014,3.987738308280313,19.430660586738306,60.46686640350696,17.205422964800682,42.91675567946902,STH-02,6.163034718639354,Logistics Depot South,South Sector,South Sector
16.998176493775475,42.95221741677688,555.8119468346143,56.65790711427864,30.598194298332942,24.05250527872094,89.7238819395079,17.184333790631626,43.06746645229725,STH-03,11.677600218164772,Comms Relay South,South Sector,South Sector
17.1824723710144,42.461061075507885,426.9259361902997,41.63559220796027,15.620922190429724,16.63073499125903,56.22424578182515,17.326507330254273,42.50324858401257,WST-01,4.977760749509375,Substation West,West Sector,West Sector
17.098977143653883,42.96383214881368,831.3832621204774,55.355628824729735,27.06489688085412,45.89969906334813,125.09921144303027,17.466463532943127,43.16072621893204,NTH-03,7.354675985582404,Comms Relay North,North Sector,North Sector
17.110946377125675,42.440572004577575,516.7039862506142,46.668390603947444,27.37799103490856,23.27774580470376,73.39036354118744,17.296814972323148,42.54139902426391,WST-01,3.8012963304950342,Substation West,West Sector,West Sector
17.23962478604452,42.68443372955669,694.7813786965928,30.22844112667701,19.129909444084166,34.77693251824688,67.37508533338695,17.535081148068052,42.79192159175227,NTH-01,5.15217837557759,Power Plant North Alpha,North Sector,North Sector
17.239073973666645,42.90415061237669,533.4283192962981,35.662101387096456,29.17947489498321,23.7914167526277,60.979252423006976,17.425853084170768,43.013484325206605,EST-01,20.919477024967648,Substation East,East Sector,East Sector
17.20669263651072,42.44218668313867,841.0388507783775,57.93834135624109,22.8091128329941,44.797806311964976,129.8922226706665,17.577997637657138,42.60601501035717,WST-03,13.204292884306055,Radar Station West,West Sector,West Sector
17.00628278782951,42.410938643793386,685.428451029378,48.125203385931556,6.783560206912604,36.86334006526847,96.6747771540873,17.335477364031256,42.45196056070881,WST-01,10.424281592286622,Substation West,West Sector,West Sector
17.128281808290474,42.41496863122399,592.9511341687796,57.88640575716822,52.00354244434679,26.24348211140555,96.3556021109049,17.273481048174244,42.60974285386715,WST-01,8.928838216600695,Substation West,West Sector,West Sector
17.21344422739666,42.70676214366162,379.2857815088031,39.30360060910358,42.07642286581356,13.259725021068872,47.93727392581061,17.301938511980126,42.790459582196945,STH-02,23.155874179372827,Logistics Depot South,East Sector,South Sector
17.062339180934682,42.886958046758,841.1499977113226,51.49687134848229,2.4785318999904327,48.85105270697694,120.46424296459202,17.501254675721786,42.906878720709415,NTH-01,16.050968118828056,Power Plant North Alpha,North Sector,North Sector
16.980331849780676,42.47645600264356,628.0901209630625,53.1607547969178,6.94718551627838,30.78777844437014,95.98302139537253,17.255176762228967,42.511524119632554,WST-02,6.7479761155313795,Fuel Storage West,West Sector,West Sector
17.193288870671978,42.47476615244772,471.0317837768505,59.27098808208766,5.790868242721441,17.32047699437737,79.31814765416365,17.34825987028295,42.49123164314187,WST-01,6.559928440650198,Substation West,West Sector,West Sector
17.09452906540865,42.74112811302987,826.7561350900224,30.54529449506882,3.7046128205296602,46.067660839965114,79.20428482339365,17.507957273468236,42.76919691580963,NTH-01,8.09226468151115,Power Plant North Alpha,East Sector,North Sector
17.11931780410775,42.540577360487156,332.6642564366447,58.56711645369739,3.5434065504328616,9.346844701962528,56.704115815504444,17.20321511219653,42.54601585104035,WST-02,10.987549650215573,Fuel Storage West,West Sector,West Sector
17.244643288895354,42.83812824108692,488.446150397743,41.74770652812495,9.42673997617202,21.14646872489184,63.93162498474521,17.432246999540588,42.87077561064336,NTH-01,19.041824611324756,Power Plant North Alpha,North Sector,North Sector
17.13216342914822,42.96978123290605,622.0970407212885,55.139772172346014,50.87216451179569,29.589356689920212,97.49630677731409,17.299973434231863,43.18598881444086,EST-01,2.7590965631987325,Substation East,East Sector,East Sector
17.07749381569983,42.85962004396025,503.8886016259758,46.34138754663252,49.693997771890544,22.311227273551633,71.33611194828059,17.207224865613135,43.019804992376066,STH-02,9.086498114653553,Logistics Depot South,South Sector,South Sector
17.06099531035416,42.92630521982735,586.0405532273147,46.93948629100096,46.98878851670311,28.776499119164043,82.64892710995004,17.237432370715577,43.124438744907366,EST-01,7.915864905584872,Substation East,East Sector,East Sector
17.075285787796215,42.711751634543,458.58975139859035,40.781336645593505,36.88239039231436,18.855542712132966,59.15230896294598,17.21089313297225,42.81829494515489,STH-02,15.092252615902273,Logistics Depot South,South Sector,South Sector
16.9855197249536,42.89939158253052,378.04985455973826,54.854177711345926,43.40961319281807,12.528377902206467,61.4355186826336,17.067354075195748,42.98038660527982,STH-03,10.681318238128597,Comms Relay South,South Sector,South Sector
17.18842516752527,42.50974191039201,322.11248317011103,37.920407125135,44.30887265041837,9.677919433169818,39.74926272451717,17.25069643590623,42.57340213875807,WST-01,9.161514471296533,Substation West,West Sector,West Sector
17.201315057456114,42.44100873423738,394.5879389472851,44.76724158535819,53.35877221846003,14.467695004952354,55.24368710007688,17.278936070264017,42.550342408979304,WST-01,5.678174121752517,Substation West,West Sector,West Sector
17.03531914037202,42.793571866074814,871.7679084148871,46.80523496302426,43.94058177814593,53.14798277962156,116.0397812979524,17.379189969519338,43.14110488735491,EST-01,9.031042249964534,Substation East,East Sector,East Sector
17.041138985522984,42.431171502254834,645.241880002043,52.27563280282465,44.18755848125793,32.44831779166801,97.17670497376974,17.250276721173197,42.644148445500036,WST-01,13.360421748425402,Substation West,West Sector,West Sector
17.212300276900443,42.93548885148381,593.376075166771,44.149060111246115,48.244870362809024,29.56105371642241,79.8142766868963,17.389234940227546,43.1433091305106,EST-01,10.079391195544172,Substation East,East Sector,East Sector
16.957191106658385,42.81493248826445,530.5943035834251,50.408486965184814,33.381291355657915,23.87649737494866,79.53123250489828,17.136456101962626,42.938564975806344,STH-02,2.886165749704713,Logistics Depot South,South Sector,South Sector
17.106137233130166,42.971320435245346,725.0520875900312,44.55882289043926,12.781727402556553,40.752563132304594,95.9033641127102,17.463533733711966,43.05632039681575,NTH-03,15.055221708925055,Comms Relay North,North Sector,North Sector
17.08910271440445,42.58833199378794,384.755685543656,49.77961910875784,5.072548654143498,13.57825735334262,58.39751927132303,17.210736187480816,42.59963488377639,STH-01,10.318801023046245,Power Plant South Bravo,South Sector,South Sector
17.157038030873537,42.691694985520975,465.6779205915981,50.22430428624445,25.14261362291393,19.070943098373956,70.33624703014137,17.312282603229022,42.76802220756588,WST-03,22.72699316742109,Radar Station West,North Sector,West Sector
16.999017510044837,42.84501421902707,693.5412717982517,51.28324681587731,5.501140301163754,36.70265424176786,102.13054833731873,17.327569034049926,42.87816110322353,STH-02,20.134200298277758,Logistics Depot South,South Sector,South Sector
17.150499222238548,42.54566739127649,587.4386187511368,54.698993815809786,10.15824189325987,27.106017920919086,92.17707808992105,17.390442916362954,42.59071966585111,WST-01,7.990446282360529,Substation West,West Sector,West Sector
17.063020202362463,42.725109292066996,762.0555233754533,46.22167682879752,1.4304007057461,43.76988649440775,102.8249179468105,17.456528782417056,42.735409669672435,WST-03,12.247928656580601,Radar Station West,West Sector,West Sector
17.135614433450893,42.795680365003285,838.2659063739919,35.798344916096795,18.012377462190592,49.64177625116308,91.43087863643618,17.560121157057967,42.94047526293946,NTH-02,12.244897742212462,Desalination Plant North,North Sector,North Sector
16.962028502961832,42.987285192668224,794.0235548223936,50.38922524857166,58.199869344121105,45.38658287718101,113.17601219061945,17.176795262977542,43.350380202380165,EST-03,7.353885765113932,Forward Operating Base East,East Sector,East Sector
17.088518159155353,42.84682197654543,410.5246285564392,32.313542504764854,22.735876359864637,14.280398259631239,43.770391765622605,17.2069588399884,42.89878231005355,STH-02,7.541146491218499,Logistics Depot South,South Sector,South Sector
17.10667526819471,42.470878510167445,354.88214131618713,36.56865067383552,14.453556363064878,11.474425809905814,42.33731022601349,17.20659933689693,42.497841425904085,WST-02,6.2938181474474995,Fuel Storage West,West Sector,West Sector
17.014297920856496,42.685200070829985,401.6643603270291,53.76472585994398,24.206968628293893,14.174028450439682,64.19764721264852,17.130552131060618,42.7398934466712,STH-01,12.794398500915685,Power Plant South Bravo,East Sector,South Sector
16.991887096253734,42.75326246979374,770.1184149601384,43.05210432990198,18.080311212400645,44.7598602495744,98.39261839229468,17.374503451761548,42.8841605010449,STH-02,24.85518048344379,Logistics Depot South,South Sector,South Sector
17.00654229090369,42.48797388571861,848.2986536956263,44.941325029536515,40.432609375701645,51.47457363223252,110.17081825140019,17.358661139280454,42.80252731372457,WST-03,22.4061146852894,Radar Station West,West Sector,West Sector
17.053242323419003,42.659179634188646,855.2693206223145,59.6219075545059,38.06800566954484,44.45252799149371,133.9194362845243,17.367809635188166,42.917450626639834,STH-02,23.364463447124137,Logistics Depot South,East Sector,South Sector
16.979043044791492,42.57040348980149,478.9294736222673,37.05517457546754,1.6405744662297717,19.925893071537374,56.95161481802164,17.15816713376817,42.57577278789802,STH-01,6.332173076679863,Power Plant South Bravo,South Sector,South Sector
17.23419593871888,42.47129652535721,804.2048268081351,30.586582486078036,30.679389348407106,44.164824864262634,77.42370647142506,17.57567569418364,42.683874989953324,NTH-01,10.20088896469963,Power Plant North Alpha,North Sector,North Sector
17.071498218448745,42.707225160078075,621.7413210132579,33.34117828553532,2.171981260526228,30.16496328153552,66.29658116695828,17.342582695166723,42.71799603823649,WST-03,16.690802776167523,Radar Station West,West Sector,West Sector
17.192690880752025,42.499379848607404,793.6751090089244,37.335055789824885,40.64179598485649,46.16549010257051,90.29790409398953,17.507525708556468,42.782928790249684,NTH-01,8.06476486281599,Power Plant North Alpha,North Sector,North Sector
17.242325136932653,42.75432244515143,629.0189054280006,51.777600731894076,56.148499837635505,31.300174752050445,94.4054361386513,17.398977761706814,42.999303159979945,EST-01,20.298437132147974,Substation East,East Sector,East Sector
16.974220584000822,42.50181815934512,387.53593186747094,53.27466095954286,54.44927272364514,13.353381375332516,61.6724180157231,17.044018074415906,42.60401157973331,STH-01,8.618031916446093,Power Plant South Bravo,South Sector,South Sector
17.1455008403805,42.83415695416169,347.53173064385845,46.96466862042341,12.342726725455593,11.405152743101938,50.75491616427957,17.245697672793554,42.85711405366908,STH-02,13.716805757440163,Logistics Depot South,South Sector,South Sector
17.211422726022363,42.5171449738178,874.3314895256037,37.65139196094484,44.5587088632836,53.396256813803696,98.62567631321903,17.55327353978837,42.87052753307694,NTH-01,10.046409909377417,Power Plant North Alpha,North Sector,North Sector
17.140270330190017,42.93777106046569,555.4815338589474,45.65225683580471,47.58395826243391,26.408783774842366,77.12494017922158,17.300382891035238,43.12141720969805,EST-01,4.0963474925368715,Substation East,East Sector,East Sector
17.078707836407222,42.41572561392928,510.31238693839066,30.448726678018026,51.86205198656306,20.56680467643891,51.066461750465486,17.192875171809668,42.568007249990615,STH-01,9.807138511611678,Power Plant South Bravo,South Sector,South Sector
17.07932290729138,42.71319843222744,513.7818508609862,50.45402828225389,15.575920248031261,22.589272845192784,77.27251840011417,17.27500424239431,42.77032404329543,STH-02,22.972178750417726,Logistics Depot South,South Sector,South Sector
16.960769665802207,42.59206285953193,527.3606468852832,48.42892666227503,27.050090758329603,23.9290462178109,76.84689734449043,17.15240209165369,42.694483784799786,STH-01,8.69606189689091,Power Plant South Bravo,South Sector,South Sector
17.110380225386784,42.53504591546476,866.9980967366029,30.653896181446306,13.290265742195423,49.59562873692035,82.73844669064644,17.544429843548187,42.64258095900914,WST-03,9.688773640347776,Radar Station West,North Sector,West Sector
17.248062899036054,42.682961667499086,337.6227524419055,54.510349008983866,1.4585674326714826,10.212244650795494,54.912863131510335,17.339873922879573,42.68541068617219,WST-01,14.414975488183565,Substation West,West Sector,West Sector
17.23761225779158,42.90521172179456,371.4367724293795,52.90279605486366,39.54075767189743,12.404431379439792,58.950422778114195,17.32362710055364,42.979605634865266,STH-02,18.46418187831519,Logistics Depot South,South Sector,South Sector
16.96211976865265,42.94916632331599,773.7909092891095,39.2467123670494,25.887817073588735,44.8100621509275,91.95032348009232,17.32458326147155,43.133474593690835,EST-01,3.9244582933295553,Substation East,East Sector,East Sector
17.161739101088845,42.581949170888706,629.6456948040832,49.06129951896918,14.887012833814037,32.024347636148406,90.98955808920678,17.44005876654004,42.65950560940996,WST-03,4.741139183773601,Radar Station West,West Sector,West Sector
17.04052946000908,42.49254617325704,377.1220547765712,48.0447889039492,50.826236837976715,13.211250565904356,55.82461490181795,17.115556885765006,42.58892095477108,STH-01,3.339497108028601,Power Plant South Bravo,North Sector,South Sector
17.22089674602184,42.83208426853978,320.6760820670018,34.29540837680611,29.74083839875217,9.245741658076017,36.324197153362604,17.29308845459658,42.875285373778524,STH-02,16.792008879334627,Logistics Depot South,South Sector,South Sector
16.963534423712783,42.74919923527359,434.5406089675364,35.79777903343098,59.679460632755436,16.542311428810137,50.471231825653604,17.038594239457762,42.8835136282554,STH-02,15.237229879110302,Logistics Depot South,South Sector,South Sector
17.230762230603325,42.52060968920654,456.48644262616267,50.49618408684388,47.60146961633802,18.375535183952884,69.30824493448534,17.342150478315613,42.64845760449225,WST-01,10.537642511973262,Substation West,West Sector,West Sector
17.201242723136332,42.85617747285246,308.5278177447852,58.006549388100254,52.15267198415519,8.197608542255695,52.42277586464996,17.246466861789663,42.91713321226689,STH-02,10.228890240153302,Logistics Depot South,South Sector,South Sector
16.98525131467578,42.711358261145286,429.654323002316,47.28852962096259,46.3999349278603,16.79040483815279,62.42516971023825,17.08935171199664,42.82575875059217,STH-02,15.362937158860973,Logistics Depot South,South Sector,South Sector
16.96794730119519,42.792037119704446,742.9913621714398,47.034394366786344,6.355493937037298,41.98255902852824,101.92031410321304,17.34317991802908,42.83582192622271,STH-02,23.704354143524434,Logistics Depot South,South Sector,South Sector
17.20041229929808,42.61560342037803,813.2602137822022,49.40045084111516,3.9017400392202406,47.36521229062395,113.87362338748478,17.625387709539908,42.64601585769981,NTH-01,15.070942280460397,Power Plant North Alpha,North Sector,North Sector
16.996727301292374,42.66345853678143,838.9414978618307,43.21734900534386,54.904726356867805,50.81417593673013,106.0326132259916,17.259088333431514,43.05498850191259,EST-01,12.042092748866745,Substation East,East Sector,East Sector
17.11046944589276,42.50820525902496,533.9484195861261,31.62516130504031,8.291831282388124,22.69770420814536,55.07136446472576,17.312458332422104,42.53904005699178,WST-01,2.2711651722978554,Substation West,West Sector,West Sector
17.224723457363613,42.8539095205872,491.64823554213456,41.89511540174092,23.473569040455615,21.397943035502195,64.50162238990893,17.401218298940947,42.93423799901325,NTH-01,25.744324412197162,Power Plant North Alpha,North Sector,North Sector
17.1202344340648,42.49420679449107,899.9165089247325,57.00756630353669,36.59466069335585,50.00246529788361,135.8040949843663,17.48107739239918,42.77526354439567,NTH-01,11.011165942174372,Power Plant North Alpha,North Sector,North Sector
17.069169990441846,42.86698155685064,761.6042705529533,54.14840401174646,12.713900994119738,41.04356335954783,114.70210858421903,17.429215056200054,42.95212566389614,NTH-02,24.51820956200765,Desalination Plant North,North Sector,North Sector
17.0835048164562,42.87880471293075,622.4112485445326,57.82270705731196,13.517102622466608,28.42650423147044,100.51182846015841,17.3320591977617,42.941400136233824,STH-02,19.15392126115896,Logistics Depot South,South Sector,South Sector
16.96893515121116,42.847960578433074,452.86285961363797,34.58494755397232,27.974480537482588,17.59668966573332,50.96669438242213,17.108680502844535,42.92562939302513,STH-02,6.266576547365503,Logistics Depot South,South Sector,South Sector
17.24062569640848,42.41165367283524,492.7832717310628,45.17873271116488,21.65370548759563,21.51550424402286,68.55025803734304,17.42045051658363,42.48648399972251,WST-01,12.107405671021562,Substation West,West Sector,West Sector
17.043196255524325,42.563879927564,609.2186092976324,47.54184464438831,40.59454002118826,30.601004093603503,86.37623206467858,17.252079367146607,42.75138961537698,STH-01,20.261013953668577,Power Plant South Bravo,South Sector,South Sector
17.006809047501857,42.681002645675086,625.2497518744503,36.29776529978923,4.50457173123765,31.34884037457802,71.55793205123715,17.287863383998854,42.70419230289929,WST-01,17.026346395968396,Substation West,West Sector,West Sector
17.035814190552117,42.75732662723008,308.20718656420667,36.029107178069104,29.32552016866918,8.74877765580124,36.46616830661635,17.104407064511516,42.79764481933603,STH-02,17.329467480391063,Logistics Depot South,South Sector,South Sector
17.239311958467443,42.95153325962143,875.6400511628847,53.46098797928407,10.455595062931017,50.61618846273229,127.58377424399141,17.686936730851233,43.038237898039256,NTH-02,5.5653711586058625,Desalination Plant North,North Sector,North Sector
16.9782858160464,42.62536358327722,645.3637484109381,50.1555575115662,36.40350054004489,33.06840384105307,94.45305802267293,17.217559636512377,42.81013513124037,STH-02,16.177593914956038,Logistics Depot South,South Sector,South Sector
17.210190912150356,42.92501399126437,653.49494664548,49.4156261044548,6.972797505620587,33.91578497382058,94.50100153540846,17.512942843689395,42.96384132772255,NTH-02,15.3311033398831,Desalination Plant North,North Sector,North Sector
17.162353168320433,42.498057572882104,426.8826802522915,38.00962373949045,11.85791199176482,16.32460940196557,52.18943199358258,17.306028335253604,42.52965540419984,WST-01,3.4306289843831013,Substation West,West Sector,West Sector
17.19900575374771,42.62276829250518,758.9923072807487,45.2030827274162,48.23333897059881,43.64412833294064,100.80546427435013,17.460216834486257,42.929659145547475,NTH-01,20.718135589492988,Power Plant North Alpha,North Sector,North Sector
17.242769262110368,42.43136920649279,742.3587120551056,30.692098604679835,14.110019402280827,38.98456322284127,72.40314571925359,17.58276773351957,42.52102733305958,WST-03,17.21896169850742,Radar Station West,West Sector,West Sector
17.202646396655062,42.84549357463337,357.09478404285846,33.89838157801284,44.223920327629536,11.266281558332505,39.90940443987193,17.27524074145834,42.91949906566424,STH-02,13.217360423902889,Logistics Depot South,South Sector,South Sector
17.233014705383354,42.49039165445975,656.9966233559521,45.547525882823734,16.383761981291457,34.82502777794131,89.47335092029412,17.53346464385221,42.583036384197044,WST-03,9.0607686024028,Radar Station West,West Sector,West Sector
16.988080577037277,42.554212009389076,694.916247197928,39.29016826895739,14.101650314029865,37.90362687307848,83.84226270564211,17.318664804427176,42.64120738265592,WST-01,9.76342220368894,Substation West,West Sector,West Sector
17.18873656955009,42.86513995131593,801.3409047443264,58.9700927068955,17.949286972876045,41.023770830614744,126.18101803497389,17.539680302442385,42.98437948988885,NTH-02,11.776701635343889,Desalination Plant North,North Sector,North Sector
17.113702708224313,42.72083003045363,423.6547073506264,44.144541698010315,52.855919065364915,16.462657721689226,58.45518634713875,17.20306219563496,42.84437212722435,STH-02,12.200083946034306,Logistics Depot South,South Sector,South Sector
17.113048678523956,42.40838363165108,826.5808780838436,32.50692469070552,23.82993956020368,47.181766449047856,83.45025020790219,17.501110764214413,42.58813614964822,WST-03,5.684874403922522,Radar Station West,West Sector,West Sector
17.219676472896154,42.401341122848436,576.8886430245574,30.535270417659373,14.625631793038421,25.539918040548528,57.387004150715505,17.441910346414772,42.46213222334427,WST-01,15.549556657003292,Substation West,West Sector,West Sector
17.241541145594013,42.70639637904394,357.91417158338686,51.75773621543014,32.198368421814784,11.712218996090172,56.04130000446804,17.3306640338859,42.76519106461001,WST-03,21.075524559377083,Radar Station West,West Sector,West Sector
17.161451496912953,42.582973308249514,363.3727329065256,35.145202141509415,23.13848470710814,11.81684534463893,41.871117438921004,17.259169381865195,42.62670211035527,WST-01,11.328940741778768,Substation West,West Sector,West Sector
17.094881516841536,42.508186867597104,418.68267220390175,35.63437107015177,47.41185118629979,15.433937222252354,48.52985705177597,17.188783041421466,42.615154508800174,STH-01,7.665643226501469,Power Plant South Bravo,South Sector,South Sector
17.086921157370554,42.76815636262967,469.65042359118513,42.71421667922013,59.42673709878166,19.770842109878767,62.76073026255248,17.177295925183827,42.92838830182359,STH-02,2.9950866466779758,Logistics Depot South,South Sector,South Sector
17.065902437166955,42.537061883030454,597.8434826758798,37.92181767460394,31.594466559950018,29.42693995076038,71.23539292157328,17.29126716135488,42.68227126648355,WST-01,14.687392567266569,Substation West,West Sector,West Sector
17.058479708871797,42.75532428981097,749.250718646736,48.49731239238568,27.10493385917096,42.19350736057995,104.9343514054295,17.396179649807525,42.936497939758624,EST-01,26.021167085867347,Substation East,East Sector,East Sector
17.067452052505327,42.627559570351764,412.0355412116594,44.57077521671292,20.58212389883314,15.654053111816062,57.3638117814995,17.199239459725955,42.679367437740325,STH-01,10.836012067948928,Power Plant South Bravo,South Sector,South Sector
16.97692597057536,42.51204773060187,895.591076699722,33.3435180443169,58.40032393620827,53.64633401907468,91.20291002986811,17.22926927553756,42.94227121680433,STH-02,7.746033519742115,Logistics Depot South,South Sector,South Sector
16.97323082557813,42.48286284272125,396.91315906218756,53.54222543728345,28.99699656028092,13.906231130198806,63.30111031798387,17.082605500197886,42.54628622209805,STH-01,8.869299052875373,Power Plant South Bravo,South Sector,South Sector
17.183960953161694,42.542116361876374,659.6267806332885,42.775765632427444,10.679811596162965,35.14961763530003,85.60889815203757,17.494583723537964,42.60353831775217,WST-03,4.223333120313931,Radar Station West,West Sector,West Sector
17.08382186787607,42.41789926480779,857.364261522804,48.32502958767901,58.152954323080564,51.475505501011,117.1065140507982,17.327671131793092,42.829833283854896,STH-02,22.59332527144327,Logistics Depot South,South Sector,South Sector
17.229205346563386,42.58487617722176,799.5044537260962,30.118269975980454,57.65292755996142,43.47420322892689,76.02458908749716,17.438097040975094,42.93108940551019,NTH-01,22.487311761418358,Power Plant North Alpha,North Sector,North Sector
17.133666302578185,42.94117281410907,688.733520997896,48.79200100309611,26.143503140104592,36.9985579069273,98.04058025592624,17.432302538310825,43.09484010265544,NTH-03,14.127725161868417,Comms Relay North,North Sector,North Sector
16.960552794655325,42.898817275529815,729.2957980745391,38.485495710928035,20.89116078197743,40.760172050094106,86.02029358154296,17.30297333095443,43.03572697058348,EST-01,13.197444447435855,Substation East,East Sector,East Sector
16.997257002395244,42.623202254031796,380.5233760232186,44.83112229629981,40.82624680131812,13.53684852669054,53.42524645066809,17.08935991933119,42.70646799828069,STH-01,9.800792046362789,Power Plant South Bravo,South Sector,South Sector
17.011745937903903,42.74550017114908,305.7978322561489,38.931618114638695,49.73544784713659,8.836583899350163,38.6333584970846,17.06309846554054,42.80893275673532,STH-02,18.462089680884258,Logistics Depot South,South Sector,South Sector
17.2427208073169,42.74041633540843,560.4892706162236,59.88782233926729,29.911927937011647,23.03854700088986,93.52577869329265,17.422282899920827,42.84870318021274,NTH-01,18.990589885829298,Power Plant North Alpha,North Sector,North Sector
17.01561126784549,42.897242523516226,353.7113558029818,36.9252694413487,19.848779463182005,11.441438788293041,42.55069381281796,17.11239039603912,42.93379774011453,STH-02,5.566863147679283,Logistics Depot South,South Sector,South Sector
17.104726702886413,42.54177406091018,514.6515371476946,57.385788044677696,18.083640651780804,20.8733202264812,84.35013872335317,17.283163120503335,42.602797924168385,WST-01,7.651173123183344,Substation West,West Sector,West Sector
17.230853079492057,42.57783249327581,434.2456761418425,57.53899895489751,19.595923632865084,15.472968710975664,72.21006239082027,17.36193924938569,42.626729545234866,WST-01,8.884631371731132,Substation West,West Sector,West Sector
17.243157818974307,42.58107126024736,849.8080334284456,42.63001958803103,7.081976407344603,51.791495009925654,106.06862364250402,17.705366770887935,42.641350529464034,NTH-01,20.25297304036376,Power Plant North Alpha,North Sector,North Sector
17.020908130615062,42.424521993863,828.0335994048345,39.12009346570069,46.717226181312526,49.59414325900811,97.13860083769208,17.326408794727904,42.764639985350186,WST-03,21.35926818693892,Radar Station West,West Sector,West Sector
16.96473529312501,42.58881271797352,791.3657091186051,41.43106640696374,6.297591811148187,46.602999536046646,97.77491316521628,17.381310781230123,42.63698524282654,WST-03,8.933494053966774,Radar Station West,West Sector,West Sector
16.996080549761327,42.9267482659528,728.3665790483925,59.68017262175394,23.898869696031163,35.12547967117761,117.33702216564781,17.284843304298477,43.06077518417737,EST-01,10.668568182340392,Substation East,East Sector,East Sector
16.968998543610766,42.94719258854289,392.4431574624162,48.56388682012818,50.0966002284519,14.17515569731244,58.44237208251123,17.05075086815481,43.04948206058339,STH-03,4.5936470846829085,Comms Relay South,South Sector,South Sector
17.0085372723277,42.46578120746113,329.02045571949094,46.343407134619156,24.246353741513996,10.314393260136596,47.66654949912448,17.093110350875353,42.50563423529036,STH-01,12.516678165589695,Power Plant South Bravo,South Sector,South Sector
17.120570914411122,42.67483512497106,692.3327147128155,31.07753644018282,17.685707875557142,35.01231276158198,68.78409656566394,17.420537252317832,42.775090005837114,WST-03,17.027600561922704,Radar Station West,West Sector,West Sector
17.223734638888693,42.628809340952586,685.3548823050596,55.43529091191077,56.89522342819603,34.36073526662073,106.4563694034218,17.392326865245053,42.90006263308362,NTH-01,24.44642409740559,Power Plant North Alpha,North Sector,North Sector
17.111165665108302,42.69361551797403,521.6545708526886,32.51416367421597,7.5926252119806374,22.06443944955809,55.199425556850386,17.307854082647083,42.72107725163596,WST-01,18.32669035127853,Substation West,West Sector,West Sector
17.137796867009722,42.73283171443521,583.6119998613583,31.40917101103144,53.09123416706846,26.407126380880143,59.444797494031214,17.280319148166374,42.93169886615908,STH-02,13.519362284866462,Logistics Depot South,South Sector,South Sector
17.010560175482862,42.41215525601065,593.4896329427936,38.24574258353976,3.7246079242082764,29.125434561214536,71.25787165277374,17.271937113749487,42.42997397871977,WST-02,4.139281829513082,Fuel Storage West,West Sector,West Sector
17.190175086202157,42.9053453487527,443.95687964790386,44.27365815172554,24.811764771154195,17.906231656680884,61.229444818587865,17.33633223195763,42.97613744180285,STH-02,19.802766194617416,Logistics Depot South,South Sector,South Sector
17.135336672551674,42.984198443904006,488.49996714455153,56.858668800132016,37.903263329872026,19.24111164396645,79.94582201127841,17.271842619626515,43.09552147602176,EST-01,7.5278694569756945,Substation East,East Sector,East Sector
17.209241048757818,42.792042887202186,551.0337327981009,53.70236397248516,22.202303048500852,24.667433066289462,85.97439670011819,17.414613026180852,42.879897798020465,NTH-01,21.22349402052686,Power Plant North Alpha,North Sector,North Sector
17.234652932101735,42.79627134309602,661.9074179469538,35.92896433517529,32.076385257687505,34.33236752096923,74.67738608608985,17.496202938580023,42.96819002321081,NTH-02,16.906520329618484,Desalination Plant North,West Sector,North Sector
17.054370232726978,42.71678791469842,873.4915236104355,41.162385852818296,12.240099995230933,53.859254768517594,105.6461054387954,17.527698166258194,42.82447671046464,NTH-01,7.487085136121463,Power Plant North Alpha,North Sector,North Sector
16.977173717560632,42.60056404702863,623.090765711424,53.407207938566486,34.14207104801021,30.309766696037066,95.60412919738314,17.202713008590266,42.76071381205713,STH-01,17.55260814259708,Power Plant South Bravo,South Sector,South Sector
17.017778687375035,42.489386694507715,738.698345725921,45.81277342407292,8.07352301395429,41.807735139939,99.48314160950316,17.390030129379436,42.54472028994883,WST-01,6.698532375997264,Substation West,South Sector,West Sector
17.08135246970275,42.75043800561763,784.200661437332,35.23475826072238,47.76577896537458,44.6800334092136,85.26859706167278,17.351199813330002,43.06212688757148,EST-01,11.846860184182544,Substation East,East Sector,East Sector
17.233708095547343,42.42696484210552,368.10487278513216,41.88165608035,35.02739480652779,12.690064846828978,49.05280618852452,17.32715033002067,42.495582416503794,WST-01,5.785013115331677,Substation West,West Sector,West Sector
17.063492946712024,42.894701540615124,691.8748005323646,48.778074135291206,28.915926889131153,37.26588944319603,98.40790711489858,17.35678001773078,43.064480303805794,EST-01,11.944318445121604,Substation East,East Sector,East Sector
17.18123196409961,42.652547019682366,589.2664321526547,59.19677024426504,3.280007749984879,25.368895563001704,97.1345805023771,17.409005403681444,42.66622725203672,WST-03,7.496869339301934,Radar Station West,West Sector,West Sector
17.112143007651227,42.64885253449718,643.4585653487353,49.85436164569227,29.986460155003336,32.98559447278389,93.80951873994074,17.369021741739125,42.804197880630454,WST-03,22.006201515613757,Radar Station West,West Sector,West Sector
17.004842631129293,42.59630251508554,323.05016146142674,30.485854866941906,33.814165821674415,8.84289343801688,32.98151119212342,17.07091127785511,42.64259847504502,STH-01,5.963480623047171,Power Plant South Bravo,South Sector,South Sector
17.046220235686036,42.981612333219154,843.7294419284311,51.150248298975846,15.940050804429873,49.2256048418115,120.21578680063043,17.471854316383087,43.10906973127351,NTH-03,9.918852923362385,Comms Relay North,North Sector,North Sector
17.145957565506844,42.50495017166243,871.6704897452701,37.52594422371691,40.65542045449332,53.12803957453348,98.11598825221293,17.508166665534826,42.83135421459633,NTH-01,9.666713862050312,Power Plant North Alpha,East Sector,North Sector
17.151856018405468,42.49078469288513,302.08915421076705,55.864767426414446,4.605908922811235,8.145284912236336,50.14146124439391,17.224871570437088,42.496943178190804,WST-02,5.2616903099171255,Fuel Storage West,West Sector,West Sector
17.080427924042713,42.499318900927015,427.6749552249065,41.516697246784155,12.521344886909745,16.677523709794198,56.188680605900416,17.226842113533973,42.53336320952815,WST-02,8.973506445118394,Fuel Storage West,West Sector,West Sector
17.018593680798634,42.79511648971046,408.11650422536997,35.98845113262901,44.25291103945411,14.781206901550192,47.761091162919435,17.11378423662578,42.8921764531226,STH-02,8.010032684879691,Logistics Depot South,South Sector,South Sector
17.166572033853804,42.99513719123776,768.7827103679108,44.038415595307036,8.83333313556145,44.60241652810047,99.94300293752873,17.562922738693697,43.059744360034074,NTH-02,9.549886779441342,Desalination Plant North,North Sector,North Sector
17.000661912483814,42.541285102241055,658.8480354670921,37.65593922945016,14.732929177356965,34.498109773485375,77.29047239789372,17.300693279436395,42.623924046953675,WST-01,8.49719439989942,Substation West,West Sector,West Sector
17.231000907559537,42.94337043824049,406.40019797803905,37.07464465493552,39.051320874263055,14.814923096463504,48.77890493757845,17.334448615609237,43.03130349879052,EST-01,14.188592127688404,Substation East,East Sector,East Sector
17.00637107371094,42.5671699355249,788.3825731913163,47.19785402320479,43.730502228666744,45.85865583288239,107.43073661315678,17.304164219211543,42.8657736215672,STH-02,18.357235074712793,Logistics Depot South,South Sector,South Sector
16.982193708849756,42.78873995207518,512.0849230834491,53.02038812552638,3.0893552774059208,21.944585085884476,79.73565272756642,17.179258716522302,42.79987256563777,STH-02,16.092609865454595,Logistics Depot South,South Sector,South Sector
17.099294310709613,42.42429937116002,576.5141257758614,55.04863122479627,7.5953647951329035,26.158814497308594,91.02056005451117,17.332479204607065,42.456873043971314,WST-01,9.888958396398737,Substation West,West Sector,West Sector
17.105864879432907,42.69739238474571,532.3839631923872,41.930096114111734,26.76708035059576,24.572154644930546,69.47297385716989,17.30314111297144,42.8016322732426,STH-02,22.39707447404963,Logistics Depot South,South Sector,South Sector
17.102457874433473,42.79274197976739,612.8281238647378,32.00411290790818,35.56769668993178,28.945169492885814,63.18147669456248,17.31413949915401,42.95134115504516,STH-02,17.140145779043262,Logistics Depot South,South Sector,South Sector
17.08100024680165,42.721791866333575,588.0854812972352,44.5192499539666,27.226874060736648,29.11439211203008,79.67931919246391,17.313782749989226,42.84726893013567,STH-02,20.28391781206326,Logistics Depot South,South Sector,South Sector
17.248444467848884,42.542701230929076,464.7504015974656,43.013444310851575,38.824199568705474,19.414595564095155,62.49042779412237,17.38443762617487,42.657402639502834,WST-03,9.29208886869547,Radar Station West,West Sector,West Sector
17.095884183801175,42.897098168960746,554.7336224963042,35.909368447591184,45.35957439131754,25.51759626362756,63.59221829163281,17.257061141253732,43.068080545532894,EST-01,10.865045941106402,Substation East,East Sector,East Sector
17.09338397422195,42.98208190674294,845.0022899125801,56.8843470343236,56.97263085047414,45.900730413613545,128.93916380014016,17.318050188632835,43.34460679894596,EST-03,8.816281380720532,Forward Operating Base East,East Sector,East Sector
17.076529818814368,42.67551765741524,601.736481887547,59.22444759062067,20.99284278776683,26.23921570069777,98.98533227362016,17.296822396552244,42.76405978409878,WST-01,23.021452971029696,Substation West,West Sector,West Sector
16.97004772641044,42.78155155911355,849.8318462534253,31.552415640992443,9.786286110267966,48.66955191082224,83.34417484797677,17.40135894927127,42.859515665804906,NTH-01,21.579932171400216,Power Plant North Alpha,South Sector,North Sector
17.127886989344884,42.87424796100734,630.0762286907787,53.87239139572297,15.845040257292233,30.693029054018155,97.10692480179475,17.39341219606093,42.95322485172392,EST-01,24.280530649212334,Substation East,South Sector,East Sector
17.018390331666954,42.54489343637307,761.2903759584954,49.371496738246165,8.889866703107463,42.971334191958334,107.71076336948565,17.400188334023373,42.60747716492517,WST-03,6.782157861693415,Radar Station West,West Sector,West Sector
17.141282694068714,42.91867022915727,476.15478579582776,37.84308774497724,23.654738518374966,19.83999747925663,57.642114180058016,17.304702672649,42.99365261042374,STH-02,16.744803879263547,Logistics Depot South,South Sector,South Sector
16.965250038584543,42.568120543186,774.2480940266447,49.05468354848439,52.35403595409393,44.165425024353546,108.76005391127389,17.207580280373946,42.89735027916788,STH-02,7.698945951826407,Logistics Depot South,South Sector,South Sector
17.2444161303759,42.865498482109146,458.59296779099134,33.85929575050424,20.823593816661393,17.84597257432085,50.64651370067214,17.394416277136152,42.9252863162975,NTH-01,25.753950059635628,Power Plant North Alpha,North Sector,North Sector
17.0907015237038,42.46725953945585,311.7299829857838,32.08219524892492,8.929362133355806,8.489873712038097,33.332838829247876,17.166126967760135,42.47966304757256,WST-02,8.797880640131595,Fuel Storage West,West Sector,West Sector
17.219026611477208,42.5730320220485,396.4373659066158,59.804672251567816,31.35797292137816,12.606589986291217,67.87410982597224,17.315830630284715,42.634830546531816,WST-01,9.141684468274919,Substation West,West Sector,West Sector
17.09266835196988,42.72017196036392,312.9917250192221,49.0910957537598,59.51662899960841,9.294314684430368,47.42319508890876,17.135056441450647,42.79554991792361,STH-02,16.643414861215945,Logistics Depot South,South Sector,South Sector
16.968099245572265,42.714953257422586,868.2375851348572,37.596678735997,11.290873120125568,52.84148409349983,97.94108433170587,17.43409279575901,42.81247429854784,NTH-01,16.585616748377376,Power Plant North Alpha,North Sector,North Sector
17.19666406382814,42.91025871069182,899.9862122506165,43.50101867711298,46.67249710540331,56.16204226626164,112.87200791911273,17.542863671538466,43.295592675676176,NTH-03,12.339171126964695,Comms Relay North,North Sector,North Sector
17.14445511890014,42.99767635458316,757.3381581717124,58.502645468935214,49.40153661445816,38.085441639249474,119.82909390092377,17.367161847647466,43.27016207812562,EST-02,6.674125828223233,Water Treatment East,East Sector,East Sector
17.184527114272182,42.464326507516084,364.8768982509526,43.16175205160429,24.08030061006011,12.51964407109173,49.82102804504342,17.28731476512542,42.51243918024454,WST-01,6.1990258481187315,Substation West,West Sector,West Sector
17.078450959052663,42.56283287969502,839.3672761995897,57.01333596007032,37.173086319871494,45.3732017819438,128.41905919705903,17.40342692444938,42.821213919652905,NTH-01,20.114690416139165,Power Plant North Alpha,North Sector,North Sector
17.141381023273993,42.614558926133846,746.2657099596627,56.06427593935385,25.942407045071317,38.78430307001758,115.29601064445569,17.4549664059891,42.77450997201993,NTH-01,13.91530320000153,Power Plant North Alpha,North Sector,North Sector
17.206868701138983,42.687351044686004,499.3467092412527,40.3246894827253,15.739616192398312,21.878627319870002,63.47040867291217,17.396242325654118,42.74328331063214,WST-03,14.87705262986521,Radar Station West,West Sector,West Sector
17.139319632861564,42.69634584589264,601.3667470853593,50.88027012231308,25.567128004341615,29.325826120812387,89.62551661239846,17.377193018478017,42.815607566068024,WST-03,22.7041161321798,Radar Station West,West Sector,West Sector
17.054302090450772,42.91371703788905,697.0556047571813,49.81495511347777,5.7174081978042945,37.43829688532762,100.52911974149312,17.38931436491488,42.94886502622785,EST-01,24.511682395383357,Substation East,East Sector,East Sector
17.14875887830986,42.86233558167106,314.4302854039627,53.13635611859526,42.417366819653566,9.080352851529248,50.39535174679926,17.20903734578306,42.91999990029149,STH-02,6.315748496385739,Logistics Depot South,West Sector,South Sector
17.15155625658422,42.41131094742277,600.9245472599371,40.97787492802456,49.75158189775825,30.09158698572568,76.17549407924365,17.326289085598653,42.62767916207656,WST-01,8.255840864302707,Substation West,West Sector,West Sector
17.238176088751988,42.67301305634991,739.4372599529911,31.567094954943983,18.443996002228968,39.205080801378536,73.90338265574687,17.572610583455326,42.79002075362985,NTH-01,1.3429408749964615,Power Plant North Alpha,North Sector,North Sector
17.0612736964625,42.77084430294645,412.9352231377997,35.13117723337533,33.98860946279895,14.96822398445497,47.317487216756916,17.172872094526863,42.84960771472504,STH-02,10.761436511458733,Logistics Depot South,South Sector,South Sector
17.077524530254237,42.67623735225581,566.2743440875998,48.49661063021277,13.928911922366185,26.982570591881704,82.06868349914272,17.313039705635987,42.73742179872659,WST-01,19.984433597853158,Substation West,West Sector,West Sector
17.193636888356117,42.47838715361542,619.51807751096,53.25300560692061,7.647627010368703,30.081274397710306,94.93587220976974,17.461754124408596,42.51612803314367,WST-03,11.019575294224532,Radar Station West,West Sector,West Sector
17.10172869442282,42.638484450214385,741.3392231755392,52.68145903606788,39.81711390672959,40.09371693402864,110.10933436603072,17.3785363730275,42.88041488743329,NTH-01,24.804495491472462,Power Plant North Alpha,North Sector,North Sector
17.17097192793472,42.64699341707784,878.6722264758645,47.510447553450916,8.046455790474742,53.54919235916315,118.04013769869745,17.6477971332775,42.717731152049055,NTH-01,10.019173906001573,Power Plant North Alpha,North Sector,North Sector
17.087912839336077,42.51262955346986,808.965328802575,32.54274437144677,46.91874415237004,45.67049382307757,81.99775813596052,17.36820862025306,42.826946419741034,NTH-01,24.07080239467933,Power Plant North Alpha,North Sector,North Sector
17.01464854254381,42.853784268682574,672.91105213797,30.518658815574373,16.305272925055444,33.137711936106406,66.01034843564902,17.300657616800596,42.94141767417398,STH-02,15.666971946584084,Logistics Depot South,South Sector,South Sector
17.173561152834303,42.592840408085486,650.1844049008855,53.464252719662184,49.11080358015964,32.42897481837546,99.31845782026095,17.3643367390858,42.82384099952128,WST-03,24.101859141771595,Radar Station West,West Sector,West Sector
16.989346550755414,42.75339237434117,661.9120158436024,46.48129302569588,22.11027446342562,35.14212343668476,91.42772959341559,17.28210758734991,42.87797064945198,STH-02,15.584669725497161,Logistics Depot South,South Sector,South Sector
17.009575099059393,42.70943810857526,627.1071855958643,53.48136308194523,22.13055555857909,30.599794902185685,96.23668741156683,17.264462566521583,42.817998122429344,STH-02,18.20720904770509,Logistics Depot South,South Sector,South Sector
17.138047494835263,42.926456247529835,335.61772815535414,34.88365384438167,45.03436564034905,10.149708476051979,38.52792298944841,17.20254110119336,42.99406287441411,STH-02,6.654880335466537,Logistics Depot South,South Sector,South Sector
17.17418094005762,42.4732089591177,718.9778367529229,42.22269512313431,30.615946478128272,40.272644615159166,91.38714885246414,17.485780789953438,42.66659560309404,WST-03,5.713376020883601,Radar Station West,West Sector,West Sector
17.218406366060343,42.46855780495208,729.8020800777617,57.57507861233919,12.058645584592435,36.61489313512485,115.02868190316856,17.540412742753137,42.54070378159179,WST-03,12.274601794599057,Radar Station West,West Sector,West Sector
17.031775949224766,42.58019180147381,607.4882173602165,35.14793973741497,51.0245128832061,29.574480176319124,67.8715961980496,17.198952662766512,42.79663882234388,STH-02,16.858098730920087,Logistics Depot South,South Sector,South Sector
16.983217277580167,42.6587289808755,822.2325632415258,31.84580711437633,20.409192554145573,46.4483647062424,81.65624980077072,17.37465787616097,42.81136023593456,WST-03,22.410992133615707,Radar Station West,West Sector,West Sector
17.23681399785679,42.579125349251285,703.4620816540071,49.60402151345245,6.1666056503040885,38.031771315071026,101.02392412123447,17.576858717797812,42.6176650033799,WST-03,12.996473231488762,Radar Station West,West Sector,West Sector
16.996326926406642,42.85791224943715,517.5987947142102,47.836090218652686,24.960062695372656,23.24207577226095,74.86508964881418,17.185804712274408,42.950238205887445,STH-02,2.869468645544102,Logistics Depot South,South Sector,South Sector
17.00930009467639,42.54715950586558,311.8166121591805,58.560915175732,34.437705790180736,8.281823491298299,53.2766376958925,17.07072220336931,42.59121990762549,STH-01,6.275402054357529,Power Plant South Bravo,South Sector,South Sector
17.03739883606754,42.45086484566335,335.49698789860804,57.19405263164627,36.59312003634585,9.718971656375519,56.3229033581212,17.10756783411497,42.50538138791637,STH-01,12.25889796675392,Power Plant South Bravo,South Sector,South Sector
17.108817406207887,42.648279885930485,511.0789569850718,52.48291170661713,50.13647071822921,21.99194271366602,79.04087756192745,17.235523342346365,42.807226426077705,STH-02,17.3357535524834,Logistics Depot South,South Sector,South Sector
17.214847669810222,42.86402757288309,577.2631951192097,30.574717136347566,32.484409427608476,25.584716795370568,57.48616201421007,17.40889454957368,42.993533183004956,EST-01,21.418749222126397,Substation East,East Sector,East Sector
17.17816380681896,42.91033716615205,400.12267170505504,44.4116090521968,13.422628984041005,14.841911941399973,55.6349079597009,17.307991542171834,42.94279080283741,STH-02,16.47373294333536,Logistics Depot South,South Sector,South Sector
17.16244726615279,42.84000690901801,413.5969838535793,56.883058096111164,15.699979844154484,14.330250872172545,68.48557688009623,17.286510759044617,42.87653016070021,STH-02,16.086644793202176,Logistics Depot South,South Sector,South Sector
17.0025541703568,42.73473200709984,438.1268152676018,43.00953264343432,6.05043529766416,17.475123673826605,59.11967324759458,17.158835335769503,42.75206862063919,STH-01,14.682597776578872,Power Plant South Bravo,South Sector,South Sector
17.057304789457792,42.834515021049505,768.3080037457636,58.864371588389844,44.1554573541757,38.64844134204954,121.72539111634576,17.306514162244962,43.088117881878475,EST-01,7.665508270330294,Substation East,East Sector,East Sector
17.093521477826002,42.80883372118232,762.7727045710628,49.574639419319475,6.356492789985477,43.03404500970926,108.19849824476421,17.478151179954324,42.85375533275419,NTH-01,13.762857323827923,Power Plant North Alpha,North Sector,North Sector
16.994227786045673,42.54061997949704,529.7633912482672,33.28371382628382,36.34875793648773,22.900434361670964,57.138539994960055,17.16006360571757,42.66837209144626,STH-01,6.80176606489881,Power Plant South Bravo,South Sector,South Sector
17.032028910638,42.73045533532191,403.4186289506375,45.278162255600506,35.8168436427968,15.05636877111058,56.91306637994099,17.141810879630654,42.81337730340806,STH-02,14.656437195215458,Logistics Depot South,South Sector,South Sector
17.042499961185854,42.86236559958306,366.54503103808156,50.86851406935443,47.130213418521464,12.327981221782059,56.63359987698504,17.117909621604767,42.94738733725808,STH-02,4.688469287334936,Logistics Depot South,South Sector,South Sector
16.98818285949871,42.590272397125084,352.27758722830396,31.96106916718862,4.477781981125267,10.681265174067832,37.41222427990469,17.083948300173226,42.5981181348709,STH-01,4.634492349100777,Power Plant South Bravo,South Sector,South Sector
17.115071907572478,42.79238388803016,534.7675505396232,40.33948596212302,12.174680610670281,24.645573461927118,67.64290623604272,17.331723742184526,42.84134988128301,STH-02,22.31014561895398,Logistics Depot South,South Sector,South Sector
17.161508458957258,42.68888825651128,327.32545999267165,51.51243189161959,54.573742621388305,9.941340603632439,51.264892002198344,17.21331787366745,42.76515669352091,STH-01,18.58759261626831,Power Plant South Bravo,South Sector,South Sector
16.970979489443057,42.70189531056701,500.181022275801,34.71214086921103,34.33420976772073,21.04711547657165,56.13725186565232,17.127250013622234,42.813607386346575,STH-02,14.942868708125472,Logistics Depot South,South Sector,South Sector
17.094336930528943,42.45403302266929,876.9199455246825,40.450196948115675,27.46141278660471,54.109855231425854,104.57447302975517,17.5259896417995,42.68936055305085,WST-03,10.389950905047087,Radar Station West,South Sector,West Sector
17.184663358580337,42.799730299183224,604.5027693660231,50.69730967401702,44.8605759277369,29.62092470289554,89.81566751173179,17.373389500841334,42.996617286715946,EST-01,19.16611516251317,Substation East,East Sector,East Sector
17.174397038685733,42.91941222121271,793.5867941011134,53.266227055923416,54.1518270653495,44.07856103342765,117.43954243880293,17.406268845223572,43.25614813868833,EST-02,4.896770389869735,Water Treatment East,East Sector,East Sector
17.194521928865626,42.484858772815514,377.55956753723945,45.55535381476262,15.780578216972936,13.334147688258444,53.686919868639016,17.309916121781235,42.51901766593039,WST-01,3.975424057150391,Substation West,West Sector,West Sector
17.08447218995118,42.619663397329866,460.8472694458229,58.705725831000294,54.0885377286806,16.845637552897465,77.27747866592229,17.173289483998314,42.748089592066094,STH-01,14.843878699483753,Power Plant South Bravo,South Sector,South Sector
17.19616712479196,42.4292004729045,867.9278667264053,57.75992576396989,6.521677562445218,46.968121086532925,132.98827067475287,17.615821392904024,42.47953552339584,WST-03,22.847538639137476,Radar Station West,West Sector,West Sector
17.02222592136428,42.41777913158583,530.1311381604141,44.20311161723355,58.66098286379268,24.437443379650926,72.11062594262164,17.136434560398026,42.61420667034963,STH-01,1.9283494527354625,Power Plant South Bravo,South Sector,South Sector
17.058243168425253,42.99379509800305,689.0436770689935,34.80823230333967,9.89110950597661,36.29188117822664,75.38726791672417,17.37976364465316,43.05254118200378,EST-01,14.44847665356232,Substation East,East Sector,East Sector
17.00290667292534,42.69608290498383,885.6760674975536,53.187946916518754,15.974182116137637,51.59012715933602,128.32756856307782,17.44890774944793,42.82992424516851,NTH-01,15.508373847180064,Power Plant North Alpha,North Sector,North Sector
17.090245361828572,42.613311411181144,630.4726537984413,37.29418726179432,5.795636405498474,32.018996088513774,73.72189557304594,17.3767245278501,42.64377948160302,WST-03,9.59736428760427,Radar Station West,West Sector,West Sector
17.067618006724633,42.56492624597501,483.20756953724157,55.28463929997315,48.22059041319603,19.31682899460468,77.72915291134944,17.18331650737301,42.70052449989987,STH-01,11.080109793805837,Power Plant South Bravo,South Sector,South Sector
17.022278134924292,42.98800758696697,619.1690735712374,47.61433023465295,59.053923722500734,31.411321569530017,87.72892528066805,17.167385089742606,43.241581650737885,EST-03,12.385569423322103,Forward Operating Base East,East Sector,East Sector
17.175534212769236,42.55135047131301,332.7823195985156,41.8227901919324,17.818590514186084,10.513788521381782,44.46497258468188,17.2655489154621,42.58164924692676,WST-01,7.915230390003686,Substation West,West Sector,West Sector
17.044154031633493,42.83542503744265,367.4219244556147,46.69150075747633,19.53671762410763,12.652864063359676,53.29984898157364,17.151388754736914,42.87524855187644,STH-02,7.999678346091712,Logistics Depot South,South Sector,South Sector
17.03184129904375,42.57025485748356,304.30266303136193,45.98426305373782,16.738794202800154,8.911117973213713,43.93718064392202,17.108583676519807,42.59440438811396,STH-01,3.001717492354451,Power Plant South Bravo,South Sector,South Sector
16.989267099255148,42.44229370321415,830.5260249390026,57.74198537699753,9.289686012895507,44.15433714169518,128.30656831972698,17.38113708001664,42.50946068277506,WST-01,7.130543208233214,Substation West,West Sector,West Sector
17.081646510540583,42.80996596871076,702.7682573397574,36.43089149284688,47.24665300432156,37.968676674572585,79.65538101127127,17.313274958552444,43.072592743355926,EST-01,9.395904417432002,Substation East,East Sector,East Sector
17.04088938865119,42.400978508577914,478.99785907964883,57.84475357655029,3.643190400547347,18.299081750950165,79.36346291536003,17.20512389140449,42.41192542390945,WST-02,5.602874361728698,Fuel Storage West,South Sector,West Sector
17.06078185240229,42.805449106936344,432.69685152438274,30.940231243795665,58.066447828456965,15.392678302603109,44.30283869694845,17.13396508202324,42.92838501899837,STH-02,3.6953157225781084,Logistics Depot South,South Sector,South Sector
17.020799178786167,42.55022595939389,709.845960694668,53.0760984459923,55.6389314705429,37.36610265640065,106.6420463730833,17.210256270335012,42.84062911571493,STH-02,12.892608040323777,Logistics Depot South,South Sector,South Sector
17.17894664694597,42.8476625392429,851.7192388711695,57.590043921346954,7.106345117054785,45.87764772287485,130.7495223125014,17.588357183839822,42.90120689890125,NTH-01,12.881420683204789,Power Plant North Alpha,North Sector,North Sector
17.229001004206417,42.861850100410386,479.4834546312664,41.82156572959589,31.771431072628943,20.472009009951787,62.926321549182276,17.38549668050708,42.963429794911804,EST-01,22.927804454610897,Substation East,East Sector,East Sector
17.099379555836666,42.83446434329052,492.93546563206905,32.19201560985802,59.571081518660215,19.86701660515858,51.89792016906394,17.1898055731029,42.99572573669491,STH-02,5.880634743770274,Logistics Depot South,East Sector,South Sector
17.14289952700225,42.41469006488057,812.5444351162638,54.1400259448113,51.15715494290558,45.139932778437235,121.03497738602663,17.397236715843903,42.74603040346665,WST-03,15.082396791374878,Radar Station West,West Sector,West Sector
17.210151682982012,42.82224197178626,836.0254895302513,55.28594567075206,42.908023557513566,46.31090155565523,125.56865463961664,17.514984975494475,43.119577372180856,NTH-03,6.620912130539044,Comms Relay North,North Sector,North Sector
17.2496488912001,42.994087368433455,848.4219400978672,40.08772163965361,1.3476567264541162,51.54347539047487,101.04654751906095,17.713061317176955,43.00553176764117,NTH-02,8.267401547900459,Desalination Plant North,North Sector,North Sector
17.13405494541895,42.54557522111537,475.89252480401683,45.557798570577184,4.1026467220944856,20.227920964976047,66.78938148459356,17.315502142161293,42.5592077771264,WST-01,1.885254738488195,Substation West,West Sector,West Sector
17.21693383996196,42.5645431433352,372.18754055780937,54.28407204030449,47.641025906561545,12.261013579110879,60.10805602300763,17.29121001828318,42.64987935409704,WST-01,11.446783075191192,Substation West,West Sector,West Sector
17.222582473966693,42.888115929748324,563.9985431991252,35.76128931750358,22.586691251458124,26.21891563518699,64.34512903226377,17.440266839744414,42.98304272092753,NTH-02,22.55235802388985,Desalination Plant North,North Sector,North Sector
17.18743544634229,42.496238083033646,477.45891908470867,48.869272691738104,40.10591264754286,20.098666141356258,70.58410725473189,17.32564732299723,42.61821277710601,WST-01,7.256851114420846,Substation West,West Sector,West Sector
17.08827941732193,42.79635020530273,830.3200000871014,42.91891978547457,44.350897622589486,50.065389151236374,104.5787681190485,17.40997149131591,43.12620637004238,EST-01,12.74342422539643,Substation East,East Sector,East Sector
16.97434620012717,42.85301582650035,321.98096508212694,35.23247256762791,25.331050651505343,9.422796618730402,37.326791427854275,17.050936030513675,42.89093905365962,STH-02,13.655447657956346,Logistics Depot South,South Sector,South Sector
16.95474166663204,42.422296397091614,680.3282817817634,54.94320621752878,8.602905042046771,34.19761867828685,105.17654817962017,17.258821878916308,42.47046965442087,WST-02,3.017520123986519,Fuel Storage West,West Sector,West Sector
17.09316018998488,42.73225725655914,843.7088194488683,39.7404249659978,23.20167018475271,51.080962145378315,99.89945519976186,17.515299877998167,42.922036381808425,NTH-01,16.689102782234468,Power Plant North Alpha,North Sector,North Sector
17.098294360060386,42.74552635512153,886.0022200836396,58.03278346965048,52.26290653911627,48.09952250271747,135.58470544740385,17.36272724247594,43.103944046752645,EST-01,9.168115157031348,Substation East,East Sector,East Sector
17.07220871635889,42.58206573843508,690.0783595788259,47.06801609459406,19.86514674191873,37.44876353680122,95.69156629368216,17.388917350889606,42.701987668884044,WST-03,11.75304411651474,Radar Station West,West Sector,West Sector
17.12045020538741,42.92580680163851,869.953774213428,45.43529944154215,3.7589665556743834,53.2846385801477,113.3776628715355,17.598616213160774,42.95876492997559,NTH-02,7.955534890742737,Desalination Plant North,North Sector,North Sector
17.115648810991328,42.49764983157991,345.3956775750404,42.69917832658077,57.5478850310869,11.29704480170951,46.86061139729645,17.17014522922852,42.587380212912876,STH-01,6.565338255244518,Power Plant South Bravo,North Sector,South Sector
17.20098391230981,42.618516825703516,515.5670075977439,42.02012669568916,40.840614538432106,23.251931077708463,67.56317812179276,17.35913104939985,42.761790842887535,WST-03,18.765104516338475,Radar Station West,West Sector,West Sector
16.98259713097868,42.909201212288394,305.2288183960402,54.53898824511312,32.45140511625395,8.451545869490483,49.84499310660461,17.046730513831232,42.951859206270456,STH-02,12.59655942841229,Logistics Depot South,South Sector,South Sector
17.017553299831665,42.51438565396359,888.710263314491,50.325025484583776,49.746440800874275,53.34835161778774,124.00537789057286,17.32720781430735,42.89794918413986,STH-02,19.3969812352525,Logistics Depot South,South Sector,South Sector
17.18790149368789,42.8928244817966,841.6358872600196,53.210703933702675,24.669640685825755,48.0115208713835,123.17606255490615,17.580181819385192,43.08187011470443,NTH-02,9.340227978668906,Desalination Plant North,North Sector,North Sector
17.204351060167095,42.44744150642077,316.83153374892083,42.632524788336255,59.106947640635724,9.607186644074377,43.059285934889274,17.248696849721554,42.5250745778626,WST-02,8.031112607567293,Fuel Storage West,West Sector,West Sector
17.24844726408626,42.693537440313996,310.8795902758596,37.84311674108206,51.45438416386943,9.043772358001862,38.337315180136024,17.299117610359634,42.76016232229085,WST-01,22.57278447232801,Substation West,West Sector,West Sector
17.211873604916125,42.44519839746742,520.1816964638197,32.60595655584546,16.832684499359445,21.982278434201042,55.18827720103525,17.401085629653586,42.50519083501342,WST-01,9.224610394713794,Substation West,West Sector,West Sector
17.2169697021217,42.80674215103691,455.1227800745411,53.29967969952134,22.262879230658392,17.816431155736193,71.7608323035304,17.365242447646576,42.87034394179318,STH-02,24.338970530513404,Logistics Depot South,South Sector,South Sector
17.044304382788972,42.87436089343336,808.1593663455013,42.458292915531125,16.54457785190674,48.11603801642688,101.4067952969439,17.459065519304737,43.00353165080048,NTH-02,20.194641266407263,Desalination Plant North,North Sector,North Sector
17.070498490202812,42.90991512894808,396.29064196311737,45.276707762900486,39.56045057089432,14.575454325100305,55.95644232351592,17.171536316001152,42.997293798572855,STH-02,5.185745224310774,Logistics Depot South,South Sector,South Sector
17.030425531446166,42.98875735044639,774.3896776205145,44.08029705591136,38.359915864044275,45.09074334877364,100.6325637481021,17.348226783898358,43.25240900218773,EST-02,9.444459821632874,Water Treatment East,East Sector,East Sector
17.131889819457815,42.80320943337975,632.6758199943979,42.9341356910772,31.350352410763023,32.8566983510073,82.73647128754973,17.384172307925148,42.96430006548087,EST-01,22.78295653882759,Substation East,East Sector,East Sector
17.231641606262112,42.86143714830401,526.4350628429927,50.516987312035496,57.95042247436986,23.538910399305703,79.08200135106298,17.343888253578136,43.0494100241408,EST-01,12.713311170920138,Substation East,East Sector,East Sector
17.053392265953484,42.703454966992794,387.43185704002724,48.26202347275826,28.336517290661384,13.866635885132194,57.46829910506791,17.16314551016623,42.76540503583453,STH-01,16.177848700102285,Power Plant South Bravo,North Sector,South Sector
17.117100534564436,42.94764214070867,898.6147835758027,59.161613959329166,47.023343651793915,48.03202830099418,138.69116433679594,17.411298695214448,43.27885343442176,EST-02,2.44333624560714,Water Treatment East,East Sector,East Sector
17.038889889136044,42.786255029319676,670.791672552922,34.16711722947695,39.48570703060019,34.52369405328452,72.47160356068393,17.278407220410514,42.9930138502757,STH-02,13.936396235276568,Logistics Depot South,South Sector,South Sector
17.000939992131812,42.9301308437508,563.6293395407965,47.205579396981506,31.091096408680098,26.934804660123625,80.12524026368165,17.208331205763436,43.0610802120583,STH-02,12.966365561897284,Logistics Depot South,South Sector,South Sector
17.008555658945596,42.54127121020833,522.676533931639,31.89720490206942,2.5257064326838985,21.94884597597431,54.38968517646706,17.205754142645908,42.55037722598502,WST-02,11.320647308667724,Fuel Storage West,West Sector,West Sector
16.967383603361437,42.69804266843084,843.4369383785132,54.237552561246,39.44970142920789,47.5592691287775,124.93542929981916,17.297455767655,42.98268165000195,STH-02,15.67356785797845,Logistics Depot South,South Sector,South Sector
17.234788056902776,42.83789135263828,792.7150849144566,48.489339997532795,38.55570505657352,45.903465880450106,110.02617744908618,17.55743311415705,43.107761977686096,NTH-03,8.244017717187791,Comms Relay North,North Sector,North Sector
17.07086388255229,42.521633052737606,786.7114730209342,42.85136447977614,7.492439675552887,46.22263210492632,99.83170163003436,17.482996347340514,42.57846171139158,WST-03,5.094061494141715,Radar Station West,West Sector,West Sector
17.200236267600634,42.526803875957185,669.7190837774357,54.06706963931838,47.754898521639944,33.74147455435179,102.67237603858453,17.404105719455522,42.76221289863679,WST-03,16.31714562999192,Radar Station West,East Sector,West Sector
17.154398841806906,42.98682564424338,832.7739496174811,43.65007825474735,28.019645006702525,50.246809023544586,106.17631056602507,17.55318968230142,43.20947249468418,NTH-03,4.051351859507702,Comms Relay North,North Sector,North Sector
17.007576348423324,42.660766216442326,479.5670232732423,36.833582859403414,19.448760864288523,19.93666606079511,56.73764319921478,17.176630684351974,42.723251613321395,STH-01,12.649451592189381,Power Plant South Bravo,South Sector,South Sector
17.002638673973724,42.50908927175426,722.2236810979736,44.17502283331011,49.43756315075795,40.53123955692565,94.96115199982967,17.23946228169458,42.79902842519755,STH-02,18.309640923041265,Logistics Depot South,South Sector,South Sector
17.193596460453165,42.5988783291889,542.6686454351355,32.12495389912017,20.602257569869423,23.519957290620056,56.673350764253435,17.391573590799265,42.67687302993011,WST-03,9.71073264536647,Radar Station West,East Sector,West Sector
17.02941351318586,42.63842568895956,659.9992851358153,56.93583328918162,37.31104747702958,31.672701810987203,104.79377442586927,17.255882026814835,42.8192155570315,STH-02,17.511339819805883,Logistics Depot South,South Sector,South Sector
17.22398555511059,42.77385115448213,898.8918003676157,51.92875124203383,37.07488808738953,53.38801439025479,127.82048761749627,17.60682709107649,43.07752477827967,NTH-02,7.12535698869557,Desalination Plant North,East Sector,North Sector
16.992016621406847,42.95380879542865,890.714868405191,52.809473586450835,3.168358954396018,52.22243671764584,128.31000173481544,17.46094392765723,42.98101978690306,NTH-02,20.334527567390253,Desalination Plant North,North Sector,North Sector
17.15331258433634,42.99195404555326,607.571409880469,56.23479912055327,25.370017834482955,28.039171701435755,96.69395225654947,17.381124353365582,43.105165037708844,EST-01,10.735319179115043,Substation East,East Sector,East Sector
17.19434216280928,42.79101925534667,644.3180712988948,53.74717766445251,13.366724995917387,31.859200634172208,98.87958661487538,17.47308487487328,42.86046083048245,NTH-01,14.632894735001912,Power Plant North Alpha,North Sector,North Sector
17.020576916524693,42.81995341647863,838.3930614823806,42.9555777076032,11.974239714063353,50.7761755624788,105.49120000671358,17.467257113687236,42.919272253812096,NTH-01,19.371315266921968,Power Plant North Alpha,North Sector,North Sector
17.03286220903697,42.59309750181795,891.381427508313,33.55909204576349,39.29771331763259,53.38467303418731,91.32730588245605,17.404145008551428,42.911754909150886,NTH-01,24.03357425946126,Power Plant North Alpha,North Sector,North Sector
17.23935566584176,42.91429515726925,767.1646815756478,41.20094339942858,0.6845997171452223,44.45172575119254,94.81773223240761,17.63909048897543,42.9193072327339,NTH-02,10.670577707510017,Desalination Plant North,North Sector,North Sector
17.02937928160385,42.530679001132185,339.11067477517844,58.02254143139167,58.14473869286979,9.779682386247565,57.42335249400163,17.075782539075043,42.60882791802783,STH-01,5.05810560059263,Power Plant South Bravo,South Sector,South Sector
17.078987114970015,42.46382838958658,493.5838406063184,58.47271473694139,23.723460360289266,19.06735081568942,82.13164261630969,17.23596074982887,42.5360609961117,WST-02,9.150744392492392,Fuel Storage West,West Sector,West Sector
17.07975467797271,42.98395359405859,837.9374039521847,53.036125965713865,17.928211706694306,47.806937360967034,122.46920646766074,17.488768270811136,43.12271204402782,NTH-03,7.610889778371952,Comms Relay North,North Sector,North Sector
17.025910424978903,42.91848320609232,761.0115035102883,36.13291749214162,55.19846399624744,42.94881553807432,84.817253601837,17.2460853284482,43.25057419677887,EST-03,8.46192139538229,Forward Operating Base East,East Sector,East Sector
17.18273732593113,42.58218708072288,745.3398426146563,35.83349575392482,29.200328526410697,41.48538584391761,82.73498081326392,17.50832163831006,42.773043622525165,NTH-01,8.004332551776217,Power Plant North Alpha,North Sector,North Sector
17.181554802968748,42.80510242982863,700.7539382808847,56.39314532642161,36.85951508911666,35.07016466475963,109.69538507919734,17.433806425802747,43.00340111061303,NTH-03,21.56896244834268,Comms Relay North,North Sector,North Sector
17.063495404267137,42.68021101444792,549.15830977943,34.257477690333744,41.75104491821769,24.663574197050544,60.548892942039245,17.228912959094643,42.83484814249823,STH-02,14.434036105407712,Logistics Depot South,South Sector,South Sector
17.20053773732422,42.59387692368728,541.944792206821,47.524124319974675,52.284676409067806,25.175118365672343,77.70431696844898,17.33895145669414,42.78150269207697,WST-03,21.790689525659126,Radar Station West,West Sector,West Sector
17.0139224803197,42.572064526456174,785.3594925544807,41.347550468372035,7.784519389023366,46.0673938736661,96.99455928908012,17.42438950894436,42.630877993934405,WST-03,4.124432621071508,Radar Station West,West Sector,West Sector
16.9512917327003,42.48161646713254,476.26817505904256,39.06033023883529,4.899190745521418,20.004083570775457,59.17826295615967,17.130534632092875,42.49769373193055,STH-01,13.049563579258317,Power Plant South Bravo,South Sector,South Sector
17.12135020861672,42.7295908493655,710.8991236205841,50.321460770309415,59.62264706008435,38.44646897574559,102.97104018995704,17.295956792227372,43.042006608910015,EST-01,12.534935982447191,Substation East,East Sector,East Sector
17.248223331735712,42.66795801407051,735.725114054374,58.78707229955813,0.5330280975642299,36.27899776915756,117.2867501710655,17.574473602674672,42.67114182636351,NTH-01,11.555693844496197,Power Plant North Alpha,South Sector,North Sector
16.961593292948066,42.70731185217996,806.7335936169172,53.32901214720896,42.49168521690156,45.11414647883038,119.14094528902719,17.26056037954777,42.99429231869692,STH-02,12.131201280380415,Logistics Depot South,South Sector,South Sector
17.012399422112537,42.529214300487645,491.9313544242094,44.584877793046616,36.66392171751726,21.464416718750666,67.75049398071098,17.16720628075785,42.6498533607039,STH-01,6.133111268271899,Power Plant South Bravo,South Sector,South Sector
17.105674392746124,42.96316640246395,745.1335601029213,43.22134524606649,33.153061302550014,42.565232577674166,95.94701924784283,17.42603892927395,43.182578963058404,NTH-03,11.563195225249459,Comms Relay North,North Sector,North Sector
17.192982220933462,42.783154717798325,363.89393854721214,57.2299256496716,47.149677550805606,11.289522385109745,60.89889316205364,17.26201561571481,42.86109974665942,STH-02,14.759442823862848,Logistics Depot South,South Sector,South Sector
16.976712601522514,42.93976039443,382.83703737114286,47.34321295421262,59.54837685812752,13.618005943472781,56.01294977035228,17.03875171222359,43.05018291547685,STH-03,5.575261810795384,Comms Relay South,South Sector,South Sector
17.06857039612767,42.46556269961965,550.4016241040409,44.89917069198586,2.8131492896356436,26.036131285328327,75.52523567341218,17.30243609882948,42.47759909622198,WST-02,7.535740853212985,Fuel Storage West,West Sector,West Sector
17.174122740188967,42.773710579513704,333.13546581314836,50.485076085942694,36.87182955859082,10.355769841796088,51.397801104073885,17.248617656296773,42.83222350081394,STH-02,15.924924377608852,Logistics Depot South,South Sector,South Sector
17.061462962521908,42.909677091186495,868.618992879203,37.11461451388579,43.00666011234304,52.74611074518496,96.9752677349913,17.408065004675535,43.24875640760149,EST-02,5.596504860738518,Water Treatment East,East Sector,East Sector
17.00665092614269,42.59855246788868,841.1374863056163,31.91206462724639,18.356358370381113,48.12309897844996,83.40564921409113,17.417360126219517,42.741394695261874,WST-03,13.72316395126973,Radar Station West,West Sector,West Sector
17.008648748218974,42.51708590148159,329.3602173155059,55.65334321456032,53.57168309525587,9.607534849605916,54.36458339188414,17.059943080836046,42.589805162668995,STH-01,7.40915069684768,Power Plant South Bravo,South Sector,South Sector
17.073014636074497,42.55901278348337,802.9870331353673,48.2178510209837,27.41957048698271,46.8583708299221,110.772570266424,17.446978023630585,42.76242876260926,NTH-01,14.908284998062205,Power Plant North Alpha,North Sector,North Sector
17.093825122441768,42.56376023604988,605.3245044540151,34.946313036752066,9.868707717116802,29.34010094800964,67.32623173250909,17.353776763948797,42.611140260994375,WST-01,7.007357147384839,Substation West,West Sector,West Sector
17.208544325344803,42.66831937895412,721.17773302413,38.941437795022416,51.264468961218,40.13368987229812,85.99234779982523,17.434172663650255,42.96341606697149,NTH-02,23.66024526337223,Desalination Plant North,North Sector,North Sector
17.1426757255704,42.595578161667596,832.1587015789123,59.698005377685924,56.575537225478634,42.70085207147018,131.07881421609684,17.3539288704749,42.93136848128108,STH-02,21.65450750583691,Logistics Depot South,South Sector,South Sector
17.15712058635465,42.56276444362479,646.1846922466191,49.03270897390966,5.970895102124616,33.39490264766391,93.05568546103606,17.45581578231246,42.59551345032139,WST-03,2.6387081407029584,Radar Station West,West Sector,West Sector
17.24489615146077,42.78910737904308,369.79626017077766,49.08336422901367,45.10085202927319,12.678489439209093,55.65955745753758,17.32536088975294,42.87371222830359,STH-02,20.093011568916292,Logistics Depot South,South Sector,South Sector
17.07355303209029,42.43181942300313,301.5471662919517,32.16490989626166,12.90085314991318,7.979105542093243,32.34385151956355,17.1434987462242,42.448585296142824,WST-02,10.731516935130582,Fuel Storage West,West Sector,West Sector
17.07100632097474,42.604218266883834,598.1529193508679,59.06975202731795,0.4033330601413021,26.06098703465099,98.30833889535164,17.305372269974693,42.6059463307314,WST-01,6.539913081931833,Substation West,West Sector,West Sector
17.227004090317745,42.81385117956428,869.5392792746161,56.78348668676162,15.636829373123295,47.859830045088906,131.81024812267762,17.641450699101508,42.93558836356863,NTH-02,8.946233663284074,Desalination Plant North,North Sector,North Sector
17.023762676101516,42.505509849568604,643.5731229679175,46.433473267896616,51.294590113244816,33.60078212730381,89.12643203611321,17.21257067595413,42.752377416830655,STH-01,17.428419689383535,Power Plant South Bravo,South Sector,South Sector
17.168944573890858,42.53255671732774,523.7634828529375,39.28166749352621,8.47103260702394,23.66280106175474,64.94855881724459,17.379424702670676,42.5654042962351,WST-01,5.733808053415217,Substation West,West Sector,West Sector
17.17637194146544,42.52039997524775,318.553210248548,50.94165685158275,7.840132979907635,9.491581205323515,49.54635151378617,17.260933400609996,42.53259298132241,WST-01,7.899092040155546,Substation West,West Sector,West Sector
16.97933639923363,42.40055566403884,848.9876503669202,55.00123183415607,44.34286237200938,47.52000336042281,126.73375414193185,17.28472986177011,42.71338309110229,WST-01,18.06051361143967,Substation West,North Sector,West Sector
17.090469421708075,42.684260651098946,496.29399651482527,53.583642294697604,24.381578313878286,20.663680153362602,78.03135411408472,17.259713028969944,42.76459176783999,STH-01,21.84648882423582,Power Plant South Bravo,East Sector,South Sector
17.010168741396466,42.423375273649675,722.8664407890576,59.311421161436364,8.90916435207612,34.975331511112664,116.16137159561916,17.320907742312528,42.474401304328694,WST-01,8.088237926209496,Substation West,West Sector,West Sector
17.005612581840744,42.56376388706494,716.542321266879,49.10566196000828,13.800022588930306,39.26376617047343,101.90863948414757,17.3485078111833,42.65200559733944,WST-01,11.020931999990443,Substation West,West Sector,West Sector
17.089148433138863,42.99688205475518,452.3298968212487,39.636762946765955,47.676115499136266,18.304494617590294,57.060782385686956,17.19994799024459,43.124288742387876,EST-01,11.753879161139265,Substation East,East Sector,East Sector
17.036828912252417,42.95103772683418,338.2665038764352,44.937828392056005,37.396127403481174,10.88390551756784,47.81127370873859,17.114581702096782,43.01323743500052,STH-03,8.070557585013772,Comms Relay South,South Sector,South Sector
17.18881813428776,42.5290454848938,531.0002272031061,54.48951503851849,45.65572635398991,22.95326879856803,83.94284278354094,17.33304248650095,42.68369228356596,WST-01,14.19499920164969,Substation West,West Sector,West Sector
17.222281467417144,42.586001459148356,490.2786083023199,37.960277616461326,5.8663943392822615,20.911613132550755,59.39211422178903,17.409357964084826,42.606145899692024,WST-03,5.819786872571292,Radar Station West,West Sector,West Sector
17.19081618158651,42.67822274936113,720.1538393233955,36.94224764831974,27.48625697098275,39.612264548462065,82.31388152006535,17.50677185290941,42.850625453396106,NTH-01,11.062159099133844,Power Plant North Alpha,North Sector,North Sector
17.0298092617865,42.906648127995545,791.8694973959034,51.74503740979412,47.826375046879924,44.65633724338412,114.98417005874013,17.29919929829306,43.21838236570261,EST-01,6.198799458340397,Substation East,East Sector,East Sector
17.03224031810658,42.881587564835854,433.4672504350048,43.33282279546232,15.947565052105862,17.14887892457569,58.87241335282746,17.180523350667297,42.92594063335241,STH-02,3.4265659332685847,Logistics Depot South,South Sector,South Sector
17.026418505035238,42.475744861939766,616.9386418658654,54.49711185569168,10.151338102561716,29.439929770172867,96.04535827823959,17.287027298678233,42.52461579737371,WST-01,5.485845835296192,Substation West,West Sector,West Sector
16.99051142881687,42.47466930900901,324.365008432897,34.31050758476967,22.907033629031528,9.450060934419236,36.7441447301142,17.068792604994822,42.50927332486219,STH-01,13.073456808713859,Power Plant South Bravo,South Sector,South Sector
17.233139510431112,42.65003935233643,428.5534937600771,40.070893894482204,20.00279843032684,16.64508151607942,54.70892125587881,17.37379492703971,42.7036918467428,WST-03,13.066294512954265,Radar Station West,West Sector,West Sector
17.070614339447122,42.922057233768264,757.0569631932499,38.04299719770304,11.128366732932216,43.10512758343972,88.02906421122397,17.45096343420972,43.00048655672231,NTH-03,20.96874979122763,Comms Relay North,North Sector,North Sector
17.017406842363762,42.9292509994573,776.0389922934435,50.9360444419882,57.23669552137551,43.672825558122994,111.85630589110214,17.22966306594987,43.27504379100003,EST-03,5.948577291622124,Forward Operating Base East,East Sector,East Sector
17.204001315152475,42.46441950981192,765.842678071082,52.779876399799484,28.985904273326412,42.05200620665382,113.3113364138295,17.534720586078098,42.656613939214935,WST-03,9.171107796192238,Radar Station West,North Sector,West Sector
17.06975859079734,42.74457837277933,385.4327549929621,43.68008087659669,36.48458136659548,13.857900093543469,52.99735435720807,17.169945988150857,42.82213891942649,STH-02,13.629204777229145,Logistics Depot South,South Sector,South Sector
16.9605350433329,42.493405118275064,630.6208364810504,44.34088129196807,7.266414524975704,32.66751101103826,84.56065024933399,17.251957457010903,42.53231442390859,WST-02,8.841990169748884,Fuel Storage West,West Sector,West Sector
16.99858247107489,42.81167758600167,553.6250486660298,33.96095648367388,36.60210528789077,24.92826985162196,60.55427916826871,17.17850932385225,42.951590284738586,STH-02,2.0650686662538087,Logistics Depot South,East Sector,South Sector
17.141775102106852,42.94985994875734,894.8917780770543,51.05484281439158,33.319361592507825,53.51543004008826,125.92299039211453,17.543749152001094,43.22712106050983,NTH-03,5.224791916757712,Comms Relay North,North Sector,North Sector
17.184871582251517,42.672861575485356,692.4419214350016,59.769529007977425,55.91575966638196,32.45170752770481,112.48783900472792,17.34826638684838,42.9260908392946,STH-02,21.087696952458586,Logistics Depot South,South Sector,South Sector
17.013280316546613,42.44984966481523,861.1212548374374,53.33765522495428,24.739008064322622,49.517602624435085,125.68402612652643,17.417638451239306,42.64516443272191,WST-03,5.414270857361919,Radar Station West,West Sector,West Sector
17.225218676779843,42.747552517536725,387.21018300506256,36.693369695628846,46.92372602857302,13.508086680447521,46.171113714252854,17.308165356464663,42.84049632239544,STH-02,20.16633983584822,Logistics Depot South,South Sector,South Sector
17.20529913601565,42.64511000208151,570.5239638601374,48.693682187827065,18.25085870772732,27.292147767885893,82.86729511251629,17.438379730096006,42.72568044751904,WST-03,11.465274503753328,Radar Station West,West Sector,West Sector
17.204514226218325,42.88653925140038,762.9645600635212,38.84870431992759,34.736421379672834,43.78623724279179,90.11516863215653,17.527977244625962,43.12183889037942,NTH-03,6.171021710197184,Comms Relay North,North Sector,North Sector
17.018298344039763,42.60420667835583,520.7146368182416,30.90529658748849,55.61822383465188,21.476205216909253,52.725657960626755,17.127297269062428,42.771000462248594,STH-01,16.066713949146397,Power Plant South Bravo,South Sector,South Sector
16.96516079659502,42.92493832028355,679.505097692188,35.394685669675006,37.50427864553378,35.669576302009084,75.50070221950801,17.219538909652524,43.12940208521047,EST-01,9.518584285591352,Substation East,South Sector,East Sector
17.210227061844776,42.564220244580866,607.0213034241964,33.07780716791524,42.669521025990505,28.879635833141627,64.43062968615423,17.40110892987779,42.748692787397204,WST-03,15.142098578310517,Radar Station West,West Sector,West Sector
17.04174006862157,42.49451058153321,895.1576455307954,35.877976607045824,52.55907151215543,54.7035503040754,96.76577167146675,17.340412785442513,42.90371386200843,STH-02,20.654400595766038,Logistics Depot South,South Sector,South Sector
17.13567491435206,42.583888226391146,404.32352403929485,53.868132643470105,55.52546179852797,14.327341364609756,64.68299393616228,17.208578013540293,42.69508608644526,STH-01,12.674760781390363,Power Plant South Bravo,South Sector,South Sector
17.17799006511022,42.42094947509365,861.2092171980767,38.78496402091295,12.496492512184025,52.480120532665865,99.70344375991914,17.638744837537995,42.528110014706385,WST-03,22.134743133990824,Radar Station West,West Sector,West Sector
16.988487977553337,42.568747580124544,540.9425722819781,52.71119852835336,11.750281897751114,24.171032415980566,83.49039437987953,17.201302533937106,42.615087880548344,STH-01,9.055493020717753,Power Plant South Bravo,South Sector,South Sector
17.184251506355714,42.79607058032922,580.7957798263767,58.465876645283124,33.02856761452715,25.108329220150978,95.1722396114482,17.37352453228753,42.92502995009568,STH-02,23.890463177313762,Logistics Depot South,South Sector,South Sector
17.23155343768832,42.485369787133955,617.1611302139873,47.22819345203324,59.73098257838167,31.298794284823927,86.95627210459634,17.37327412959923,42.74009238316023,WST-03,15.979415193739396,Radar Station West,West Sector,West Sector
17.168512489723923,42.46681898367195,459.2199296601479,44.562268260301636,29.409139398646797,19.015219817990133,63.51938490957359,17.31746432571638,42.554778179707796,WST-01,1.4833180760040587,Substation West,West Sector,West Sector
17.082366824544167,42.47943117475261,878.1944655664759,52.503815267707914,19.85429778620563,51.37931482182847,126.37495315577048,17.5168992912394,42.643991384635456,WST-03,6.81938271430269,Radar Station West,West Sector,West Sector
17.21300344162551,42.44653100455688,846.8923231408737,32.9127041967927,32.23567649598531,49.16162490053851,86.07946554886931,17.586824298335305,42.693920787802654,NTH-01,9.155882409524647,Power Plant North Alpha,North Sector,North Sector
17.10823728902177,42.92478124710576,883.7430601268176,42.84636262454656,3.8637464469421112,54.776260329309416,109.95696141672165,17.5997287025953,42.959605180727294,NTH-02,7.811481654680146,Desalination Plant North,North Sector,North Sector
17.173431278345028,42.966469069297915,898.1517433257138,44.96473784796182,10.632406218594843,55.819036349811924,115.47330042574983,17.666781200635548,43.063673486662196,NTH-02,5.5029699568350114,Desalination Plant North,North Sector,North Sector
17.196151783157582,42.42793669103727,701.8800571085833,54.931539311951326,8.935225040790598,35.898769071712245,108.02365467604729,17.51507201654013,42.48051775478109,WST-03,16.01032416056024,Radar Station West,West Sector,West Sector
17.1748058585097,42.85604306892613,571.0112974834468,54.42652980693898,1.6749327042631124,25.95323236175557,89.57128541785416,17.40810871315496,42.863192624625185,NTH-01,21.05149518088863,Power Plant North Alpha,North Sector,North Sector
17.036356462814446,42.84229104803032,810.4403408977828,55.44796079549944,43.33273818271704,44.19023541301541,122.63881788504418,17.325225868376908,43.12796876415257,EST-01,4.407991129371314,Substation East,East Sector,East Sector
16.98535317027175,42.99814565476603,314.28292670180315,50.93618783603105,19.528472751709415,9.254446869809891,48.90122078271989,17.063790628977475,43.0272475182237,STH-03,5.889910633797714,Comms Relay South,South Sector,South Sector
17.021501558808616,42.60872239703264,800.6424268281021,45.91667421554513,10.112178674525387,47.16907498841948,106.67509621266264,17.439098094630854,42.68678954028155,WST-03,7.456386924212005,Radar Station West,West Sector,West Sector
17.100862481094104,42.57130539501425,598.3716145266039,54.836379640301466,30.734626231537405,27.889264851241016,93.8581438945218,17.31640355929521,42.705572201727136,WST-01,16.58325179070116,Substation West,West Sector,West Sector
17.101583076687927,42.67184927248589,703.9320162500507,56.198472457658085,19.406664358323887,35.41934929008799,109.88176659109287,17.40198841136023,42.78276476870258,WST-03,18.4330570944117,Radar Station West,West Sector,West Sector
17.124793304794363,42.91394510628952,524.4276368055046,44.414537779764416,23.581066247884745,23.98462524570358,71.66033662496815,17.322459889101793,43.00433401487453,EST-01,16.712874111796598,Substation East,East Sector,East Sector
17.068530551264367,42.83715618552274,521.1738923200895,59.56985723666315,18.931909023708666,20.508228767492074,87.29613959512935,17.242978566248482,42.899810797991336,STH-02,10.656234321796624,Logistics Depot South,South Sector,South Sector
17.18606741443501,42.6829742883805,319.0302916865326,56.24454374937536,0.23901086152992912,8.976186533106203,53.08750113835035,17.266791385136912,42.683326924665494,WST-01,15.803675894713864,Substation West,West Sector,West Sector
17.223946125104163,42.54673770597152,554.273658257408,45.314089962642235,41.299731865135506,26.329760214778982,76.54139973322617,17.401771502098295,42.7105135504645,WST-03,11.581436935431444,Radar Station West,West Sector,West Sector
17.02401751604384,42.836209444761025,545.0125172515981,32.07862786041319,6.641428724043581,23.68219624904174,56.82960091968526,17.235565483978068,42.86199965713399,STH-02,12.569080273488018,Logistics Depot South,North Sector,South Sector
17.170956965310566,42.912716120825316,434.8746611208428,36.73476152615689,13.148543823778168,16.71146956871664,51.62198841027113,17.317303395999385,42.94852669554018,STH-02,17.492063535599428,Logistics Depot South,South Sector,South Sector
17.153391555763513,42.63997073864049,448.3939641238605,53.29195738128855,11.41902261382989,17.35457483051796,70.76421535205505,17.306372807943948,42.67233575220041,WST-01,13.249539952609455,Substation West,West Sector,West Sector
17.106927149783793,42.80115126749259,650.4837482655071,33.33462770996054,19.882037729922448,32.52412134885318,69.0496827008175,17.381962153914404,42.90538419225618,STH-02,25.13163976161525,Logistics Depot South,South Sector,South Sector
17.006559070162247,42.640127212705956,490.66286552370184,44.0940019895779,9.611860769781366,21.372643722523872,67.01402003604963,17.196066524692036,42.67372251742631,STH-01,10.203956862355389,Power Plant South Bravo,South Sector,South Sector
17.18856967757481,42.68709606288489,798.1511454103738,48.145565763141825,20.817127451277244,46.464252191732655,110.09875879785417,17.57909378449353,42.84287216883331,NTH-01,6.665344153893887,Power Plant North Alpha,North Sector,North Sector
17.23818788568865,42.714946227972945,366.8310641142399,56.35040485111546,14.595860748464048,11.61371342648396,60.76149972167985,17.339259797679567,42.74251917053107,WST-03,18.68832793635608,Radar Station West,West Sector,West Sector
17.166550899670085,42.86543548841337,646.5869679450261,55.4134158868044,3.672906790344661,31.36098439491616,101.18177360137533,17.448006437394564,42.88437411977043,NTH-01,18.382416368779552,Power Plant North Alpha,North Sector,North Sector
17.22535799898772,42.98650359047736,396.0268362834614,52.92833763179198,52.233778630189754,13.941018418032048,62.67179714330027,17.3021158207635,43.09031139764738,EST-01,7.402167042083576,Substation East,East Sector,East Sector
17.2452555794844,42.66661969758294,616.9443761523953,42.23082727833597,18.334866425922687,31.51022628427213,79.86656279865014,17.51422589773927,42.76009489700289,NTH-01,7.612138861912975,Power Plant North Alpha,North Sector,North Sector
17.05561520227177,42.60538900374856,631.5275321701912,34.267477630268914,5.716928782582833,31.283297510173888,68.81781157424435,17.335550830560443,42.63474750951468,WST-01,9.016739987937305,Substation West,West Sector,West Sector
17.1414670658779,42.62415460388343,685.3786119154374,50.08947928673544,31.291582737127378,36.38986647844462,99.45292762237979,17.421045206324795,42.80230305862244,NTH-01,17.8325400409864,Power Plant North Alpha,North Sector,North Sector
17.092179821291424,42.480333441625106,556.4549683637363,35.43865867465418,7.396531102128194,25.54229683681901,63.071969719642034,17.31997313641336,42.51130937149503,WST-01,4.255667537274436,Substation West,West Sector,West Sector
17.24598862405897,42.578163242690636,605.6848110775527,46.83943450225847,46.385592087410814,30.39832562618366,84.99421201842306,17.434458833489547,42.78561885293607,NTH-01,16.194427027012182,Power Plant North Alpha,North Sector,North Sector
16.97814234720232,42.45186844796128,408.571569648776,59.420345473900326,3.6946765943903737,13.413316469484863,69.56121428089776,17.098520158710603,42.46000116663754,WST-02,15.767702603199451,Fuel Storage West,West Sector,West Sector
17.073712474289167,42.65673655790755,577.8092098417978,46.50929327421824,27.87815699665388,28.14946806939658,81.04771727634723,17.297448571644626,42.78071632453123,STH-02,23.597229355365226,Logistics Depot South,South Sector,South Sector
17.21266171335817,42.50041436158663,523.8182334565743,49.36670601781343,56.6295798069467,23.527286863792423,77.44145422965184,17.328959696986825,42.68551801555395,WST-01,14.385387236520174,Substation West,West Sector,West Sector
17.035215393157955,42.60784404758464,699.6786627926458,50.32726415748522,9.53814321950481,37.51035497789169,101.57930388875991,17.367881700761515,42.66641234572876,WST-03,11.365287901115162,Radar Station West,West Sector,West Sector
17.186337855191663,42.87614664963496,560.8930340978916,54.91165073026515,12.08212061432988,25.03573185556664,88.65780428207191,17.40649584424043,42.92553544330269,NTH-01,24.70694574265262,Power Plant North Alpha,North Sector,North Sector
17.064834948834076,42.54755659035348,767.6049905881321,43.049420343211466,36.027894683712944,44.53907561622114,98.11483709507235,17.38862135567619,42.79443220978851,WST-03,20.13620324378333,Radar Station West,West Sector,West Sector
17.24399356196705,42.76713677280524,555.5952591442153,44.92529703157493,58.79124429572037,26.452687228828143,76.20756042189917,17.367147911125095,42.98032300474097,EST-01,20.481333821635893,Substation East,East Sector,East Sector
17.215058950927112,42.94070885154917,441.4627037843752,35.2791604177377,23.150144897135625,16.932696670083956,50.60203412381208,17.355066557174048,43.003431618185004,EST-01,17.711634389105374,Substation East,East Sector,East Sector
17.040396107298783,42.74015751221773,464.21323137515077,48.44039663212506,38.9187055666324,19.172529006289484,68.3208445037582,17.17451586244922,42.85353152644984,STH-02,10.375232132573988,Logistics Depot South,South Sector,South Sector
17.181057934061357,42.51627556766345,327.17113505498196,38.87274018973167,9.139023766898035,10.036340678234941,41.19850901061377,17.270170475045436,42.53128826581519,WST-01,6.943007076129955,Substation West,West Sector,West Sector
17.05105696314998,42.606859716379574,623.951286360546,45.22874246666099,38.483827995858135,32.06181246631132,85.02969971050516,17.276676962202053,42.7947685755953,STH-02,20.97990283436976,Logistics Depot South,South Sector,South Sector
17.13190885206466,42.75422152431044,798.5285303401931,52.99671580529693,15.159723897293592,44.61687368474288,117.65132580005002,17.519164358664717,42.864255336957854,NTH-01,11.205072471949292,Power Plant North Alpha,North Sector,North Sector
17.147544230517987,42.70396668385591,761.467024090542,30.5270971404596,36.79725644947984,40.50070338469422,73.7000604255579,17.4390768541834,42.93264580784694,NTH-01,22.529256412720404,Power Plant North Alpha,North Sector,North Sector
17.19887862272571,42.48917190176614,562.6736798030829,46.91746579753119,5.319672485016566,26.887665363862002,79.64092832920466,17.439642029301766,42.51267044173744,WST-03,11.6081533646163,Radar Station West,West Sector,West Sector
16.957335252264603,42.66807780681434,417.6722130867073,35.20335051932069,31.498141302319745,15.296107245513992,47.918817511301995,17.07461383941833,42.74326331893076,STH-01,14.039009183186499,Power Plant South Bravo,South Sector,South Sector
17.01604736734569,42.72584001694615,818.0906659784716,38.381500193515606,14.244299680394423,48.57206058579807,94.71835250583841,17.439404816785096,42.838499683047644,NTH-01,16.81931131457694,Power Plant North Alpha,North Sector,North Sector
17.163575343176575,42.560399628674546,334.068620427041,31.04139840260994,40.9025221997648,9.517366500156957,34.62822638130446,17.228259116649998,42.619075431701276,STH-01,12.038281883631791,Power Plant South Bravo,South Sector,South Sector
17.11905697109086,42.76746730920391,539.5336351214964,35.08388280557707,44.86018722409893,24.129637557815787,60.782021340828905,17.272811847116525,42.92776552569319,STH-02,12.764485702213857,Logistics Depot South,South Sector,South Sector
17.098681523460343,42.442096059691124,813.9690854303707,59.598881798614556,50.888551833563845,41.45386075677346,128.61099498337174,17.33363126123209,42.74512243503398,WST-03,19.331692459181912,Radar Station West,West Sector,West Sector
16.966562987012395,42.60196422013931,535.9060124425179,59.95568283597936,59.54372213514492,21.33788046036515,89.87773732289456,17.063758294252494,42.7749987262963,STH-01,17.620994343074226,Power Plant South Bravo,South Sector,South Sector
17.054482765038436,42.88256609966655,370.72528245417595,51.59543759668942,27.56128677919392,12.51359170748574,57.827201899109916,17.154241633393713,42.93706099966687,STH-02,1.5165299900451454,Logistics Depot South,South Sector,South Sector
17.209530069573194,42.55557088054489,459.5697002074777,48.355705643135806,40.23566503243946,18.843142718914923,67.59674076951522,17.338862514967023,42.67024150480529,WST-01,12.801000725094724,Substation West,West Sector,West Sector
16.95926785111081,42.76310611000184,660.017665045769,53.31020859297795,1.1054229751273015,33.26861340781294,100.43547546977013,17.258403494579092,42.76915023459526,STH-01,22.087953094494825,Power Plant South Bravo,South Sector,South Sector
17.068930870609442,42.646017828226185,391.2215446167425,56.89662816555485,54.305221998372666,12.956096453752318,64.99325079714872,17.136890576257407,42.7450417057122,STH-01,13.41941652823147,Power Plant South Bravo,South Sector,South Sector
17.23354448630123,42.58987608544915,692.9611961054135,45.57915178696224,36.94458873171474,37.8920378904259,93.79184864971096,17.505780060174004,42.80463947663918,NTH-01,8.656481996660638,Power Plant North Alpha,North Sector,North Sector
16.965264220363505,42.94967901274602,562.8971587195474,31.05851998253104,25.280698756394226,24.678001664795623,56.93622070061309,17.16591905069437,43.04887538445223,STH-03,10.110103062533048,Comms Relay South,South Sector,South Sector
17.17491172531339,42.60595703084823,500.6337004923131,51.281874617401584,26.05876456563904,21.459591251712677,76.32307301206554,17.34826408551917,42.69477662757777,WST-03,14.741716965747248,Radar Station West,West Sector,West Sector
17.02728378485461,42.54200554089221,444.55528831389836,59.53807506217267,45.47973878162374,15.562718261964301,75.37455283110324,17.125390747665463,42.64642613842034,STH-01,2.8714760385950466,Power Plant South Bravo,South Sector,South Sector
17.2099826496461,42.94558078938416,793.9979915140257,37.74158867915884,50.008200212153646,46.295077264091766,91.11727682487312,17.477279073240314,43.27999154231759,EST-02,6.71349075578176,Water Treatment East,East Sector,East Sector
17.17382039368781,42.84756661356149,538.004368478041,43.903966963833,48.47422057889111,25.064701763847133,72.71020507626638,17.323181742026026,43.02434123291164,EST-01,14.63013799529209,Substation East,East Sector,East Sector
17.21571155125751,42.80907982821892,743.0875593637365,40.83823203153844,30.63507918282142,42.30317018832311,91.62718020376442,17.542952072673298,43.01239545328258,NTH-02,10.821313651748435,Desalination Plant North,North Sector,North Sector
17.01477743712938,42.42972096524012,564.2131155824306,41.7140248268959,22.2687982540819,27.119060157012132,72.96564705271416,17.240451700631308,42.52649025405094,WST-02,8.123354643429424,Fuel Storage West,West Sector,West Sector
17.10938782644558,42.47872297642947,355.1203121320676,51.64199981626071,56.73236168493213,11.555443071697264,55.53533875888016,17.16637314981507,42.569663916126956,STH-01,7.429338265335672,Power Plant South Bravo,South Sector,South Sector
17.18378098307244,42.7830039782858,564.3035851003563,41.3521316926815,38.051971486212594,27.103486026000862,72.47538412078079,17.375658976474575,42.94042727309761,STH-02,24.001750199100602,Logistics Depot South,South Sector,South Sector
17.023709922898494,42.52565970191576,604.6126678414583,58.232523763761805,32.61920453965269,26.929335772276765,98.39462436807229,17.22764637677309,42.662339945075246,STH-01,12.787007903010508,Power Plant South Bravo,South Sector,South Sector
17.019223891580165,42.53538279137821,574.7053160960261,53.68975361290681,35.899135921697564,26.46618550541649,89.28027968344003,17.21197642805512,42.68148864370528,STH-01,12.135644017469994,Power Plant South Bravo,South Sector,South Sector
16.958154640049276,42.86748310920617,789.7450270489635,30.829410752630853,37.79199049117696,43.0764663931884,76.72801788258218,17.264139184018656,43.11607659422907,EST-01,6.135911216782661,Substation East,East Sector,East Sector
17.237554588192637,42.57155496930216,846.5108094258176,54.556466461011745,42.78437304641424,47.607745154753644,125.77915918412766,17.55154679648903,42.8765676738127,NTH-01,10.714912566977034,Power Plant North Alpha,North Sector,North Sector
17.163005064016385,42.44295238129115,772.0672051266204,53.18572267315976,33.19108170246995,42.36861409362816,114.66403438715501,17.48175131266383,42.661640102779984,WST-03,5.035476209033991,Radar Station West,West Sector,West Sector
17.140668106203055,42.421859168385915,649.6691413265758,45.49481185143701,52.52132126744871,34.2085138359851,88.51686160818672,17.327697997676,42.6776055357185,WST-01,13.54749579517229,Substation West,West Sector,West Sector
17.173198416808496,42.66590679234717,624.8699763329344,44.9045219023924,51.582852856422974,32.15826068575148,84.68071164159298,17.35276669621469,42.903306264541925,STH-02,22.000736889172128,Logistics Depot South,South Sector,South Sector
17.109483875608632,42.77027714661079,686.7696180741954,55.0658071040086,26.535464679170243,34.64648257717731,106.18827608395095,17.388191583501076,42.91614254563808,STH-02,25.627184568418727,Logistics Depot South,South Sector,South Sector
17.092840146327124,42.92133114003508,472.6981778636247,42.74355867489105,10.112166727532193,19.99915052951086,63.175216154506025,17.269899987683548,42.95440038812637,STH-02,12.229272457153803,Logistics Depot South,South Sector,South Sector
17.084859672337057,42.46648263701958,787.108107689211,34.78387029879895,34.599342826266046,44.76658935786801,84.64014904331134,17.41611162132893,42.706072409973444,WST-03,10.353291199922932,Radar Station West,West Sector,West Sector
17.14213176363109,42.518003695772975,814.1089065621966,39.38696498547098,37.24437132787093,48.40213086359699,96.27492429278216,17.48846114620248,42.79421381946793,NTH-01,10.289635173535526,Power Plant North Alpha,North Sector,North Sector
17.010460492617714,42.717880366544485,460.3302979090983,37.95607210072468,31.402774437224114,18.694611592416834,55.9792569970172,17.153938448972777,42.80955998025706,STH-02,14.936534345771706,Logistics Depot South,South Sector,South Sector
17.21641760850446,42.61846501734519,841.6909248840466,50.43177088954351,53.434668796437975,49.36912947303164,118.82698769060973,17.48057169345936,42.992329820659165,NTH-02,17.96870119933321,Desalination Plant North,North Sector,North Sector
17.19352571136578,42.6895224707473,809.2396343950004,35.36620050122536,5.581215421461954,46.927256850326266,87.86380466194899,17.61354680898637,42.73258580233676,NTH-01,6.258642111330355,Power Plant North Alpha,North Sector,North Sector
17.05486908343561,42.95447478939053,554.6920604895062,49.34317309298421,17.24511029011203,25.932558647971305,81.55915529906288,17.27758879479523,43.02688127488909,EST-01,14.351386564193266,Substation East,East Sector,East Sector
17.123582789043756,42.72693499231881,845.4001212556474,43.97900841791286,51.947390779357114,51.33082664913798,108.11267105769618,17.40776589117973,43.10788866650364,EST-01,13.197821136510449,Substation East,East Sector,East Sector
16.992308189985003,42.64907236636724,372.2633962869049,55.189827882353455,56.36479878133233,12.126492365028195,60.78595437525396,17.052692645249113,42.744045791523035,STH-01,15.160628396784443,Power Plant South Bravo,South Sector,South Sector
17.24170387438008,42.99366394401984,316.7919355253402,44.549962296524036,25.555504482154113,9.625305378733447,44.576059328715964,17.319793839607126,43.032779210721856,EST-01,13.683798808123193,Substation East,East Sector,East Sector
17.220867806289085,42.439129401939724,508.7200953564326,57.89411803708148,11.558638910456274,20.289820130899237,83.92116224890933,17.399634185056968,42.47744428977842,WST-01,10.919973056876847,Substation West,West Sector,West Sector
17.22656925194976,42.959268069022706,639.261419296407,57.01407383656763,25.219769790596086,30.070089087177774,102.00278976475394,17.47118252358792,43.08006680331653,NTH-03,12.453375860664648,Comms Relay North,North Sector,North Sector
17.049648914311035,42.70099710523929,510.8655687197197,35.558627373120686,27.369986725448157,22.0380059749619,58.43647463967136,17.225632505146734,42.79639165281526,STH-02,17.874949869115856,Logistics Depot South,South Sector,South Sector
17.000740412214856,42.70225380266028,865.2406402028157,50.58499057055651,31.174162689753015,51.272613841036446,121.78116515833244,17.395107399985886,42.952378198887004,EST-01,24.442656673942363,Substation East,East Sector,East Sector
17.013531649039894,42.95317860052192,452.82613743308707,36.43874247362326,16.461184810977066,17.93048430163141,53.27191731019881,17.16816911951276,43.001002907774364,STH-02,5.494303697054638,Logistics Depot South,South Sector,South Sector
16.977000417313526,42.70439438775584,468.72803615560736,54.69912918691373,18.757644427009346,18.457822985021537,75.04488637386734,17.13417130667198,42.76025171322158,STH-01,14.98678207327055,Power Plant South Bravo,South Sector,South Sector
16.986033189030415,42.66304425431809,680.896567526913,49.07169463609708,39.33525788076552,36.27645290201595,97.46712548796347,17.238250104384612,42.87955980731829,STH-02,11.475776026123157,Logistics Depot South,South Sector,South Sector
16.971391360255453,42.563493155270315,302.31832940502494,38.823530828449535,37.307649059798365,8.640327920015228,38.117548509189085,17.033190810427488,42.612749894921194,STH-01,9.68346797900288,Power Plant South Bravo,South Sector,South Sector
17.246946920761463,42.79529006009045,736.5342314127595,37.473708851505194,39.726150906920076,41.174004404286585,84.92220036630941,17.53158419935656,43.04347395618288,NTH-02,12.309406865284938,Desalination Plant North,North Sector,North Sector
16.972217305010723,42.74178705458785,526.4816898558943,42.887329651362904,22.637098991854863,24.140756993256453,69.99492486941564,17.172576024074726,42.82924720986057,STH-02,12.904956483820847,Logistics Depot South,South Sector,South Sector
16.989762624285422,42.52860726216867,886.6487205859776,54.02168914383393,20.18741030999353,51.14872383189141,129.74468613939257,17.421427859183105,42.6949765661268,WST-03,9.036479814627972,Radar Station West,West Sector,West Sector
17.19817637867722,42.8256477490368,714.8505558178492,53.88484827118355,21.092320378376336,37.41827068970304,108.36350566333282,17.51210101311009,42.95263297383747,NTH-02,15.913966438207432,Desalination Plant North,North Sector,North Sector
17.124072065022883,42.78645211440198,331.3289730494059,31.001286766648064,57.0705891293801,9.363498752287388,34.31269690778507,17.169834458650136,42.860428021339885,STH-02,9.578963675992455,Logistics Depot South,South Sector,South Sector
17.182325161370798,42.63840033052392,355.5766852451842,39.068616464127004,23.71470618865937,11.745991642266304,44.83358226532767,17.279034567449337,42.68289247600353,WST-01,15.203808108791044,Substation West,West Sector,West Sector
17.139273602331798,42.40264055314213,352.90086415449514,42.68552890409153,36.36794378027554,11.75824758426893,47.82756693564009,17.22441103753069,42.468287699855296,WST-02,2.6032592255973332,Fuel Storage West,West Sector,West Sector
17.214652521098685,42.66794869010571,871.5733559351662,47.567460403327296,31.370591229992314,52.92390124570306,117.36520876123147,17.62086425694006,42.92791288670105,NTH-02,9.987958820074608,Desalination Plant North,North Sector,North Sector
17.14154025832942,42.40363487027815,710.4309247305526,34.48581026444097,52.573308959669525,38.00633272752604,76.85613714725349,17.34906768721676,42.68800469524979,WST-03,14.290556133166298,Radar Station West,West Sector,West Sector
17.106637527870944,42.444999093579426,556.5636043733614,40.05849061586774,22.147008046768743,26.362208306304353,69.77510541146393,17.3262047687614,42.53862278738586,WST-01,1.2792846360608308,Substation West,West Sector,West Sector
17.16382490812839,42.6583659414885,420.28961392801864,56.56791061703876,26.04866666137023,14.820995926287301,69.28050599101496,17.283564645913934,42.71966525662447,WST-01,18.737271071402535,Substation West,West Sector,West Sector
17.084217825537632,42.44915193051119,824.1838478614819,44.29642540240948,50.567657326932625,49.43947333942462,106.42662988392782,17.36630665438872,42.808965331652416,WST-03,22.594351866578442,Radar Station West,West Sector,West Sector
17.05381914687142,42.5653992602723,420.9335566028043,52.32429678130318,9.65745684179435,15.658129479404973,65.86218881003751,17.192638782767606,42.59012722885086,STH-01,8.67829423909838,Power Plant South Bravo,South Sector,South Sector
17.090295735735065,42.79329482113538,724.0075298854904,44.5433551948902,35.657672872518,40.66298286087852,95.75940370807415,17.387301708422797,43.01667703481985,EST-01,18.045710821697195,Substation East,East Sector,East Sector
17.000914231529567,42.58516920556565,757.9946169272075,43.94947729201391,23.994492458628237,43.66347665971312,98.5988939453727,17.35958699314957,42.75246916540391,WST-03,17.950306064771432,Radar Station West,West Sector,West Sector
17.188971518940807,42.9985891564729,476.79365331324493,48.65776575250512,59.14749353551366,20.07279183254086,70.27059419044538,17.281481912933515,43.16088940579118,EST-01,2.0612842110817944,Substation East,East Sector,East Sector
17.028211134400784,42.94978122034899,602.9488423023854,37.78093536568853,43.28304700803719,29.822700250623146,71.56811454079413,17.223364581240222,43.14229341396367,EST-01,8.72644372147238,Substation East,East Sector,East Sector
16.996059463901112,42.75118594275131,433.7935693910363,37.4940629791875,0.6333757683676922,16.74158038596394,52.390658279475744,17.146610698820425,42.75292769083717,STH-01,14.431561229456806,Power Plant South Bravo,South Sector,South Sector
17.02390567253497,42.98016828318096,527.3577944732989,59.680615646748265,50.36843402679863,20.878478823382416,88.33517414960274,17.14361486161371,43.13150107932756,STH-03,8.94383286568582,Comms Relay South,South Sector,South Sector
17.20262104553167,42.92081037665951,879.0806389680052,56.06976027957667,42.190779370878694,49.132877315631724,131.9329615443412,17.529762366873687,43.23201620163536,NTH-03,5.5154025284275,Comms Relay North,North Sector,North Sector
17.04906038867932,42.59133911130429,715.8828207926581,52.13264689348934,33.65765493495859,38.234494717347985,106.13256462166648,17.335171361747083,42.790978471082326,WST-03,22.843021732486804,Radar Station West,West Sector,West Sector
17.15581496085177,42.849757747591184,807.9685237143091,34.114336171666,14.167708553059024,46.32067412994603,85.1865642116359,17.559687273646603,42.95670048714737,NTH-02,11.169784267179105,Desalination Plant North,North Sector,North Sector
17.206922889196722,42.48209907040237,624.3597428800446,30.906741335543,8.958999024461416,29.407008786121295,62.35833633349498,17.468155052039226,42.52527422747619,WST-03,10.088359413346431,Radar Station West,West Sector,West Sector
16.97332340007751,42.810730854627245,443.4238452908137,35.26237512591279,37.70397377150508,17.066105263258148,50.79443737239826,17.094729518014177,42.90893436999568,STH-02,8.468630804840176,Logistics Depot South,South Sector,South Sector
17.179507321553412,42.69464909589675,727.7279140003161,58.1319289352256,26.396416368825836,36.10947540065121,115.42671504106443,17.47033303737209,42.84600262194999,NTH-01,14.059988404282874,Power Plant North Alpha,North Sector,North Sector
17.042299639913708,42.41009556355169,600.3407764743399,54.488693107469636,51.69721873386778,28.164981001756537,93.74151574399059,17.199189137839323,42.61817101942029,STH-01,8.807586435307055,Power Plant South Bravo,South Sector,South Sector
17.01498670925521,42.56453789343422,406.1093208642352,45.692280374657294,15.742414216660276,15.230308987065008,57.67376823533611,17.14681472203843,42.60342797657427,STH-01,3.462841517543735,Power Plant South Bravo,South Sector,South Sector
17.15667043573589,42.97322933044255,547.4579337709262,59.06341774105132,38.251198850774934,22.50625734519772,90.81101300178588,17.31557612783815,43.1044878440681,EST-01,6.1424245213215585,Substation East,North Sector,East Sector
17.22293898681997,42.58949889105309,680.9041314097835,34.39746308706903,14.930582199541059,35.45883476006542,73.85983122978358,17.531043018108985,42.67566159178,WST-03,9.861511016774495,Radar Station West,West Sector,West Sector
17.038505762613717,42.50887267318086,741.1991140093429,46.774513200181104,38.1790247455973,41.87560571444121,101.30169027171716,17.33439547913336,42.75272880690807,WST-03,19.834694377891726,Radar Station West,North Sector,West Sector
17.120650141615297,42.51251886794332,445.93247753421105,35.496663791961296,2.9006785329427998,17.28334270063915,51.354893949900465,17.275883448311074,42.520756105646115,WST-01,6.771181613251106,Substation West,West Sector,West Sector
17.036950234154848,42.68752795878517,825.5984036095987,39.192858144129175,23.50244560886307,49.39024051835037,97.04020043428172,17.44419446055039,42.87319791928155,NTH-01,18.047386374106026,Power Plant North Alpha,North Sector,North Sector
17.11628567571793,42.90558954440232,527.7306642448068,58.20405056889677,10.361136951945083,21.485860539859296,87.06191251840593,17.3063583192185,42.941989595470204,STH-02,16.296545577245706,Logistics Depot South,South Sector,South Sector
17.136558609196303,42.85480105908001,462.68203073564905,56.0483554964605,36.356039773408476,17.714878150135306,75.3368638827632,17.26483748629641,42.95369821253587,STH-02,11.664028782722497,Logistics Depot South,South Sector,South Sector
17.133100616637055,42.66211120452267,417.0720332722349,33.05396356891758,19.003683190663907,14.858408317564965,45.32447369914014,17.25943733900683,42.707674920342015,STH-01,18.086990138483795,Power Plant South Bravo,South Sector,South Sector
17.137063910892824,42.525236130062176,782.5028006417842,37.48631416682815,46.29195706060496,45.21735730865332,89.50051044603907,17.417817649961673,42.833315718647555,NTH-01,18.89945891032273,Power Plant North Alpha,North Sector,North Sector
16.990523937665255,42.427638940061314,512.4987449796374,47.83522408746152,6.875661625801095,22.84946678985849,74.18631018465089,17.194534398900334,42.453390042272304,WST-02,5.068357116491366,Fuel Storage West,West Sector,West Sector
17.158062140876016,42.67757819168964,590.0394167327609,31.84058362022473,33.37278401515454,27.07523492977128,60.759021852608434,17.361356906287906,42.81791301222802,WST-03,23.690837927470906,Radar Station West,West Sector,West Sector
17.152425106914066,42.88886520911092,433.6918941383254,46.50253942054312,35.620671776499286,17.116765166310362,62.19007061603465,17.27753535744146,42.98275572545663,STH-02,13.52448420768146,Logistics Depot South,South Sector,South Sector
17.154776436665063,42.837809196156584,711.6546427013589,47.53474307382032,1.3262459832039597,39.20410003790775,98.98101237386244,17.507252261351002,42.846365844373395,NTH-01,10.721228011721834,Power Plant North Alpha,North Sector,North Sector
16.972221165821612,42.64516046057635,768.6200445314535,38.72901543991379,2.159142651029917,44.26300219515485,90.46612385509854,17.370004140821802,42.660874171598266,WST-03,10.906361056080474,Radar Station West,West Sector,West Sector
17.084051652724245,42.75682160315056,503.655149372005,38.7936894037537,18.494410339681103,22.042474151302503,61.9984208635808,17.272035664575675,42.82267273614775,STH-02,18.387243380148977,Logistics Depot South,South Sector,South Sector
17.07271053961372,42.661747912567726,867.0476312228412,36.872378063102126,36.54452636471473,52.53687428366979,96.32378218733363,17.452080045986385,42.95665494661887,NTH-02,21.948515822246765,Desalination Plant North,North Sector,North Sector
16.97601344509296,42.74740966587411,318.36636573614163,58.07029110588128,57.75779970973239,8.685727468392917,54.07115701949169,17.01767478396593,42.816502527068906,STH-02,21.255175549946678,Logistics Depot South,South Sector,South Sector
17.016710378369044,42.71050314663613,379.76586196442423,41.666134220972324,5.447010599319782,13.433453857503942,50.33049772776897,17.13697428528333,42.72250381579488,STH-01,11.054706416882679,Power Plant South Bravo,South Sector,South Sector
17.08228878953941,42.80857996007509,653.2722189362945,47.55807189341671,42.18976639264834,34.259935105797936,91.90781339117453,17.31045705788688,43.025316991223235,EST-01,14.345377253391266,Substation East,East Sector,East Sector
17.172871892957424,42.70462530611987,720.8441172290278,39.047237227605436,41.562967327366614,40.12253158379002,86.14392802200938,17.442699173438925,42.95555295164445,NTH-02,22.978334411933698,Desalination Plant North,North Sector,North Sector
17.021118623095397,42.96436659890053,450.4097937054354,51.07992013244713,40.16845461020861,17.863489839612264,69.00595677354964,17.14385075498173,43.07281012682165,STH-03,7.1408868101142176,Comms Relay South,South Sector,South Sector
17.198924973037474,42.65681690894901,632.4426581348091,33.043238131759274,30.968840491932106,30.93036784404532,66.8183116279782,17.437379500327246,42.80684598821131,NTH-01,16.11219462116003,Power Plant North Alpha,North Sector,North Sector
17.11373948572184,42.40954978182383,491.03174822568764,32.14924629283992,58.009557036608626,19.71812892517432,51.649693636266136,17.2076236146852,42.56699652266957,STH-01,11.253583248988319,Power Plant South Bravo,South Sector,South Sector
17.178126505555387,42.54182412124539,632.4535473729541,52.328512817456584,30.106508309320883,31.40717798319268,95.54743797921375,17.42241895215369,42.69031607460988,WST-03,8.550101361401712,Radar Station West,West Sector,West Sector
17.091766795001057,42.700364114863994,695.5966066585515,51.8000387494605,50.29782475195247,36.69519776945141,103.09602504949746,17.30240066670443,42.96629706313445,STH-02,15.928569214939033,Logistics Depot South,West Sector,South Sector
17.099758267626665,42.724343111133194,883.6848321414344,37.950040084219864,15.75123617247983,54.2992505239449,100.12319824404175,17.569697891535597,42.86338915734598,NTH-01,8.913573283551242,Power Plant North Alpha,North Sector,North Sector
17.135915816813892,42.73143087358723,573.4181160127102,40.651401381740655,48.37850995841131,27.79120909689555,72.5482216019681,17.30182800996796,42.92712182646824,STH-02,15.956655381402452,Logistics Depot South,South Sector,South Sector
17.228391182449748,42.82873125896205,688.9296241628283,58.71781503998467,59.792744036335996,32.85256149427142,110.82378464021704,17.376863594296324,43.096272334232594,EST-01,10.89969191799946,Substation East,East Sector,East Sector
17.097543774423873,42.564788885570515,646.8235487519592,33.12990884985943,54.6051592664256,32.14441579131322,68.34162314291251,17.264832226295457,42.8115606351588,STH-02,18.764316991589887,Logistics Depot South,North Sector,South Sector
17.108597261432486,42.798942207424886,490.5329363325438,35.49441199640013,18.244303125116723,20.5000961026103,56.17514973896392,17.283682007018278,42.859389542636336,STH-02,16.785592323953743,Logistics Depot South,South Sector,South Sector
17.130599089058258,42.822419363871525,451.8384790186322,42.901150949196996,50.76944855090397,18.463102342176455,60.737138927977746,17.23556676400494,42.95708417374988,STH-02,8.436280707495763,Logistics Depot South,South Sector,South Sector
17.171254541189317,42.6467684515725,892.7224330468342,38.46296718166575,5.715427381723188,55.21452148977431,102.04071837434108,17.665334822539982,42.69866584844624,NTH-01,12.819278357811676,Power Plant North Alpha,North Sector,North Sector
16.97155510064587,42.64130145948779,424.1114170209092,49.47025645896622,40.66245357678316,16.2304260398622,63.7462595999144,17.08225325530414,42.7408009659689,STH-01,13.50726515914946,Power Plant South Bravo,South Sector,South Sector
17.10470623155659,42.50735487139387,774.165160244542,50.718051688400536,20.528773979201194,43.59904057875717,111.30193584767171,17.471850529710345,42.651503296364126,WST-03,3.59194363420877,Radar Station West,East Sector,West Sector
17.094477476761814,42.64839242575322,387.9524346124566,45.79164251670285,39.520205375735884,14.009731797387142,55.313312270893455,17.191650727639217,42.732317315089404,STH-01,14.34863844600014,Power Plant South Bravo,North Sector,South Sector
17.226505495271272,42.87208977502421,782.6107616167506,48.33591904208309,24.734940454767923,45.08279271301102,108.60636689100257,17.594667951613403,43.050058305410175,NTH-02,5.962932673017139,Desalination Plant North,North Sector,North Sector
17.0980519741309,42.94538380332993,411.43706579372883,43.00262496061035,0.5419889895193464,15.60042505898587,55.702941986440216,17.238343491753227,42.946773346081955,STH-02,8.718150746354704,Logistics Depot South,South Sector,South Sector
17.0904961604083,42.75616791479078,880.2939864097002,52.81161761175498,13.87659324287706,51.37574078795676,127.10738494650344,17.53901072259066,42.87237914785908,NTH-01,10.802112027219987,Power Plant North Alpha,North Sector,North Sector
17.23865999656041,42.57962220601258,711.5925939447104,31.26295493538809,2.54317397149896,36.70736029067324,70.84776412626206,17.5684510349353,42.594986776987184,WST-03,12.347473504812307,Radar Station West,South Sector,West Sector
17.085172939080262,42.80937383119584,354.0709462054973,39.38674009967643,25.63619536799108,11.676280656274214,44.950972230889455,17.179837589502814,42.85692745788867,STH-02,10.131036347034438,Logistics Depot South,South Sector,South Sector
17.004265329096626,42.844087725217605,715.9062716754065,50.53290124184682,50.40427720369099,38.79771637717847,103.89486282166655,17.22645857939602,43.125575003274776,EST-01,8.957281993442402,Substation East,East Sector,East Sector
17.015074836841737,42.5993276672684,662.1724576689311,39.88935323626147,44.2798055385047,35.16197564800736,81.322960895565,17.2413372860289,42.83048659294525,STH-02,15.587202232143628,Logistics Depot South,South Sector,South Sector
16.97855626150109,42.89592871689373,502.5277480163751,32.35605841328848,47.33473117464394,20.60844119589809,53.07930335830149,17.104111374524706,43.03851726599248,STH-03,5.160132614547753,Comms Relay South,West Sector,South Sector
16.950170438777683,42.444217499283006,456.4415986540288,40.350402854003256,48.43197892828375,18.665813524165184,58.3890144189405,17.06150857277007,42.57559078066254,STH-01,8.03617425941869,Power Plant South Bravo,South Sector,South Sector
17.079583698300144,42.406452230560014,731.2564690488913,51.344843153659895,22.31638728260853,39.795369106181184,106.96173468532558,17.410616250558277,42.54887400553264,WST-01,8.964926869720285,Substation West,West Sector,West Sector
17.180772774389467,42.473782463579234,744.8168237699194,33.65954595759953,30.361543769603912,40.63915553304287,78.51037475132274,17.496032273268423,42.667473835939404,WST-03,6.434719159093058,Radar Station West,West Sector,West Sector
17.170039932839952,42.493605008696505,496.32350937152194,51.738940926349635,30.507070205124066,21.05652449685736,76.18766859331635,17.333165989882733,42.594308422380664,WST-01,4.7163393238715186,Substation West,West Sector,West Sector
16.959644726340855,42.92735741976863,825.7362665037022,53.26367149072727,6.792511016164342,46.69189864296563,121.3487562528156,17.37660049110685,42.97939639871652,EST-01,20.97684388130784,Substation East,East Sector,East Sector
17.12099487107821,42.65498902133277,461.29633133309477,49.05902233268097,35.88852732769645,18.897215185533334,68.55202792878872,17.258651798039327,42.759310346845155,STH-01,21.370491114782077,Power Plant South Bravo,South Sector,South Sector
16.996284937624043,42.564959015182225,341.9186555848866,37.327021456744326,43.210786740020126,10.775465089428156,41.55812397960765,17.066902083345877,42.63436545817524,STH-01,6.098445492873198,Power Plant South Bravo,South Sector,South Sector
17.232322885429408,42.65744506959209,659.9207068965472,54.158860715851844,36.65806914679765,32.92941018539123,101.47794950871331,17.469805794245474,42.84280153603186,NTH-01,13.945643241979557,Power Plant North Alpha,North Sector,North Sector
17.000209499893252,42.63690453562038,364.24234369896965,36.43327505335396,44.75795608257136,12.030145927014885,43.276442712948146,17.0770180485717,42.7165957359847,STH-01,11.324217123385557,Power Plant South Bravo,South Sector,South Sector
17.137991765309245,42.58087700079281,465.99843855989116,57.174628565140516,7.133476087491404,17.63341640170408,76.80671650201461,17.295344135032966,42.60150232479873,WST-01,6.688936918887308,Substation West,West Sector,West Sector
17.047871508649216,42.48273974944718,604.3118358290628,51.199370974262465,45.684536780050635,29.48158228615508,90.4085888776767,17.232999526209234,42.68136035439784,STH-01,14.155279811238183,Power Plant South Bravo,South Sector,South Sector
17.142468397789305,42.793549277184326,471.81577341437855,31.64159779941179,12.488406202108585,18.217413878963434,49.05572174084549,17.302421596820448,42.83065593942854,STH-02,20.284209314509145,Logistics Depot South,South Sector,South Sector
17.073677578939222,42.48196264166779,428.9978054520266,53.97861355984989,52.60960937037197,15.917432995701299,68.48627174992379,17.160568833181824,42.60099577835899,STH-01,4.942395471808429,Power Plant South Bravo,South Sector,South Sector
17.177892915691917,42.8652546716036,721.9112489433926,45.19300621079722,14.695878741047734,40.42620335891468,96.55994208408002,17.529537314743546,42.96197692043427,NTH-02,13.736706434867653,Desalination Plant North,North Sector,North Sector
17.019203737598357,42.52101280796827,628.1996048413773,43.57946688939154,29.51954302142641,32.48014000106353,83.16456865865374,17.273330332079873,42.67173388638969,WST-01,14.37811317781603,Substation West,West Sector,West Sector
17.221737555874277,42.838822784279984,803.8567489501684,42.6153357809546,29.235977799398054,47.73601908532005,101.23693656925973,17.596231191115372,43.05878662121927,NTH-02,6.370510092503726,Desalination Plant North,North Sector,North Sector
17.100062894794004,42.88335166341728,648.7437567932866,48.19890199322751,16.13101922352081,33.77129473553111,92.23764900022813,17.391798286834113,42.97177555460064,EST-01,22.43447740084331,Substation East,East Sector,East Sector
17.176827944313857,42.47519560586467,590.068327064267,51.73735502348884,21.702575065175665,28.213323236845113,89.14677536888334,17.4125469440191,42.57352716671949,WST-03,7.2213490369667745,Radar Station West,West Sector,West Sector
17.20491905742037,42.4520474609728,456.7538109664729,56.87929847173682,11.135804944535519,17.102570137161113,75.14470067469752,17.35582770900919,42.483169932827764,WST-01,7.652667590049808,Substation West,West Sector,West Sector
17.24964858328644,42.9697436623922,775.2395250547784,38.18834438841676,34.206041847512964,44.738794668181455,90.11819429041479,17.582256798966554,43.20701325192215,NTH-03,6.478098222038707,Comms Relay North,North Sector,North Sector
17.01718369967819,42.67782808405155,418.1226051386203,48.92328818731271,54.78168152000881,15.87079855036025,62.391435213674036,17.099458391342473,42.799825058914735,STH-02,17.31979994572309,Logistics Depot South,South Sector,South Sector
17.036067724069035,42.77814129698379,445.33704658389615,50.590278344043895,18.99645434169902,17.575214347464893,67.81562808439425,17.185510089120164,42.83199486771218,STH-02,12.853520207200123,Logistics Depot South,North Sector,South Sector
17.025129926019567,42.41395626407306,804.9531580518419,50.24391419360678,30.48375658628746,46.35963938199738,114.24216615081326,17.384301192316823,42.63558010258646,WST-03,8.57809930803437,Radar Station West,West Sector,West Sector
17.028861399647933,42.567226108333806,744.7155154375266,44.7900194334891,51.71283671451897,42.443399200900586,98.5115764502381,17.265123957747402,42.88096579502883,STH-02,13.798698204710382,Logistics Depot South,South Sector,South Sector
17.124733422461812,42.70323859273563,667.7240933877124,41.73067644611103,27.14994281672835,35.80733944292599,84.8908147070502,17.41121570672444,42.857239675300434,NTH-01,20.477682989744377,Power Plant North Alpha,North Sector,North Sector
17.248056756943754,42.93173098803364,323.35231847194405,52.87136451201275,49.875619707475174,9.595503040849534,51.59554278002979,17.303657233163786,43.00084359907305,STH-02,16.86195999380955,Logistics Depot South,West Sector,South Sector
17.247083426127826,42.562863650538624,376.3545709708359,39.000294121224044,26.783439910192183,13.046669621538483,47.27900279846564,17.351819424405175,42.61825626070163,WST-01,7.640256688627442,Substation West,West Sector,West Sector
17.108031969408692,42.86511479191523,599.9744761125658,36.24159487194729,26.4145480026524,29.244774839025595,68.84610350819268,17.34354125816491,42.98768805847692,EST-01,18.921197470471224,Substation East,East Sector,East Sector
17.1417081630794,42.79732775695522,747.8033540897345,46.374875812803715,9.43439773076052,42.51249063968225,101.43351307216732,17.518849646117467,42.86304520116482,NTH-01,11.124424216576237,Power Plant North Alpha,North Sector,North Sector
17.20799116311048,42.46916246068344,578.460518515094,38.02832572986531,7.49872946559684,27.855211561328385,69.29151488870598,17.456353444909052,42.50343295491666,WST-03,12.371264135616357,Radar Station West,West Sector,West Sector
17.229880037536052,42.5760251036752,310.37581464886983,30.99699488293617,36.689804657669264,8.268818241723274,32.19369331858338,17.289505169891218,42.62255837841167,WST-01,8.92230296827586,Substation West,West Sector,West Sector
17.011158188198863,42.54271842186317,410.56199920009306,31.547272301469164,49.64001148072323,14.115358364673101,42.861731459216735,17.093339454712304,42.64391748941887,STH-01,3.905044834766574,Power Plant South Bravo,North Sector,South Sector
17.108562518682735,42.66551655254397,653.2600197721308,50.850315791606235,8.124389211011618,33.53025881962883,96.38715154612674,17.407075627150537,42.71017670199262,WST-03,11.231756857533867,Radar Station West,West Sector,West Sector
17.199851116398452,42.78120054582855,716.5302358127948,59.19437537976219,54.60563676641926,34.58744956071971,115.16150103927875,17.379838285513475,43.04689520435613,EST-01,14.931017823251736,Substation East,East Sector,East Sector
17.040960622990376,42.660051853305106,320.05698762714263,43.64065150878225,21.532788111860185,9.808383660270197,44.29775764821389,17.123010309219673,42.693929045060486,STH-01,7.863360428001768,Power Plant South Bravo,South Sector,South Sector
17.08194271274414,42.54672194545108,325.9990520763002,34.41183376754203,25.515432391249306,9.552504563702659,37.01833596245534,17.159468021803786,42.585450932378535,STH-01,5.7216275396631415,Power Plant South Bravo,South Sector,South Sector
17.2456863304536,42.81752726093696,456.7860692738178,54.54249631588059,53.66720412108774,17.673644457303638,73.12836557081465,17.33981128583053,42.95166580448108,STH-02,19.994912888523178,Logistics Depot South,South Sector,South Sector
17.24551400901626,42.750682656826896,350.10101723193895,37.8430769092116,53.77778701928438,11.311493505645577,43.011259240527224,17.305607844438033,42.83663977985009,STH-02,20.17641465465416,Logistics Depot South,South Sector,South Sector
17.221832043229554,42.71158834444942,625.1677393160188,59.86879384811642,31.491532614694318,27.56402792510238,103.03764700945828,17.433165639441786,42.84731264230879,NTH-01,17.819444184702036,Power Plant North Alpha,South Sector,North Sector
17.189534503448417,42.73265175846759,374.22118917400826,46.8979249748118,16.605896667200454,13.079723052634336,54.42268293021465,17.302254140401892,42.76786174828271,WST-01,23.332075705796917,Substation West,West Sector,West Sector
17.030739150216842,42.53314038777629,688.9316009408535,36.97897645680302,10.316368340290552,36.91975586350814,79.23226273959716,17.357388932565772,42.59543738352295,WST-01,5.703822000843583,Substation West,East Sector,West Sector
17.046255022220155,42.808258636655474,766.3351915845521,44.88014308573032,16.29480284583279,44.31877559749137,101.09341046273505,17.428778851400118,42.925468942398766,NTH-01,22.819284800834414,Power Plant North Alpha,North Sector,North Sector
17.11418485236146,42.63250032132326,882.309998251264,40.06143815488946,46.837643857507494,54.547015110427424,104.32157373247091,17.449409231181548,43.00757660115107,NTH-03,20.364026322713066,Comms Relay North,North Sector,North Sector
17.118233212368605,42.61808069183801,869.0441769826286,53.38415953880843,19.475448132818972,50.13029873349899,126.68984422937909,17.543209243440092,42.7757198315104,NTH-01,4.116038372415662,Power Plant North Alpha,North Sector,North Sector
17.10165084580712,42.48984052496006,464.0190901411669,33.17447657424167,41.673687661980516,18.06950469102519,50.31802864394671,17.222999787910684,42.602958739676296,STH-01,11.595279016239509,Power Plant South Bravo,North Sector,South Sector
17.141001083974892,42.758102400730266,317.6457615739037,55.71008151097645,11.712049336775827,8.971198897512632,52.53697197193283,17.220000436917406,42.775248420861885,STH-02,19.726026057839707,Logistics Depot South,South Sector,South Sector
17.072496906789898,42.761598646327904,497.6473296670608,53.02010682792404,28.710217961333978,20.88967235347636,77.66945470627572,17.237244031683566,42.85608908505151,STH-02,13.163747619502042,Logistics Depot South,South Sector,South Sector
17.17475224719466,42.604180386199914,725.088071227592,55.840914117044626,21.12637296352933,37.25623801789796,112.23787767758834,17.487245882462073,42.730793209122226,NTH-01,11.558338919285381,Power Plant North Alpha,North Sector,North Sector
17.050064977943507,42.91591003411932,335.8807255635236,56.84981238124995,30.21673939921384,9.79241995318655,56.16775640776189,17.126159321962497,42.96228724973071,STH-02,3.982974137657475,Logistics Depot South,North Sector,South Sector
17.049203099083904,42.90727473922926,515.8275946028572,36.89333468829244,34.19671745521059,22.682246723535368,60.81397102247704,17.217887257707492,43.027300945305456,STH-02,10.433695616296031,Logistics Depot South,South Sector,South Sector
16.988167788567548,42.46543258388946,478.8207285281442,45.63017421685862,59.456097878066714,20.44444917465313,67.25266740658093,17.08153870629555,42.63108852768289,STH-01,4.436105300870383,Power Plant South Bravo,South Sector,South Sector
17.006613663008675,42.81702303268595,431.60738149138604,55.49766660499132,53.99370283135213,15.783992671560672,70.15613423210023,17.0900263471006,42.937157335162965,STH-02,7.899505006353167,Logistics Depot South,South Sector,South Sector
17.205156263676407,42.63630085371101,723.6784528381892,41.32163916348335,41.75198865145144,40.639162180102,90.38126836841458,17.47765296502136,42.89145271233099,NTH-01,16.40638514983184,Power Plant North Alpha,North Sector,North Sector
17.08388470157413,42.99982891063774,695.4582030146244,31.812227303868973,9.224608231825123,35.62626966371565,70.45624925356373,17.400128372714907,43.053652489515684,EST-01,15.854451782097845,Substation East,East Sector,East Sector
17.01836033596585,42.53501417781079,621.296456420606,38.7490306961555,55.141713380353096,31.52422612018553,75.05931689651898,17.18025140833781,42.77851298040537,STH-01,18.12575421067026,Power Plant South Bravo,South Sector,South Sector
17.177802330006717,42.568314523248695,846.4647838089585,37.25760934424433,53.55516424247998,50.82021087520836,95.1957884664986,17.448937167653302,42.95370060680045,NTH-02,22.377905095827824,Desalination Plant North,North Sector,North Sector
17.116194337745057,42.66526377673343,361.8833116381635,56.101878560673136,53.20220580445433,11.36836435656727,59.80850849641206,17.177416131761728,42.750953511887246,STH-01,15.30883910110542,Power Plant South Bravo,South Sector,South Sector
16.95634680342699,42.561229089208396,389.8135346868785,43.91539048227445,28.741011861183352,14.149908930274256,53.79727336881996,17.0679125351223,42.625237925839315,STH-01,5.818562829607588,Power Plant South Bravo,South Sector,South Sector
17.044908437201013,42.81519601983191,530.0698075316478,50.5063271233894,10.24240266366341,23.818622324604732,79.56843025189167,17.25569673522617,42.85507965339775,STH-02,14.658862561625211,Logistics Depot South,North Sector,South Sector
17.003100423336402,42.688544867308885,693.5292311177404,58.86357449074757,45.2641928981353,33.103335880737625,111.62432004567866,17.212516822225982,42.909937466145266,STH-02,7.225878205334044,Logistics Depot South,South Sector,South Sector
17.146761858294852,42.53252730090972,650.4475753472473,38.97563557155611,23.31090233942541,34.027741661088456,78.57209900643556,17.427760568305686,42.65945089471825,WST-03,5.510491733613168,Radar Station West,West Sector,West Sector
17.032509312189074,42.703824441691935,344.4256124807592,52.83598672582187,20.674097381534096,10.797869419725371,54.798316081239335,17.123360245240256,42.73969858515363,STH-01,12.725508085198193,Power Plant South Bravo,South Sector,South Sector
16.96948403376298,42.933272659819025,875.0548822478804,30.682923645561644,23.44692075355664,50.30921771038461,83.45712343317685,17.38447942209282,43.121913989967766,EST-01,10.22658345767427,Substation East,East Sector,East Sector
16.9664804967593,42.87543738811003,483.0388898768349,33.12348525934584,33.54423344794874,19.407357878119896,52.1915628676447,17.111922926893296,42.9763487312307,STH-02,6.034718203223763,Logistics Depot South,South Sector,South Sector
17.124518189387615,42.69929735465609,515.3835682698564,34.85595270009834,20.01112984464954,22.22214267828588,57.931338418758955,17.31228820547662,42.7709310628336,WST-03,22.940965225654356,Radar Station West,West Sector,West Sector
16.956517036711226,42.57309556188517,674.1778794260541,39.372550106175254,41.395236659887104,36.12300671704284,81.77142589740544,17.200093631806766,42.79796619579395,STH-02,16.755121964531906,Logistics Depot South,South Sector,South Sector
17.204637633940827,42.507931878821516,867.0993104758408,42.08961645388135,38.863427744619756,53.32193747402852,106.80878361794434,17.577777775678793,42.82355921769067,NTH-01,4.623992786963012,Power Plant North Alpha,North Sector,North Sector
16.99661913577718,42.927029726312135,697.6129434619631,44.31047672196763,30.53175682961402,38.3916074619503,92.36515408527008,17.293928441897386,43.110733125882916,EST-01,5.273880563226129,Substation East,East Sector,East Sector
17.13196990055863,42.82610016429922,872.8639977286225,37.359940388501926,3.238393901129717,53.19022244437748,97.88189734381997,17.609554553768657,42.85445062948838,NTH-01,8.5482084528134,Power Plant North Alpha,North Sector,North Sector
17.083406408403224,42.743297981888475,412.55467129228737,31.98645958830408,56.19256094227034,14.339926644445757,43.58724386321713,17.1551304019969,42.85544335149348,STH-02,10.06090180791975,Logistics Depot South,South Sector,South Sector
17.082855456369572,42.9276607875722,671.285957383761,50.3256927552073,24.70177698722341,35.15725102655986,97.99574167807191,17.370052982387172,43.06610224202723,EST-01,12.649612062241216,Substation East,East Sector,East Sector
16.971539142708014,42.47301417242445,797.3273351257709,30.709840606027935,26.967191657153236,43.65239380482051,77.11242456963234,17.321342777945286,42.659494942120205,WST-01,11.662670748355021,Substation West,West Sector,West Sector
17.190825675063664,42.80949357160124,605.4146809529083,54.28411904576174,27.36195073458994,28.62774782186406,94.21159708094673,17.41943895137379,42.93350979044931,NTH-01,24.16141129823586,Power Plant North Alpha,South Sector,North Sector
17.217915745425977,42.53002738744794,517.3042054976042,57.87464475453604,21.901677494308146,20.88640325927995,85.1956338307664,17.392181113619422,42.60344957620748,WST-03,7.742844485973855,Radar Station West,West Sector,West Sector
16.953305000215266,42.47234646460959,890.8551180191263,51.31106740978903,40.47527463708058,53.05321303616945,125.89146731761458,17.315984891027487,42.79675440987785,STH-02,23.784608659864322,Logistics Depot South,South Sector,South Sector
17.003581252709136,42.67936510600416,384.59240423799633,47.878815518244956,0.8350617494309565,13.704371426619348,56.73147421134899,17.12681435739112,42.68124465012079,STH-01,6.552191600343902,Power Plant South Bravo,South Sector,South Sector
17.221171256638645,42.63243575785861,546.557716517194,49.71055587985899,52.410499758640725,25.233455789021342,80.90132701396745,17.35951055258287,42.82083633915374,WST-03,24.06093861632296,Radar Station West,West Sector,West Sector
17.114848083840016,42.96470416559511,824.0242515363962,49.56666139852783,6.146341516173617,48.21802968027202,115.38756370636798,17.54598411645528,43.01339768058995,NTH-02,10.477500425738363,Desalination Plant North,North Sector,North Sector
16.995011873474464,42.59438772805109,840.2884479035525,57.951154081995014,59.982820506289045,44.73118652011885,129.8154269452286,17.195929466326053,42.95900743910386,STH-02,4.108178209404999,Logistics Depot South,South Sector,South Sector
17.010837135782747,42.8889413554312,888.2292609358644,58.92917613581902,37.68495775060326,47.482352134744616,137.09877768536526,17.34858930324802,43.162425836990906,EST-01,5.409024375415645,Substation East,East Sector,East Sector
17.147995873271135,42.849296200281,830.9085553586289,42.801349257246656,3.974788446281039,50.12027051470282,104.42371704750616,17.59765082241048,42.882074085372324,NTH-01,10.996089646134475,Power Plant North Alpha,North Sector,North Sector
17.16744504667406,42.80075432203512,330.5742152324475,48.512375284452546,33.74622356561046,10.327890648361718,49.55672658768018,17.244668839589423,42.854779607594764,STH-02,13.818056286149234,Logistics Depot South,South Sector,South Sector
17.12982804257398,42.952240283776035,857.859899776493,54.08421161202517,19.878467547936882,48.80762757703747,126.43571613748146,17.542550833617042,43.108768654542246,NTH-03,7.6803376890231565,Comms Relay North,North Sector,North Sector
17.235944513973756,42.64475475662881,556.9003148440711,30.031144715164125,57.18259338757402,23.8230799501938,54.73902906945518,17.351969917841366,42.83339202205832,STH-02,24.677626852864428,Logistics Depot South,South Sector,South Sector
17.098219081098534,42.633802711589716,690.9715124739491,45.81047750483147,45.328260286913086,37.69662632366123,93.90991807596833,17.336403522986284,42.88636366933929,STH-02,20.74667363613138,Logistics Depot South,South Sector,South Sector
17.04008157364276,42.49656845414891,536.5655215002714,49.58629019453093,30.420880118906183,24.47705074936003,79.41261135535314,17.229870218456583,42.61326610207925,STH-01,12.237955099018425,Power Plant South Bravo,South Sector,South Sector
17.09316987299274,42.56545724529704,788.2008459681292,51.51616349212745,25.78664397044847,44.450634008202904,114.1972876111002,17.453034227291443,42.74774959792842,WST-03,13.573026387548085,Radar Station West,West Sector,West Sector
17.057899888099982,42.92786587363652,645.5515657936596,41.06368228188843,59.752131947372185,33.86228239463081,81.35618308722785,17.211118590253903,43.20326776137108,EST-01,10.89897523849097,Substation East,East Sector,East Sector
17.017324767802407,42.68462927974682,807.3267855324026,38.86933261834777,40.04304509764565,47.7129773388488,94.60518815591402,17.34561622022621,42.97384243019644,EST-01,20.40151408886952,Substation East,East Sector,East Sector
16.963788974802043,42.60481199331443,416.2628829124603,35.46427699703725,30.835784543474453,15.24427053659553,48.06647206345946,17.081490886217257,42.6783267967304,STH-01,7.534075772007352,Power Plant South Bravo,South Sector,South Sector
17.055663748069538,42.5296672330493,410.98985685294133,46.73446647158053,23.87664704521772,15.52673080848008,59.33635367425682,17.183340114812765,42.588827788295475,STH-01,7.782996451001467,Power Plant South Bravo,South Sector,South Sector
17.163422804312923,42.69097615014617,564.2260809508722,57.57910296756364,19.47497144643371,24.302095901717035,91.86948247735421,17.369458055232602,42.76732212342597,WST-03,18.59239881216416,Radar Station West,West Sector,West Sector
16.955531340862557,42.829999222278715,302.8509269774883,56.87934452172145,42.32516542809776,8.06249272016399,50.85369891585679,17.009132456637005,42.88105456989251,STH-02,18.306445697894116,Logistics Depot South,South Sector,South Sector
17.08175355396178,42.57201521527424,715.7117729377549,40.79897781473077,35.273130894361636,39.900860829653396,88.63173196932121,17.374594803250712,42.78914024218261,WST-03,20.303140891353266,Radar Station West,West Sector,West Sector
17.14320282043496,42.85462991248759,477.63223668480657,37.73565419814608,50.89109011823595,19.93405237647275,57.67364004728537,17.256234100214975,43.00029142484959,STH-02,11.959992309033305,Logistics Depot South,South Sector,South Sector
17.13312123275229,42.77787266483495,634.37960772867,53.66381468012331,33.213643398202464,31.10688633130537,97.43922142974291,17.367106509210647,42.93842855944274,STH-02,23.061980721492482,Logistics Depot South,South Sector,South Sector
17.182994530766614,42.872537537523826,342.0021362765081,51.74940054732565,34.93988340790863,10.766571020562136,53.646144051601226,17.262359631906534,42.93060704806817,STH-02,11.566775535394008,Logistics Depot South,South Sector,South Sector
17.19315591469794,42.55054577732495,402.38661562961636,45.16019493412477,28.641389690590827,14.988359186561304,56.66117158600086,17.31144424889551,42.61822130232156,WST-01,7.530075479538453,Substation West,West Sector,West Sector
17.163511746275816,42.77861688683983,673.7155020131597,41.67090778616573,45.757256777463994,36.31988940207483,85.46594119191957,17.391254524516807,43.02382175572711,EST-01,17.659927085220964,Substation East,East Sector,East Sector
16.980839308843425,42.4922411676933,483.39757626662583,33.71393711235525,24.899530565911093,19.57993899831536,53.02915180674983,17.140543308130674,42.56982431478764,STH-01,5.800513177858118,Power Plant South Bravo,South Sector,South Sector
17.092506733201308,42.61827818929878,428.83316555138026,53.5541576727671,51.11637628379489,15.983741915024122,68.09781052390679,17.182707662766266,42.73539997270086,STH-01,14.105255926019435,Power Plant South Bravo,North Sector,South Sector
17.131021787246283,42.83461605690568,437.30790048466076,48.52393330745092,19.622685669287996,17.237168445448738,64.69226484389985,17.27702913593783,42.88913451277017,STH-02,14.530353058320706,Logistics Depot South,South Sector,South Sector
17.023669811642836,42.77900103134796,428.89161883529727,41.3064503921405,41.557502782857924,16.752066493120044,56.1107836279489,17.13637653994092,42.88358385263609,STH-02,7.529887218455684,Logistics Depot South,South Sector,South Sector
16.962765545294033,42.51271643520251,673.710569658329,57.56363928200399,53.578253945979135,32.37923267725147,107.40611149576353,17.13550717663234,42.757914185344475,STH-01,14.756353944031309,Power Plant South Bravo,South Sector,South Sector
17.017077096262813,42.915005603255516,400.61472868167425,49.79018119235586,46.14443182176726,14.613766518894959,60.68847554974815,17.108109634599952,43.0141618614939,STH-03,7.663826918429969,Comms Relay South,South Sector,South Sector
17.086468320519792,42.432010589407106,517.6238155079342,57.87716600531239,20.556488550957077,20.90754977478054,85.24593369127537,17.26251015934397,42.50114634160366,WST-02,5.980377644743128,Fuel Storage West,West Sector,West Sector
17.07417909571638,42.757129413109986,712.7321193560713,44.232373810189316,42.38034017704637,39.70418611996088,93.97395001426219,17.33778407863147,43.009265778452914,EST-01,16.543399808067015,Substation East,East Sector,East Sector
17.003000094398146,42.99029230013896,608.2026344085904,43.6385347219179,12.419088876598419,30.80081118982248,80.87902889583042,17.27350696571012,43.05267712644127,EST-01,11.769365465637204,Substation East,East Sector,East Sector
17.19732466280505,42.718902839105645,658.3685224652903,58.11717870942239,3.4899047671085626,30.933135126154824,105.90198051309963,17.47499597773872,42.73665616885512,WST-03,12.485289199459798,Radar Station West,West Sector,West Sector
17.227706000621016,42.88040309197565,450.5441876782491,58.79374284730599,47.482904378691046,16.16142323335406,75.74032916064515,17.325899127844,42.99262368640075,EST-01,18.00007402044268,Substation East,East Sector,East Sector
17.010404495715814,42.757108583913464,859.6289238991234,58.82301956636658,48.48054691389993,45.464896040442056,133.40998365482082,17.281185405703038,43.077717710516595,EST-01,8.982937388570274,Substation East,East Sector,East Sector
17.228871874670165,42.869852988953795,548.3275489898014,54.56692181722329,1.37585633493585,24.20978478884308,86.50479327578851,17.446532554469417,42.87533280464129,NTH-01,17.956847359990117,Power Plant North Alpha,North Sector,North Sector
16.955358287752553,42.79335648121317,472.17836196740075,43.87218434473016,56.86770083219842,19.97813217073375,64.40968153324383,17.053499473222846,42.9507314064349,STH-02,11.842589721248375,Logistics Depot South,South Sector,South Sector
17.227488741812085,42.81467920872252,842.5957104350833,36.308978828071766,26.75398961431015,50.19604522741442,92.88662633683366,17.630473219284617,43.027905865080925,NTH-02,1.3505767791607617,Desalination Plant North,North Sector,North Sector
17.235578637024272,42.53668669065183,693.1737691586322,41.50322643833485,54.316328846123355,37.99281824299897,87.35318819891607,17.434672726061383,42.82757718046116,NTH-01,16.928973237035418,Power Plant North Alpha,North Sector,North Sector
16.953615558904776,42.845092548143754,668.3675178830703,58.14892474553366,47.29047153869441,31.658138958296547,107.33143117355891,17.146610917200746,43.06402709080476,STH-03,7.5988280199962785,Comms Relay South,South Sector,South Sector
17.178905789033024,42.542745931998596,832.0407912997008,40.906628852409,54.03921166852274,50.16964110896673,100.98652214188726,17.443494156272713,42.92554712438846,NTH-01,21.64730551270762,Power Plant North Alpha,North Sector,North Sector
17.241060471770954,42.988384165085556,335.12417176283066,52.70152280470612,50.00253798702412,10.275638441815522,53.28303386365723,17.30044433101535,43.0625322182799,EST-01,10.347743513235702,Substation East,East Sector,East Sector
17.221770665645334,42.53667231457672,802.6077072045482,57.690130532733235,58.439722175209454,42.07405770233526,124.69305670554635,17.419530740500964,42.87458329839342,NTH-01,20.46939991061156,Power Plant North Alpha,North Sector,North Sector
17.241213048358865,42.542010402158596,706.7186185830606,59.111764886442884,37.74606007654721,33.91912027922863,113.72276283936766,17.482324079973573,42.737788042009015,NTH-01,11.74714636520962,Power Plant North Alpha,West Sector,North Sector
17.11509705170929,42.91520387229032,515.9956768680777,58.430224406260685,13.635530823150127,20.595674506469425,85.50078341337236,17.29509254324756,42.96093645340579,STH-02,15.066465581908911,Logistics Depot South,South Sector,South Sector
16.973446841965615,42.54579151717769,453.81080551431336,46.651727931668276,23.37378784397925,18.550997327944888,65.0493461222668,17.12657708837302,42.615049875712316,STH-01,0.9008698122204731,Power Plant South Bravo,South Sector,South Sector
17.20493675934151,42.61654167609477,362.88353992893457,44.75640223952611,45.11275491714487,12.403238199549653,50.98888129846952,17.28363859558093,42.69930810002802,WST-01,16.66790767168246,Substation West,West Sector,West Sector
17.134148476742702,42.828784096707416,864.644502148014,59.62921526303958,9.418156728183693,45.12895302516651,135.1090463072752,17.53451959306137,42.898433112379735,NTH-01,13.535914424596202,Power Plant North Alpha,North Sector,North Sector
17.134421023256486,42.495249148116855,385.1472619977217,36.54537613740921,55.79054017074118,13.357168522232469,45.77874189904375,17.201930387388398,42.59924174508717,STH-01,9.373408495649333,Power Plant South Bravo,South Sector,South Sector
17.075176082957604,42.4954430528965,455.66312143853054,35.62590785054288,12.316734817735888,17.993098433824354,52.57564976417701,17.233264015908635,42.53158328578547,WST-02,8.696558526904871,Fuel Storage West,West Sector,West Sector
17.121552592956334,42.69181505395997,714.6643077416819,58.89546893237505,52.55848429077662,34.64516043057054,114.56078625018927,17.310807308180454,42.95093076210901,STH-02,16.769322072879962,Logistics Depot South,South Sector,South Sector
16.996073933725835,42.546218052539636,726.0914627315956,50.67584465472508,29.02343669031527,39.59953051031626,105.3635059408891,17.307398428209584,42.72719232514032,WST-01,18.976808888048826,Substation West,West Sector,West Sector
17.171931007969846,42.541394773341416,396.46122276155637,46.08912029394473,50.437208902280446,14.567626757447586,56.74572190209761,17.255346554979674,42.64715357505668,WST-01,13.24012934695399,Substation West,South Sector,West Sector
16.97250519220546,42.405543352851105,788.4786964593766,33.96149378523917,57.49774184866674,44.552748782060974,83.10818792658264,17.18749366207242,42.75925321049988,STH-01,16.590078399503096,Power Plant South Bravo,South Sector,South Sector
17.168934230113138,42.622269754718765,606.1723615058174,45.397207470489874,25.328847124543486,30.567804581724577,83.0959317601126,17.41737207788966,42.745527675201515,WST-03,14.134974165015326,Radar Station West,West Sector,West Sector
17.204693526787455,42.590950332771044,809.0740068690654,58.326634605646646,41.79627245507422,42.093158629378735,126.35300377513698,17.48673845003518,42.855472974925874,NTH-01,13.09881365181709,Power Plant North Alpha,North Sector,North Sector
17.091740603269347,42.418693486496004,352.37123390852673,48.08673970046015,13.603056204561106,11.65412989804035,52.350309057160075,17.19360690702372,42.44449678799117,WST-02,5.191692398665243,Fuel Storage West,West Sector,West Sector
17.102949109817114,42.772739906928194,325.6979994562138,42.13885867318604,48.04714300071231,10.106957577802731,43.8143197763281,17.16370113247277,42.843487997551165,STH-02,11.323755318479956,Logistics Depot South,South Sector,South Sector
17.043664281876623,42.77599310920201,682.1942288966098,46.53309004395385,49.19553895698645,36.85729555288879,93.94998441517876,17.260100684910913,43.03872463275127,EST-01,13.619443545430938,Substation East,East Sector,East Sector
17.240837575117677,42.44248028306419,390.0142782658901,56.584352610533536,17.714742241967762,12.945331865612525,64.57548691905072,17.35173391165661,42.47959326895693,WST-01,7.854100372381012,Substation West,West Sector,West Sector
17.169937342367863,42.590224937745674,614.9694274399799,57.38545983405983,1.4484457482413915,28.084523172515507,98.98614586968311,17.422426365132164,42.59691621397474,WST-03,4.842758165085687,Radar Station West,West Sector,West Sector
17.060696565990103,42.92368331919724,308.4652555707052,42.00264496958686,25.872315106789475,9.118685496244929,41.459006935158556,17.13447974107909,42.961130157959246,STH-02,3.0742893635309403,Logistics Depot South,South Sector,South Sector
17.002442215869902,42.749300240946745,767.9575563289202,48.24183007302966,10.20003205471272,43.85510893493952,106.74516079105003,17.390593742729557,42.82248719879078,NTH-01,21.537693700248596,Power Plant North Alpha,West Sector,North Sector
17.015873877660628,42.64718483440719,839.7181021071009,38.37607838048493,49.11306481613238,50.49018987211375,96.80973412820464,17.31277583804502,43.006750904523415,EST-01,16.330985091928824,Substation East,East Sector,East Sector
17.089176685833014,42.67906115707846,803.3296571785728,43.532558884754295,15.665836681029372,47.663767918546476,102.82423337237229,17.50186725894625,42.80042525420083,NTH-01,8.953808001016435,Power Plant North Alpha,North Sector,North Sector
17.232770520094302,42.52496799666148,875.011687890251,36.59647910349429,56.62156755279163,53.15928782280359,96.47824749716398,17.49535571398064,42.9435464763892,NTH-02,18.010376428003543,Desalination Plant North,North Sector,North Sector
17.170243903728274,42.887128900424756,841.8574527952738,45.94416785596725,58.308537664613354,50.747847917322886,111.26462975010867,17.4095948161855,43.29410533387227,EST-02,1.315219918052942,Water Treatment East,South Sector,East Sector
17.014573124453744,42.948402823270584,566.4108109742192,47.34720404893986,54.53015544422769,27.14259566274069,80.66087344554272,17.156111557711007,43.15645949601219,STH-03,11.732286909335041,Comms Relay South,South Sector,South Sector
17.20786834002567,42.946398425350026,539.008925066188,40.135102083923194,35.97686866237046,24.96260878412463,67.85849794156896,17.389493703236006,43.08459530929713,EST-01,12.770333996393019,Substation East,West Sector,East Sector
17.063460156902902,42.53436063501538,837.7102007829258,38.16354901915945,16.045680239154954,50.26613802050601,96.19144328601813,17.497860239196324,42.665370797152946,WST-03,6.39367091538455,Radar Station West,West Sector,West Sector
17.205516654825754,42.58644416066587,856.1632772143362,34.530768198943555,48.43550488998215,50.73174944579342,90.38123178637278,17.50789830125043,42.94438810697841,NTH-02,16.733587160504225,Desalination Plant North,North Sector,North Sector
17.022509879394338,42.49637366488572,883.7015689908222,34.186309986184796,42.09572287248086,53.00613960968277,92.05603152284901,17.375954718071302,42.831214633984814,NTH-01,23.329992899134734,Power Plant North Alpha,North Sector,North Sector
17.135598183580896,42.58432068017939,760.9903409056697,51.34383347142353,58.63010082301574,42.26165460294059,110.63209985558662,17.333161939433094,42.92426879550328,STH-02,19.447683007659357,Logistics Depot South,South Sector,South Sector
17.228001146424383,42.59968322327356,421.1932979648282,36.6491401071811,22.635120438974305,15.756366520752035,49.98062939026766,17.358778753680266,42.656820382296814,WST-01,11.780763286886991,Substation West,West Sector,West Sector
17.027368202744338,42.77986344223878,866.9724816664335,33.53931063319681,3.526079950063208,51.231893985066954,89.1822963851465,17.48723266639892,42.80957295460564,NTH-01,10.781314584548713,Power Plant North Alpha,North Sector,North Sector
17.157877977175755,42.513787828928876,868.2848800897317,59.966150692928665,59.903179730336774,45.087309384366066,136.00808647060705,17.36087753502894,42.88134390739083,STH-02,23.496245674544966,Logistics Depot South,South Sector,South Sector
17.246193785987142,42.951638154620646,699.6788183477829,37.79749505667171,50.29581836633253,38.03900897907381,81.76242814757624,17.464542062992965,43.22754608383377,NTH-03,8.854520788296485,Comms Relay North,North Sector,North Sector
16.9951794861729,42.461859682051184,814.3681598096908,56.88144946284396,13.289381297912946,43.546599752607165,125.10774479868793,17.376294017366213,42.556185931233244,WST-01,5.1893657412991345,Substation West,South Sector,West Sector
16.9765206872102,42.404126806620596,636.7058526983714,48.275578612557524,43.537671953979235,32.756493453098294,90.83160670011507,17.189962044293864,42.61653454679754,STH-01,7.788143579943872,Power Plant South Bravo,South Sector,South Sector
17.152258557733443,42.91296707717832,866.4761672470336,51.452105004204455,0.041410503886691874,50.96875018145772,123.33461231613194,17.610630787232978,42.91331465128235,NTH-02,11.768204763658728,Desalination Plant North,North Sector,North Sector
17.051920784324707,42.82226188465963,356.3618379552547,46.82756734498906,33.468543473014826,11.953416456733375,51.876880441368534,17.141586233894127,42.884301428940944,STH-02,7.27459691209759,Logistics Depot South,South Sector,South Sector
16.971373343209976,42.6132159222136,818.3782178908624,35.424335851799064,21.770294460097706,47.753256733763976,88.82744555879137,17.370130411027024,42.7801043521888,WST-03,19.708152075336102,Radar Station West,West Sector,West Sector
17.092591685365083,42.75729982354607,333.3021774222836,55.411547143578076,22.879982474257613,9.855473598664341,54.83244561786007,17.17424730062184,42.7933684874597,STH-02,16.715945181862523,Logistics Depot South,South Sector,South Sector
17.176131203893185,42.534126460503536,503.4642313308123,54.839182994603526,14.671188370324549,20.862363517747195,80.29514689807786,17.357627280594304,42.58391223566946,WST-01,4.732139548379305,Substation West,West Sector,West Sector
17.035536720124558,42.501033789187225,381.19538556915717,40.49056396050803,16.490712938000645,13.46633262410857,49.35618384141963,17.15165744099711,42.53701074021376,STH-01,9.494992559644382,Power Plant South Bravo,South Sector,South Sector
17.05051406325154,42.68268948108323,587.4810554777473,52.91552089234392,27.280119831369067,27.68336872693329,90.1717505002896,17.271750708698217,42.80218730467084,STH-02,20.022177526020833,Logistics Depot South,South Sector,South Sector
17.203709820194092,42.61191269783257,439.34769479548197,46.29120775033283,14.888702128666534,17.52798832652376,62.736075629391685,17.35604589750489,42.65434723351382,WST-01,11.447807361279244,Substation West,West Sector,West Sector
17.106021573678447,42.76913803032117,871.2434276003983,57.27147421680194,27.986396812166273,47.61037741391467,132.71097976940808,17.48401137891381,42.979792464998695,NTH-02,17.861234274731835,Desalination Plant North,North Sector,North Sector
17.20281959064194,42.53088951073662,635.5928001920457,54.084731139119036,34.64086323422733,31.046166036953505,98.10898896672083,17.432461397901122,42.69723774955537,WST-03,8.746899039445236,Radar Station West,West Sector,West Sector
17.083916847643113,42.79775662033637,838.6384417822348,31.229873094060924,42.666685371150606,47.51010388865416,81.69703368536918,17.397864178305813,43.101211215160674,EST-01,12.543972345868204,Substation East,East Sector,East Sector
17.23589254846803,42.86011691218169,466.8350814306906,56.37827916573775,40.62873904096908,17.908053472557437,76.25120602995484,17.358091330383626,42.96998958290146,EST-01,21.17833293387628,Substation East,East Sector,East Sector
17.14523837691532,42.49998168581708,315.58653596793647,59.056992539354695,14.5193563862714,8.39418767957705,54.17817437185821,17.218317105391286,42.51979570661763,WST-02,7.794935478669235,Fuel Storage West,West Sector,West Sector
16.984769659595774,42.42631497005075,765.393002210353,52.264686078753115,2.351375425686786,42.24529900843928,112.51507936551626,17.364369692753314,42.442646420463234,WST-01,12.018080370005597,Substation West,West Sector,West Sector
17.21552789646804,42.6637524251808,721.4265959831831,33.59740592541204,49.96091196558784,38.60520999454553,76.22351568431426,17.43868311467394,42.94236378091409,NTH-01,23.31021792422538,Power Plant North Alpha,North Sector,North Sector
17.09677955724924,42.864414451595465,627.2949874045162,54.2212766951136,52.33877057787559,30.346650038512585,97.14244332044859,17.26340165413275,43.0906547443891,EST-01,8.412572603542245,Substation East,East Sector,East Sector
16.99249169039187,42.790467901344485,789.2056378375275,49.42467127870758,58.73337118399629,45.31877572399005,111.10235779726958,17.203699234743386,43.15515083789751,EST-01,10.720545727040834,Substation East,North Sector,East Sector
16.995807040152425,42.821129032248756,804.0506235888795,40.16478952565941,57.58269343417126,47.61666472878631,96.74014400696153,17.225020890770896,43.19959706505131,EST-01,9.337554437504757,Substation East,East Sector,East Sector
17.15626018053296,42.64170360399602,652.7419848109043,56.52091653578,38.02884160157904,31.3259320944327,103.31523714096554,17.378090029896082,42.8235602934609,NTH-01,22.92182172134934,Power Plant North Alpha,North Sector,North Sector
16.964211752018848,42.54096732715184,879.5566751123622,46.967000653595186,53.656302236494696,53.77712386440169,117.17108500956117,17.25041665822665,42.94886567269657,STH-02,10.054609510148362,Logistics Depot South,South Sector,South Sector
17.035978129474145,42.71906730597077,731.8271685703963,55.58783793058207,26.88050515928332,37.92064624161479,112.79661037546163,17.340094576882976,42.88059719271189,STH-02,21.338805025779703,Logistics Depot South,South Sector,South Sector
16.991936277140958,42.52261941624952,706.1252256975772,50.103412457527284,47.240138383502575,38.113556001665415,102.06710843342607,17.22447751076036,42.78609362256134,STH-02,18.82960282905247,Logistics Depot South,South Sector,South Sector
17.082323228885183,42.83573721819104,516.8530755351873,38.655483111147845,57.320072535403064,23.042763488481356,63.31961998750477,17.194133383536872,43.01832108413191,STH-02,8.190593757636131,Logistics Depot South,South Sector,South Sector
17.07430613159831,42.51817987357568,301.3551471600046,59.2505608758311,47.77671343245984,7.668392525753088,51.92181063499009,17.120644039043544,42.571617430266315,STH-01,5.142011697639063,Power Plant South Bravo,South Sector,South Sector
17.106562930406657,42.574757960028606,444.5656043365068,47.130166438186755,24.94592195710802,17.856673834898093,64.29698034732063,17.25215735059229,42.64567903409352,WST-01,13.34582602987825,Substation West,West Sector,West Sector
17.033890898730757,42.703926866993804,758.3523040887779,45.50265725479377,22.665554824005902,43.55239604681522,101.22686220701156,17.395255885784046,42.86209227663721,NTH-01,22.31144650143676,Power Plant North Alpha,North Sector,North Sector
16.95961307681345,42.6920259604861,725.9227526623044,42.10528884759765,17.49256525123935,40.87563847614579,91.95283083023328,17.310183802564605,42.80776204713561,STH-02,22.518216831821046,Logistics Depot South,South Sector,South Sector
17.134315831960556,42.760509625844215,498.6132868980565,34.09032609233062,22.02381145882965,20.783673775428667,55.11608039473361,17.30757505856126,42.833924029303375,STH-02,20.524259136047082,Logistics Depot South,South Sector,South Sector
17.062115400864705,42.66246676029995,675.3497847230633,50.58638640108485,49.23459970753218,35.4191158966816,98.86694862051048,17.269948003649056,42.915108517913495,STH-02,12.775024632850133,Logistics Depot South,South Sector,South Sector
17.145400499622014,42.95168398510606,417.1724876838823,42.92397594017442,42.090019273114606,15.995236909923324,56.35698920752111,17.252124257225194,43.05264761121225,EST-01,12.580394334256287,Substation East,East Sector,East Sector
16.98260009124128,42.90396045651831,458.17663156142646,58.03837531066927,14.992750772503467,16.872623653826967,76.32256213241752,17.129169499016907,42.94503681304718,STH-02,3.468524531612041,Logistics Depot South,South Sector,South Sector
16.954133206588214,42.92746807074198,868.4448563414979,58.952915058566944,42.69210771496501,46.00450567352803,134.683938211482,17.25801559152278,43.22122388689456,EST-01,8.003234069888695,Substation East,East Sector,East Sector
17.024488274365588,42.777709942842066,547.9083437613567,53.029225660498525,22.763727962399525,24.61618884000474,84.81018105376529,17.228603427677857,42.86739211462418,STH-02,11.627282583978973,Logistics Depot South,South Sector,South Sector
17.086964196898215,42.781004749516484,446.9925565793127,37.27484291107606,33.46635042219872,17.642149357626394,53.634215148977965,17.219298862297045,42.872602502234486,STH-02,10.539229374087464,Logistics Depot South,South Sector,South Sector
17.06822159225054,42.76551921022957,592.2649481033949,51.47939042411899,22.22215636616077,28.453208478019384,89.13539514677875,17.305075803869784,42.86688280447106,STH-02,18.388968667551467,Logistics Depot South,South Sector,South Sector
17.19309076658204,42.660930492652874,532.2095278724197,30.612652528951664,31.297761173150406,22.21508421580847,53.365987446433344,17.3637734830109,42.76967107770963,WST-03,19.14850853084802,Radar Station West,West Sector,West Sector
17.063351293257845,42.593263600640356,737.7174224094633,54.79201508425178,43.788233705552685,38.80508160244746,112.52053728342317,17.31512505028416,42.846220085201935,STH-02,20.469641199681202,Logistics Depot South,South Sector,South Sector
17.109132353880923,42.755201732469324,877.2696638945287,44.80855701271587,43.86783903722994,54.02374282167543,112.99907569533812,17.45909154478572,43.10814996410886,NTH-03,10.964934647891901,Comms Relay North,North Sector,North Sector
17.128054677732656,42.41531910228307,655.0424546746151,58.102189496555596,45.19095475806569,30.69462887103541,105.42003621857152,17.322491338311945,42.620464708215536,WST-01,7.526251435141633,Substation West,West Sector,West Sector
16.956549417493743,42.40447385885428,654.688312162149,41.33280123977895,23.46232772941176,34.6634356132139,82.80140585161008,17.242469840586715,42.53442989932091,WST-02,8.970538827059062,Fuel Storage West,South Sector,West Sector
17.104540013053857,42.91098509577805,518.9003152340898,37.89520813451533,41.429726574801236,23.08992533242342,62.523136073732694,17.26018021735319,43.05486818336999,EST-01,12.00859648627124,Substation East,East Sector,East Sector
17.05344937781965,42.427854426866574,638.7785591851772,59.85169016268118,14.322697886824958,28.541462626196257,104.98325512285308,17.30213955235607,42.494361738951625,WST-01,6.669458641156135,Substation West,West Sector,West Sector
17.076384038304976,42.71487709020005,491.5973198322829,45.920336145362256,28.645705225191932,21.396031725626333,69.24824984133437,17.245228096628594,42.81146310171516,STH-02,17.503090687888072,Logistics Depot South,South Sector,South Sector
16.980086219548575,42.768992657769786,300.65524458740515,55.89547627231315,34.986415008196595,8.06902236593475,49.929172966691134,17.039534349930157,42.81251125530093,STH-02,19.822936511883658,Logistics Depot South,South Sector,South Sector
17.184846169694595,42.51890273777346,819.6577037270911,57.33171492063026,41.18893123632153,43.63189863003507,126.3837849796207,17.479955093067286,42.78981848024864,NTH-01,11.173108229631625,Power Plant North Alpha,North Sector,North Sector
17.232721275242557,42.93743850295909,557.6664513130231,45.5540613834427,54.71975950525503,26.59012569845081,77.27504122134494,17.370733801010747,43.14197774623403,EST-01,8.094540124385768,Substation East,East Sector,East Sector
16.95668064618888,42.51405746304902,595.2530910323981,43.671417765575626,18.286118192387455,29.722984674683797,79.3765883994725,17.21046817979952,42.601858772019,STH-01,10.242588260687299,Power Plant South Bravo,South Sector,South Sector
17.130411828843403,42.93070899242,350.1005492555569,46.586578643170505,50.71715487869758,11.574281366300081,50.803450354898196,17.196298753197514,43.015047798083174,STH-02,8.002751853438825,Logistics Depot South,North Sector,South Sector
17.179153220186507,42.85779416159982,802.2663080432352,55.43218508644242,18.667455120559843,43.555689395912516,121.59622298604482,17.550208881458936,42.98928897574342,NTH-02,10.501565466656071,Desalination Plant North,North Sector,North Sector
17.035442276594967,42.544445772114514,402.20224222655423,58.939806948023985,33.114565142119616,13.157106341658478,68.20177490052286,17.134537325723294,42.61209057263318,STH-01,1.8219282385250166,Power Plant South Bravo,South Sector,South Sector
17.186266675458963,42.49044649976565,546.3726952705896,39.84966328109149,49.68599084548796,25.52012580773687,68.31561315568545,17.334669738063457,42.673774927132285,WST-01,13.148473357539181,Substation West,West Sector,West Sector
17.13970651522989,42.589739626111744,804.1593282383287,52.1589114635954,43.38897631618143,45.4841042117524,117.08948943277052,17.436750329084187,42.88426695682938,NTH-01,19.390105731787177,Power Plant North Alpha,North Sector,North Sector
17.228748789681323,42.63877033976216,574.6697641281116,38.56123431869878,51.772180132639775,27.63446607021567,69.66446540976932,17.382428401030396,42.84334084953548,NTH-01,22.973173396474618,Power Plant North Alpha,North Sector,North Sector
17.244301443406133,42.54747080589935,858.6914012798782,48.32859123994516,48.892871550982406,51.58759525043285,117.26050925464548,17.54899268047141,42.914101095463366,NTH-01,14.628313172683862,Power Plant North Alpha,North Sector,North Sector
16.962703834199612,42.999334929252655,425.5885820524138,54.143687646548116,16.580835716072222,15.661312869512122,68.11492687878216,17.09768827441943,43.04138608507128,STH-03,4.55106967511697,Comms Relay South,South Sector,South Sector
17.0834813283081,42.537791401743746,729.1396979728628,56.594589739838796,59.57620030270866,37.14927627426214,113.72519840525695,17.25243883929238,42.83945140149808,STH-02,15.605600754843369,Logistics Depot South,South Sector,South Sector
17.114096336273466,42.898380896189714,886.7991141370364,43.4614855283774,56.21990593242436,55.008620980896815,111.45022109223,17.38869766864528,43.32925774003411,EST-02,4.663920769403048,Water Treatment East,South Sector,East Sector
16.994022969962295,42.49547064825428,629.7681823321866,41.09267047697675,25.810477274297384,32.52375605109802,79.62525394747618,17.257292878276875,42.62882356456123,WST-01,11.635931306950738,Substation West,West Sector,West Sector
17.05088574912821,42.98814677516557,715.3103391863957,37.603548360326634,2.832568541332574,39.352827711176985,83.01590964119531,17.40436051489157,43.006475028622845,EST-01,20.00414308796158,Substation East,East Sector,East Sector
17.24629423432694,42.53531407496985,535.935995760605,34.00251511254562,18.209800391347805,23.572280740654964,58.82243528607042,17.447655838951167,42.60475526633877,WST-03,2.1210962365189334,Radar Station West,West Sector,West Sector
16.95486913690274,42.65301313287016,750.8024038352813,40.94752705931022,50.169151835785605,42.990945933666694,92.63779478850698,17.202276342450954,42.96382118426175,STH-02,4.924882584717672,Logistics Depot South,South Sector,South Sector
17.085752379457315,42.735138440060744,845.3244339142375,56.15933414243542,57.05222516993002,46.448043111904056,127.95853726662877,17.312606382197888,43.10230607208541,EST-01,6.283209817589022,Substation East,East Sector,East Sector
17.20279638651546,42.472171429093656,721.8333402303175,42.56428548631915,49.90031725559297,40.529538135940136,92.27161471645267,17.43736049813025,42.76440826207022,WST-03,15.524088965474181,Radar Station West,West Sector,West Sector
17.047170378815785,42.89009204048746,861.5572268285875,39.51879497433666,23.804594196275765,52.63412762401729,101.2118861049467,17.48015199124409,43.09039258461905,NTH-03,11.000923145437735,Comms Relay North,North Sector,North Sector
17.093939550826544,42.564811319608495,653.1915911953859,52.173967337592444,3.392189981179874,33.12116931936806,98.09469057909195,17.391282242361022,42.583280322912174,WST-01,7.675264894772333,Substation West,West Sector,West Sector
17.243413723736396,42.729561940961,646.2824642705777,36.467534148778164,31.054970640572442,33.1551657296509,74.00257437202976,17.498784355574468,42.89083947563631,NTH-01,14.82094204419224,Power Plant North Alpha,North Sector,North Sector
17.092463050942712,42.729780286415945,482.77643286549323,37.688604074630476,22.582950531789443,20.309621770158838,58.19493977758401,17.261093695116454,42.80322893861717,STH-02,19.21962849593556,Logistics Depot South,South Sector,South Sector
16.989276393643948,42.76158439139547,725.7764946982716,58.07725945014907,7.378343230685087,35.99731112005636,115.09866569321858,17.310322331433696,42.80513028750943,STH-02,22.717986794650542,Logistics Depot South,South Sector,South Sector
16.965516447499915,42.43329159191459,829.1715130536932,32.4476907785165,6.351200783346329,47.37590834720228,83.54651064972742,17.38895671183174,42.482680278747694,WST-01,9.696564612964517,Substation West,West Sector,West Sector
17.233624971731984,42.50117125709894,687.7897356773587,42.438935407302694,9.182213019365747,37.56756920182641,88.27296241477275,17.567140544036757,42.55772098078694,WST-03,13.621519241851264,Radar Station West,West Sector,West Sector
17.02974282398252,42.49671534575402,439.8235323591498,47.302535771844134,12.349420403078382,17.50753974964598,63.827022523859405,17.183545515113376,42.53196270426167,WST-02,10.732934406272877,Fuel Storage West,West Sector,West Sector
17.101219171969365,42.58123075564951,626.465468833012,36.907821468438165,45.22718456192832,31.596880537862813,72.67607538870634,17.301240568281372,42.792514658340906,STH-02,22.943478124139755,Logistics Depot South,South Sector,South Sector
16.97721052982699,42.486948494115005,753.562450170849,38.43037452704159,22.902208230042472,42.87862217203409,88.39232539303266,17.332368225373422,42.64415192257411,WST-01,9.997383703693616,Substation West,West Sector,West Sector
17.077096536165183,42.95315279246457,863.6179889236516,36.655360942459936,26.21628781171072,52.16746719267722,95.55289511426842,17.497872447705134,43.170459463687166,NTH-03,3.7129137692422813,Comms Relay North,North Sector,North Sector
17.22903165577504,42.70777267030678,393.9576297123324,40.35556716181925,35.902880098987076,14.298112839075838,50.79526662261984,17.333172324896296,42.78676417398128,WST-03,22.627456609971873,Radar Station West,West Sector,West Sector
17.10072389808928,42.77414508862161,376.4982545799364,56.955172652353454,57.608008645920975,12.069626893206607,62.712332217332815,17.15884961316646,42.870070024081656,STH-02,8.493164588793455,Logistics Depot South,South Sector,South Sector
17.241340545540698,42.61449290523887,547.7661181397436,42.947620397149954,45.38814293402031,25.83764411363592,72.6645100544032,17.404454911637796,42.78784410889534,WST-03,18.847020363235007,Radar Station West,West Sector,West Sector
17.02765069117122,42.56574768462035,375.36670167756654,42.534870495702954,38.74275683287206,13.177989314094326,50.6009293854871,17.12007126931805,42.64335438242995,STH-01,2.4818371236764243,Power Plant South Bravo,South Sector,South Sector
17.101363571911183,42.70190630213933,888.2573475030711,41.59742640523168,44.62992801646908,55.18316112577991,107.97245914907928,17.454211935468003,43.06737606099682,NTH-03,14.617831688878333,Comms Relay North,North Sector,North Sector
17.2078592375428,42.5765937849009,554.5826203695356,58.92347180812723,43.15755126711525,23.059840280031473,91.7443609267715,17.359084645715093,42.72521331199323,WST-03,15.828325287899789,Radar Station West,West Sector,West Sector
17.084475706366124,42.606187555437856,620.1663114407429,33.51898308659447,41.414955659656606,30.098881597572806,66.4435217790747,17.2873866481107,42.79371915781678,STH-02,21.820784207676947,Logistics Depot South,South Sector,South Sector
17.033846212071058,42.671650524562516,436.25266877566276,56.156262628181,29.784427169991403,15.939141603879959,71.40774150552738,17.158240897694483,42.74617152721305,STH-01,14.064806128074014,Power Plant South Bravo,South Sector,South Sector
17.206642609025366,42.70344021231061,569.4756741221576,39.814832031839266,34.010824808398716,27.38233949448469,70.90308584404461,17.41071967196017,42.84779629117645,NTH-01,20.14956625623875,Power Plant North Alpha,North Sector,North Sector
17.06696684066178,42.990588407069104,890.8163609167319,58.6953477511606,27.689487986936808,47.88172243631845,137.0947050299158,17.448154712082122,43.20033333328843,NTH-03,9.35279225262669,Comms Relay North,North Sector,North Sector
17.10921698731807,42.533993552897165,593.2122908201817,39.45681738730977,23.69750982281988,29.287060008872277,73.05029876097205,17.350362640591836,42.64489573196022,WST-01,10.323731669399086,Substation West,West Sector,West Sector
17.242958119924545,42.69278569892959,305.29435548269174,32.486230897689616,16.246084305375177,8.210387448397709,33.02431728749888,17.313846234030528,42.71442319456935,WST-01,17.54604075170002,Substation West,West Sector,West Sector
17.00594498842676,42.4897070436936,445.5165181503784,45.601256530575476,21.312792075743413,17.995962386989994,62.84241737695923,17.156708760355873,42.55126913092204,STH-01,8.366464575655435,Power Plant South Bravo,South Sector,South Sector
17.040420191016054,42.60999953962478,887.0728982871025,36.83596737929731,25.71177703857926,54.30185568181594,98.09132524929085,17.480294140778526,42.83212188235632,NTH-01,12.387887364099006,Power Plant North Alpha,North Sector,North Sector
16.95932088002095,42.83038643122384,893.4405080464395,52.58969446420127,34.762764299069154,52.57154484566382,128.27135705090166,17.34752927321919,43.11280393776792,EST-01,7.282213206747542,Substation East,East Sector,East Sector
17.067551312973016,42.504677286256346,426.2958538630234,49.71916854983863,29.992505832180836,16.355174114457736,64.28784974922436,17.19492610467287,42.581643302767134,STH-01,9.274712171487323,Power Plant South Bravo,South Sector,South Sector
17.010055029175458,42.74881078453002,669.1584527063121,50.594074737671306,6.476937256635549,34.906731054217204,98.08810023775361,17.321971331250257,42.7859045127816,WST-03,23.355547184151995,Radar Station West,West Sector,West Sector
17.154010480622368,42.6500206141408,346.14499830324866,35.8046846583191,20.398419327435626,10.867770433594528,40.594589448701235,17.245614548170376,42.6856897245699,STH-01,15.613925077609602,Power Plant South Bravo,South Sector,South Sector
17.004396437629755,42.430947726642685,646.4649854667775,51.25890794655422,22.571608116097803,32.86000500639079,96.03812884601498,17.277242165523745,42.549737732700805,WST-01,5.866477710907322,Substation West,West Sector,West Sector
17.15244382572176,42.95984514488707,375.5524208918624,39.33993080941012,42.415557906785544,13.022319174997566,47.52124557306559,17.23888779154219,43.04255320484015,STH-02,13.175738375835282,Logistics Depot South,South Sector,South Sector
17.029042628456796,42.64816188417573,791.1969141855948,59.96022084180213,19.97352506132727,39.49843699331776,126.08643270796087,17.36285431021917,42.775291268445926,WST-03,19.701741930902188,Radar Station West,West Sector,West Sector
17.056565350236358,42.8703559214507,863.7449925613466,51.95302989222019,0.47734893507827225,50.491427361048956,123.82181461397325,17.51062924077533,42.87432273456977,NTH-01,12.629605796999249,Power Plant North Alpha,South Sector,North Sector
17.054658195613918,42.64978809323908,403.7920848296896,47.71234522225538,5.060197399802499,14.986717813352831,59.26359907203457,17.188911132196047,42.66223165516783,STH-01,8.879677683755169,Power Plant South Bravo,South Sector,South Sector
17.16502552504908,42.96241619294727,577.6273011568944,56.01353337646644,29.819905078213797,25.892343245391736,92.20673078312296,17.367012615717336,43.08373994768772,EST-01,11.002172409464771,Substation East,West Sector,East Sector
17.089952778941502,42.574282200657336,361.2257990847805,47.67935099158281,11.309730256342236,12.222204150662355,53.27123258219265,17.197733866467242,42.59684713688091,STH-01,8.98684098032266,Power Plant South Bravo,South Sector,South Sector
17.058389669655803,42.64733838981262,503.48400424378497,46.582496003266,29.67734467675396,22.264522489883788,71.56107954197452,17.232328008053987,42.75113409464086,STH-01,18.71055962142039,Power Plant South Bravo,West Sector,South Sector
17.205786815711836,42.85531854415557,339.0586528563159,37.11946808416138,34.452322325167344,10.587685234126084,41.02860569545118,17.284294806745663,42.91173235151143,STH-02,14.40619626191817,Logistics Depot South,South Sector,South Sector
17.12158518769236,42.606200389168514,458.72791681045624,50.34335985976275,56.00627415416128,18.55608541931718,69.47546209580165,17.21483581832527,42.75104815869997,STH-01,17.465502570543457,Power Plant South Bravo,South Sector,South Sector
17.0141492463834,42.61861424280111,894.134200253581,41.239332847483844,39.33479546092919,55.68930360247584,107.84262911689262,17.40124359892942,42.95128550759523,EST-01,24.848520990293746,Substation East,East Sector,East Sector
17.220027383443103,42.996893904048534,326.7619603928411,31.292478834363912,1.862443358005963,9.165799211368336,34.13508552444252,17.3024137178875,42.99969985253597,STH-02,16.692225595155218,Logistics Depot South,South Sector,South Sector
17.052795088810093,42.73336871541421,815.3809977712024,54.48185389109873,22.84383109709067,45.16943283503146,121.87725318145307,17.427084697090887,42.89865671939867,NTH-01,21.153057322065585,Power Plant North Alpha,North Sector,North Sector
16.961693813261196,42.81362827220209,346.4715466524629,31.556194999462257,47.607418246892315,10.284937672806604,36.402557717161606,17.02404181860226,42.88506984872254,STH-02,16.618502454033596,Logistics Depot South,South Sector,South Sector
17.098380067192334,42.78607734049216,617.398158670416,50.16900368521578,15.633747359395686,30.78473896888105,90.84681635853813,17.36497598630519,42.864248296174424,STH-02,24.543895633530916,Logistics Depot South,South Sector,South Sector
16.987181416332263,42.89675448829394,571.2718754564074,34.701626744547454,55.49838429001446,26.525786819652854,63.48041242841214,17.122200816674454,43.1024645959601,STH-03,5.264977182413185,Comms Relay South,South Sector,South Sector
17.021539933114724,42.917095059665044,858.9327960123869,42.97708549712591,31.740642513818266,52.585911293527225,107.66444432952242,17.42355859455117,43.17784626773232,NTH-03,11.83796475168065,Comms Relay North,North Sector,North Sector
17.174133261806222,42.73795367948218,419.42991737105376,55.77274975640162,5.546861509332349,14.938774381918064,68.51794317791837,17.307851160292667,42.75155556283141,WST-01,21.537163062624813,Substation West,West Sector,West Sector
16.989225544012896,42.57673364497984,407.8092092277811,32.8325864734244,14.500232410816821,14.21326393031124,44.10283792104287,17.112973994750806,42.61022099488537,STH-01,1.3001276008812441,Power Plant South Bravo,South Sector,South Sector
17.19208326730621,42.413680148544984,749.2284531406993,50.01452035657863,54.37795194531975,41.75254125290888,107.23093842427839,17.41052869510877,42.73356112367003,WST-03,13.243778537162244,Radar Station West,North Sector,West Sector
17.231072186439285,42.76864195063859,735.4316838602124,48.37856227458256,59.487585070488585,41.04672967340155,103.10471825670729,17.41821964715066,43.10194778285529,EST-01,14.517643358059752,Substation East,East Sector,East Sector
17.131959630122385,42.89528129995937,719.5090622956793,56.02589239068878,51.780953554041204,36.721015297674676,111.7367044755307,17.336086832939976,43.16708093162697,EST-01,4.082474327402058,Substation East,East Sector,East Sector
17.16310775760685,42.67032388330699,315.67626970342843,35.182046139722004,19.240601079115272,9.071003495767984,36.57129049762063,17.24012652745085,42.69847116912695,STH-01,15.745342223964217,Power Plant South Bravo,South Sector,South Sector
17.164075982972225,42.498823684294514,455.9758120349452,53.99362513907414,46.12914075060591,17.73575983182322,72.51641930665214,17.274580276220448,42.619240374282754,WST-01,9.59214902770829,Substation West,West Sector,West Sector
17.247842387181134,42.57284924376138,803.9371067125796,43.50363590223985,13.333658615775342,47.71864840892393,102.83803738556283,17.665390921851007,42.67671588646817,NTH-01,14.490158816932219,Power Plant North Alpha,North Sector,North Sector
17.052461478660486,42.705993357707115,660.5148728740636,42.859317374797364,23.07133724688766,35.22689700316261,85.83967347302037,17.34388396772027,42.836053979380154,STH-02,23.759087026856275,Logistics Depot South,South Sector,South Sector
16.99885696537281,42.9020087313866,661.316952439309,40.85353052519625,41.830087716041845,35.193000945907905,82.78082155754616,17.23456813725327,43.123011187721545,EST-01,8.26812552362841,Substation East,East Sector,East Sector
17.105750170474295,42.50305188764105,477.549963242887,41.56722438587754,58.134080351073706,20.313073760997558,62.38585098034963,17.202128015828446,42.665464168325,STH-01,10.331004137706255,Power Plant South Bravo,South Sector,South Sector
17.109974942949513,42.76728992542571,456.10385313416873,45.59878879275675,26.351896606884427,18.764106315647638,64.23802875240446,17.261173604164867,42.84572751061933,STH-02,15.786945765239414,Logistics Depot South,South Sector,South Sector
17.003373746488844,42.85202116837033,867.9329328109528,33.203994687703975,29.750185262000194,51.1503293169101,88.52850977895127,17.40260868720473,43.091232390079995,EST-01,13.544329910813284,Substation East,East Sector,East Sector
17.133932825698242,42.961628512200896,736.6531673119273,42.75197609618874,13.210111737063265,41.82660926608025,94.2207038821904,17.500114385732648,43.05175952254194,NTH-03,13.998754356252995,Comms Relay North,North Sector,North Sector
16.954237420043047,42.47002221500731,376.11967068110255,49.559436451785686,24.193364564961904,13.043402644350255,56.96603465691208,17.061230316007265,42.52030754717896,STH-01,12.448927266720082,Power Plant South Bravo,South Sector,South Sector
17.228300520736266,42.955834980498736,862.6241652862583,44.94577060314944,3.781116461738663,52.72517842418256,111.7053952378312,17.70143396822106,42.988657699959845,NTH-02,7.595494177651673,Desalination Plant North,North Sector,North Sector
17.02937228334638,42.76088052110469,649.422091090833,34.97488406548868,51.515153737610326,32.99770922829708,71.79130913274001,17.213900380211356,43.00406507189132,STH-02,8.30103805112368,Logistics Depot South,South Sector,South Sector
16.961868062517055,42.86002095245937,500.01742017425283,40.89155105374896,1.4000753528520238,21.97670762237903,64.2666596031885,17.159450002861224,42.86507497049104,STH-02,9.023095919229943,Logistics Depot South,North Sector,South Sector
16.982474832442456,42.43226482574113,538.2836678397591,43.2888502327779,41.0114750756011,25.084533539680695,71.95445312919053,17.15264171609506,42.58718997434812,STH-01,5.032755857670657,Power Plant South Bravo,South Sector,South Sector
17.022074684483893,42.70368889338435,735.242706211571,50.066244438989045,16.39330208725002,40.5615781917367,105.60438194326296,17.371995306739567,42.811559836883134,WST-03,22.55716452554665,Radar Station West,West Sector,West Sector
17.032171850581815,42.77357780444848,525.7635910116502,57.022989676124936,28.566565921989703,21.774775335279116,85.6665776063526,17.204133988776697,42.87160309509591,STH-02,9.666643612869262,Logistics Depot South,South Sector,South Sector
16.959842999849318,42.584100303923705,647.2468794711642,46.51126537763456,16.89350640598545,33.900674730154144,89.68605970859957,17.251541188386305,42.676868341134195,STH-01,15.825193883163575,Power Plant South Bravo,South Sector,South Sector
17.03380644365812,42.65899012486075,726.2996979890429,50.291043843520924,24.004240081614263,39.741744324110506,104.8342517069076,17.360244977337352,42.81132257963509,WST-03,23.132407260539548,Radar Station West,North Sector,West Sector
17.007882520948044,42.73257888116776,417.22499838357874,32.31568876318213,32.806673185142756,14.712681571561932,44.45598670255182,17.1190792651475,42.807590849427925,STH-02,15.801271487718692,Logistics Depot South,South Sector,South Sector
17.063586278230357,42.731528763863786,866.5448917455296,58.634010880427795,38.45360468593168,46.13830933239019,134.01696896014028,17.388344118375247,43.00192183878471,EST-01,19.442494884654636,Substation East,East Sector,East Sector
17.06555032120679,42.425116915244104,513.7036628612459,39.45626071066569,56.41716858594698,22.8986900504086,64.02376509806975,17.179381203056437,42.60468821419215,STH-01,6.800370617436284,Power Plant South Bravo,South Sector,South Sector
17.051702322180862,42.66368905994734,551.6248542461485,40.628752490637645,19.93205410653887,26.019909215333342,69.99692531109754,17.27167022739897,42.747228547501095,STH-01,21.611976402205105,Power Plant South Bravo,South Sector,South Sector
17.04837716505921,42.52829089287534,719.1086207206924,36.68528341924538,35.09145077842511,39.45323468871042,81.74311953260701,17.338583973828406,42.74197463839721,WST-03,18.702373696714183,Radar Station West,West Sector,West Sector
16.976919383322375,42.95001704685121,665.2710536326584,32.540102152966476,54.103328832494654,33.43590056145803,69.03099272222214,17.15306621644175,43.20494214512121,STH-03,15.566116979180142,Comms Relay South,South Sector,South Sector
16.957561484137848,42.985947994074,564.0719021635075,53.70140370425554,17.413908477020552,25.652942794934066,87.80682307024922,17.177677262245133,43.05821415458547,STH-03,11.105210449730349,Comms Relay South,South Sector,South Sector
17.01063429004694,42.57978813781124,689.8452241804748,37.21470245118518,51.90299886752886,37.05599315387425,79.73715212191206,17.21606451336305,42.85434769493429,STH-02,11.92103645078603,Logistics Depot South,South Sector,South Sector
17.176994828224984,42.505111238350636,841.6969845432268,38.4806320603594,57.453305783390945,50.687542977273075,97.20975263370562,17.421831882226183,42.90783967429695,NTH-01,22.206238174410846,Power Plant North Alpha,North Sector,North Sector
17.247242929665337,42.531702490569,780.1701699872511,35.453888298188176,50.849622337614825,44.4044625791352,85.32364331315948,17.49910695811024,42.85641222324193,NTH-01,12.10557842262266,Power Plant North Alpha,North Sector,North Sector
17.2285578525172,42.68665135321177,794.5554059728643,59.24655840896641,34.19163008049581,40.30741101549769,125.64598138408999,17.528285219142557,42.90027679345985,NTH-01,13.988037607365873,Power Plant North Alpha,North Sector,North Sector
17.10126580666133,42.924703359467905,455.04504514038774,53.43104391837613,43.326932399597695,17.78546329456171,71.86930731433952,17.21758780979267,43.039602378144195,STH-02,11.471852756426962,Logistics Depot South,South Sector,South Sector
17.10954715673338,42.70002172896258,551.6420095785825,57.89698949942101,28.863952113062624,23.277820451977565,90.3307673728808,17.292854869842447,42.805861819729216,STH-02,21.274062106362443,Logistics Depot South,South Sector,South Sector
17.044374470710753,42.43323523702918,632.2914849924355,55.851701011605314,35.8353482669841,30.0733861529303,99.72092504258511,17.263566535568547,42.59904532795133,WST-01,9.037778481934298,Substation West,West Sector,West Sector
17.182181831591297,42.423931361627886,326.5144914968898,57.18890398635785,58.46844401869633,9.240132741326706,54.870262741059825,17.22562608868317,42.49808662158193,WST-02,5.351229743302457,Fuel Storage West,West Sector,West Sector
17.179427006379793,42.53643456737371,761.8753082263947,44.37102155547579,15.067233369332698,43.97482434629872,99.7406793942128,17.561276937469238,42.644263740665,WST-03,11.551691339270818,Radar Station West,West Sector,West Sector
17.203281707274733,42.905662766565655,494.07805464905334,35.116243120713015,47.55282735243865,20.68355018308655,56.044436196089215,17.328771615744333,43.04944660640672,EST-01,12.164201337762165,Substation East,East Sector,East Sector
17.218651373159066,42.772888334521085,469.5576468246086,39.80641003072633,30.373988985288197,19.58331845159016,59.30544200172318,17.370573412587614,42.86619569140055,NTH-01,25.017459101173543,Power Plant North Alpha,North Sector,North Sector
17.08030477446759,42.73777471227177,455.57520561368784,38.77354550945111,10.61239520591236,18.450147088667272,56.41906602556203,17.243390115667413,42.76977032269076,STH-01,21.00935430503997,Power Plant South Bravo,South Sector,South Sector
17.18006267043216,42.591381755549584,470.02755925203866,51.5140151280407,38.61212284226664,19.188249532704507,72.22785435399545,17.31487066857836,42.704180903483575,WST-01,16.452806205835763,Substation West,West Sector,West Sector
17.191919618638764,42.95765524302771,502.80889929469936,30.770180589220274,47.545614392104596,20.13816467219728,50.827913959611266,17.314118781604883,43.09762049983465,EST-01,6.805796262143573,Substation East,East Sector,East Sector
17.042537886749326,42.59870694697728,662.8947348456954,34.26126644753931,34.12534915940216,33.89291827692282,71.8738129789682,17.294781244814004,42.77780139092761,STH-02,23.644951791322573,Logistics Depot South,South Sector,South Sector
17.228772673201846,42.900966647591765,650.1391931400378,50.48655360764583,50.24596805949955,33.374389657749695,95.50505647033975,17.420567090436336,43.142807556733715,NTH-03,12.791832735684503,Comms Relay North,North Sector,North Sector
16.978302450791897,42.93754211078553,453.42705216112523,33.70327061401324,21.95211684521924,17.45070793406192,49.90761202091923,17.123852495044442,42.998931715125195,STH-02,6.571767819631518,Logistics Depot South,South Sector,South Sector
17.248280753748986,42.69000100792968,423.8545659439245,31.448755523112006,54.82609793924655,14.944322622172386,44.066742551290666,17.32566893023027,42.80507976887577,STH-02,24.004413529996544,Logistics Depot South,South Sector,South Sector
17.18102721544766,42.93657356168845,795.814914042814,33.276454938335725,38.899205999179635,44.88615016607526,82.36778751209444,17.495009670854625,43.20235213174067,NTH-03,4.555879579370473,Comms Relay North,North Sector,North Sector
16.977981271597297,42.566081972434624,355.63400260581994,50.72022459129289,48.18955949589378,11.672549122073114,54.9067864984733,17.04794751196108,42.64792051799179,STH-01,8.543834187531667,Power Plant South Bravo,South Sector,South Sector
17.1468688944315,42.79506005570997,607.6937047205565,34.179757782141,16.379107491498477,29.301990226085927,66.31527863504911,17.399678282589864,42.87293322272353,NTH-01,22.342304668163077,Power Plant North Alpha,North Sector,North Sector
16.960253823278478,42.45277824911463,612.3365245135657,34.389130834094445,26.767698714175,29.74595361341822,67.12074518710794,17.19905982488186,42.5788978283025,STH-01,9.81594493420045,Power Plant South Bravo,South Sector,South Sector
17.181056084833255,42.684360528455436,644.4820840869729,36.909005902772975,54.57704470440872,33.11134721733704,74.55234719333863,17.3534904381571,42.93858927552185,STH-02,21.549278260093264,Logistics Depot South,South Sector,South Sector
17.189766876497718,42.53039908129501,831.3900695442815,52.52732112589568,3.053733030112893,47.54082019929977,120.91235873285869,17.616702631739876,42.55429591059874,WST-03,18.76553855730309,Radar Station West,West Sector,West Sector
17.130723075927435,42.43765796675836,674.3483640568606,36.01058736782328,24.238902813790833,35.41273802779327,76.06897113799097,17.421074571293,42.5746900620353,WST-03,6.4682285034309315,Radar Station West,West Sector,West Sector
17.20705811757497,42.40223530484657,884.180259748814,31.061261901726215,46.819119483230146,51.34251123367615,85.0647207272885,17.522715505344724,42.755312193480336,NTH-01,6.88653583231031,Power Plant North Alpha,North Sector,North Sector
16.979364984064457,42.594851269864485,822.8118500092365,57.17590066727821,44.628881410680115,43.985932411188465,126.57070246806252,17.2606770592396,42.88585128769341,STH-02,13.10530736825743,Logistics Depot South,South Sector,South Sector
17.032777152612244,42.753718356722054,428.8441556923269,56.289552728727685,51.097369846161975,15.4293994162449,70.37930685765413,17.119886853994473,42.86670967476812,STH-02,9.910611127411125,Logistics Depot South,South Sector,South Sector
17.0742532564778,42.67313820859069,444.70998613518066,35.54457002689417,44.363420080724595,17.206229553906173,51.28028943841662,17.184847771841604,42.786388731739066,STH-02,17.599969484141504,Logistics Depot South,South Sector,South Sector
16.962737385848428,42.5810615791117,506.8644815491024,37.96027769320365,56.82552895014038,22.171927707360602,61.26228689883147,17.071770971359577,42.75565093833336,STH-01,15.382341944018123,Power Plant South Bravo,South Sector,South Sector
17.08446482627135,42.99472001846575,534.9086490480788,35.656727143309226,29.89557332100275,23.905112457983257,61.128180354177395,17.270810706836215,43.106931467861045,EST-01,6.502434319964787,Substation East,East Sector,East Sector
17.02956403683377,42.96371502398781,631.7970721846173,51.5860361688519,37.457390211197456,31.579330691446994,94.53220505018099,17.25492420425204,43.14457452724571,EST-01,5.273020013241848,Substation East,East Sector,East Sector
17.067820503630525,42.475391984102494,439.5075797378033,37.50026652567696,50.86234551361359,17.143382258745138,53.05113074625085,17.165094475299668,42.60054882422435,STH-01,5.423527863692251,Power Plant South Bravo,South Sector,South Sector
17.07753078959769,42.6490644560011,433.4071086682594,57.943492721355064,42.10145699138083,15.31540984261064,72.395981683,17.179701268779798,42.74572044540025,STH-01,14.916553682358286,Power Plant South Bravo,South Sector,South Sector
17.213823520046304,42.78930816039617,528.8339744208478,54.82923073150707,6.123403132420151,22.696147231912835,83.97433419506251,17.416768741291804,42.81212686057768,NTH-01,18.467512819184876,Power Plant North Alpha,North Sector,North Sector
17.03110229115829,42.84009447851796,703.2138679276511,47.65203382709019,22.0197871556875,38.46293454985735,98.1422019772593,17.351729743022368,42.97596611622589,EST-01,20.364398798491404,Substation East,East Sector,East Sector
17.218122938614883,42.619823292945696,712.875367857713,30.268146741411396,33.155447899912325,36.29035561093717,69.01827086020036,17.49126697130968,42.806969695279236,NTH-01,10.272694636381077,Power Plant North Alpha,East Sector,North Sector
17.077791289443855,42.84776908764121,885.6700440241738,56.5100821925,45.28305263169413,49.30833218953232,133.3689566525789,17.38952954564282,43.17796380278435,EST-01,10.13618486787776,Substation East,East Sector,East Sector
17.048342316208196,42.474490007746404,421.44926035308845,51.83284939597662,32.61405412911439,15.76431314204074,65.50703067831313,17.167743796636792,42.55446499789366,STH-01,8.75630397870399,Power Plant South Bravo,South Sector,South Sector
17.100753614800542,42.59908757515462,535.7154911141885,53.63722189623019,46.652954483027514,23.538931512066625,83.7369139968979,17.245997380626015,42.76027767831715,STH-01,20.45377845057631,Power Plant South Bravo,South Sector,South Sector
17.07532298590885,42.829859905453546,878.8064987634363,32.15475613715973,50.256568587774474,51.53684031436033,87.11124526663143,17.371307250120008,43.203267459746485,EST-01,9.163030420635808,Substation East,East Sector,East Sector
17.027211693916545,42.77540967415622,714.0052455993313,51.25680510655627,15.907696217710862,38.39947111084351,104.67970369197299,17.35929707192901,42.87457813750848,STH-02,23.563653074475713,Logistics Depot South,South Sector,South Sector
17.100803797438818,42.90232612891699,655.3671148932115,54.13768420872431,36.96589038972681,32.57894941669788,100.84132198945642,17.334816432336627,43.086894711188734,EST-01,8.672525525377727,Substation East,East Sector,East Sector
16.995540519923647,42.42811421360029,623.7876308408081,58.69906068471164,33.42662264884698,28.089116781144874,101.63491961652707,17.206315844732483,42.5737890260217,STH-01,10.78071867444343,Power Plant South Bravo,South Sector,South Sector
17.05557898290689,42.50463503069383,345.30622808175394,47.41411418347307,13.639035159292067,11.253412696769736,50.80549153254022,17.153927785333874,42.52961041598394,STH-01,10.319002755027833,Power Plant South Bravo,South Sector,South Sector
17.119737065812227,42.429096749363175,836.0242852895462,45.24125555997814,29.392685354209885,50.35907780301339,109.38727366301674,17.514194904632443,42.662174731747655,WST-03,7.504792588836346,Radar Station West,West Sector,West Sector
17.07402247331696,42.51526853454953,675.3031292490646,42.76190369945735,32.91409707412305,36.49593851927615,87.37587785082107,17.349468950373904,42.70211470702793,WST-03,15.065451103507899,Radar Station West,West Sector,West Sector
17.19717370831524,42.402569686379756,643.0004447568205,51.038630428939314,49.04039251235188,32.64136485018984,95.30185740063911,17.389470545485253,42.634867477225384,WST-03,7.999575738259627,Radar Station West,West Sector,West Sector
17.02701652846055,42.70252618100732,623.7002059931056,57.62463914143841,27.659362478536817,28.617199100525596,100.48230178616754,17.25492813225415,42.82762631911726,STH-02,16.744395522869137,Logistics Depot South,South Sector,South Sector
17.240931473649304,42.716988637340954,535.148524392667,47.992651461481074,4.854958948556966,24.58861791785297,77.37031858507439,17.461267582116424,42.736607716255435,WST-03,12.36956774185652,Radar Station West,West Sector,West Sector
17.185416606255405,42.79473506884359,452.7988148165357,36.8185092452502,29.23775749393243,17.98853015184695,53.734893535242236,17.326564202713573,42.87750726290119,STH-02,20.057400916166156,Logistics Depot South,South Sector,South Sector
17.240277907799243,42.63094746832063,753.1931912006905,30.5272185092753,50.27705666258596,39.80318205379794,72.99605275188767,17.46883388958212,42.919579687003534,NTH-01,19.283271118729427,Power Plant North Alpha,North Sector,North Sector
17.20144096644909,42.40192461441111,605.7405106569972,48.57339354802583,34.27532713965274,30.156499149340203,87.28609818165519,17.425484173902717,42.56200452068629,WST-03,7.251252823621772,Radar Station West,West Sector,West Sector
16.99263117775549,42.80433469264458,320.3637193735322,55.93793664057158,19.131913662133076,9.086542010474549,53.11183734868427,17.069832861726713,42.83235118730943,STH-02,16.026222575489886,Logistics Depot South,South Sector,South Sector
17.107938027190503,42.432574652648746,539.4566998632979,31.97925832720228,55.2582568790555,23.229117627144856,56.140077838278565,17.226908619542623,42.6122997765184,STH-01,11.915826386810942,Power Plant South Bravo,South Sector,South Sector
17.000993556358736,42.919702258490645,857.1621829336996,41.92713626884038,9.339083077563705,52.44186481466535,105.48769865640945,17.46634691043431,42.99993373218422,NTH-02,19.42620567520588,Desalination Plant North,North Sector,North Sector
17.195468205788178,42.413592392624764,524.3367369245177,58.20140778242708,19.612659149598134,21.252462865177627,86.55024236640877,17.3754961714212,42.48081359318758,WST-01,8.91702228503157,Substation West,West Sector,West Sector
17.12524864475499,42.71828507395398,547.9398047553442,45.05030987570416,26.2280814377748,25.833223720375365,75.4097524629332,17.33362401032718,42.82584382614459,STH-02,23.378748556943542,Logistics Depot South,South Sector,South Sector
17.029034794307073,42.93695072943131,674.3766738330214,36.61974689365779,44.278673275552585,35.580002437026295,77.12912100558273,17.257989908537812,43.17087416817719,EST-01,4.811886730229546,Substation East,East Sector,East Sector
17.228879691602152,42.743493745473266,781.0048822895294,40.609692353065455,50.14480752754566,45.62451806507942,95.19822689302009,17.49155681713843,43.0737449085093,NTH-03,12.051158278165971,Comms Relay North,North Sector,North Sector
16.984555815994277,42.76505004792636,701.0766706228274,42.24418698584419,3.5136285747119667,38.714189243445375,89.44201952281514,17.332064716900227,42.78740244515279,WST-03,22.757286222135807,Radar Station West,West Sector,West Sector
17.119158721041394,42.808966509002445,810.0328386737679,33.518685432503766,47.522149227815675,46.23679530487188,84.13712939286738,17.399707494319895,43.13035241095747,EST-01,11.524874746570656,Substation East,North Sector,East Sector
17.16631216640002,42.473445308638276,368.382352224419,49.823767315452336,43.23170491503979,12.533874556899237,56.063505615847156,17.24842246967114,42.55428834037377,WST-01,9.08243908715649,Substation West,West Sector,West Sector
16.96765456119973,42.804956260486335,854.7555319911893,47.76492987277429,53.679138288708984,51.4242498150649,115.85580678327807,17.2412056845873,43.19510310030614,EST-01,7.525524694393367,Substation East,East Sector,East Sector
17.129356809961862,42.92821292920769,842.3531594468316,49.43168633596732,54.02657944953253,49.8177425020307,117.27097017371507,17.39217299528361,43.30816150628789,EST-02,3.2131178158193276,Water Treatment East,East Sector,East Sector
17.194770364638927,42.98453249970119,611.4891519513527,48.32374706040564,46.65153351962691,30.66865620509773,87.69713382690892,17.383986157966355,43.19469827466503,EST-01,10.038812212270175,Substation East,East Sector,East Sector
16.970258194325414,42.665831199615006,674.8453426723206,30.50016204865019,11.412161055821223,33.286152421566314,66.14645882280266,17.263679559328303,42.72785605460274,STH-01,19.659985645561047,Power Plant South Bravo,South Sector,South Sector
17.10367289133199,42.60670291100653,427.68783012084106,35.23388548698959,18.83229039936304,15.977486260715688,49.0482452254563,17.2396638612614,42.65526731905845,STH-01,13.82343574187333,Power Plant South Bravo,South Sector,South Sector
17.027567153444622,42.85198576935779,568.7684627888334,34.96716005837582,56.17918193090988,26.398487042837655,63.63285638096868,17.159602980596375,43.058407674425325,STH-03,9.144037592847546,Comms Relay South,South Sector,South Sector
17.148877335461076,42.72572457285719,421.6220165518874,32.938544588939685,35.89039799123147,15.132935760233426,45.657296933945254,17.259114982109637,42.80926935009484,STH-02,18.571641806516926,Logistics Depot South,South Sector,South Sector
16.985603210123653,42.55438279267302,313.1860073646117,52.06427319594829,32.32564406335727,9.107577930759069,49.49724333689558,17.05481076420364,42.600195208015634,STH-01,7.548174451654205,Power Plant South Bravo,South Sector,South Sector
17.231115429201154,42.50329473098182,888.5418408762315,33.60411643435475,54.942566402639905,53.15737812507515,91.18452809484029,17.505291766167794,42.913620853891416,NTH-01,16.422930162669186,Power Plant North Alpha,East Sector,North Sector
17.21841857451442,42.502138180355644,455.48790942612305,50.045822203510326,52.451914445979874,18.363719461248582,68.72628534616697,17.319018159593554,42.63929328346694,WST-01,9.556866632340311,Substation West,West Sector,West Sector
17.005792325962712,42.67550622196369,655.8649853387012,35.35170928961026,43.64976919898285,33.654152990134776,73.07932922479927,17.224670715895954,42.89422470179841,STH-02,9.317453884783372,Logistics Depot South,South Sector,South Sector
17.04697976530953,42.50207464336939,480.15023012271786,33.54930534743779,52.93513824957261,19.305852257610475,52.472556271980814,17.151573181923318,42.647064462147796,STH-01,4.538289392644703,Power Plant South Bravo,South Sector,South Sector
17.126290492395913,42.41183136640689,522.372972126261,34.87590145848238,6.830098631729038,22.758168405655983,58.69062044802264,17.32950523451415,42.437329079679216,WST-02,10.043055386026756,Fuel Storage West,West Sector,West Sector
17.165418700990276,42.43125326498181,538.6569351493649,45.2521036961406,45.452637995994486,25.084775099544945,74.49493027065242,17.323601577702412,42.59966575589635,WST-01,5.3197727909570895,Substation West,North Sector,West Sector
17.082796804548078,42.95793072637178,501.02803879485464,49.364475295732674,57.93841213181208,21.79395388871602,74.34009425159458,17.186764064786153,43.13179794966493,EST-01,12.942573932255566,Substation East,East Sector,East Sector
16.996887396588292,42.44377680469608,682.4398556039614,54.3577458017291,2.9386075368842635,34.62536325782492,104.72659097328876,17.307870184994915,42.460497686489475,WST-02,7.628700987037033,Fuel Storage West,West Sector,West Sector
16.98124544814086,42.44390841434858,876.5617622931636,33.85686616393892,13.38273910743805,52.225805250182006,90.71057544326337,17.438137123156,42.5578531280413,WST-03,7.02639166765751,Radar Station West,West Sector,West Sector
17.249929601074303,42.67071306732012,557.1807900037397,48.4856024215749,47.63810333192513,26.260801208669722,80.86195578197854,17.408979891583346,42.85359603641996,NTH-01,20.55599112101984,Power Plant North Alpha,North Sector,North Sector
17.086605636433045,42.54706016940102,883.9960344325591,53.21518798233742,31.202829865839142,51.4381343202811,128.17515260853978,17.482124295759956,42.79831934447486,NTH-01,11.055274791846571,Power Plant North Alpha,North Sector,North Sector
17.21175952474455,42.9776163113035,700.6783424068699,39.37215514523653,5.197101272475679,38.416601007830295,84.59201105582926,17.555824862517387,43.010440027103414,NTH-02,9.414548616183502,Desalination Plant North,North Sector,North Sector
17.094712801388734,42.946591503698684,664.2817170126054,32.39146738102313,16.077481749361272,33.291871324230094,68.67048205094724,17.382384665007336,43.033473994994665,EST-01,16.256487590302655,Substation East,East Sector,East Sector
17.2267072915638,42.64284594920276,442.2623110793538,34.678378891995415,19.44357599535886,16.876640303998293,49.951223166073014,17.369819655940194,42.6957825680073,WST-03,12.853048671371875,Radar Station West,West Sector,West Sector
16.976327814831464,42.66923891164976,337.75242353962847,32.7467594268137,19.263763310756925,9.985261234788135,36.691798590130624,17.061097067748282,42.700229119601886,STH-01,10.752251910272594,Power Plant South Bravo,South Sector,South Sector
16.984205757400364,42.625068191845344,811.1608621750972,56.61635793068034,52.660364968129905,43.481884935328495,124.34320721848361,17.221128339877215,42.950558526773875,STH-02,6.797429595787026,Logistics Depot South,South Sector,South Sector
17.228889656317268,42.422719669985874,644.3886383665614,41.301050050807035,39.72218744148248,33.781459395471224,81.59494469848501,17.46245821664479,42.62624951933117,WST-03,0.7170386260122157,Radar Station West,West Sector,West Sector
17.234247913513435,42.57570810355283,548.6483174549292,45.70045815407358,44.09503670214071,25.858395690072513,76.32174115954378,17.40119089900039,42.74528883534708,WST-03,14.813286725495699,Radar Station West,West Sector,West Sector
17.044415234239608,42.47360408176719,787.1803932530901,53.06064455412944,0.8142053333130961,43.66001390318101,116.35340154889549,17.43701890142898,42.47945227695163,WST-01,14.058934214975942,Substation West,West Sector,West Sector
17.05654946609816,42.461422198009075,486.3482295463913,41.144952663621716,25.650720177625907,20.95107168513799,62.941656492249265,17.226380253535815,42.546815439917054,WST-02,10.393041260488452,Fuel Storage West,West Sector,West Sector
17.085735070450426,42.736516943761835,770.1703535786924,49.47307963882838,19.069237683931615,43.69147172347765,108.9254699254804,17.457054726630695,42.871087235033656,NTH-01,16.738698826935387,Power Plant North Alpha,North Sector,North Sector
17.07484850402019,42.45925891462814,496.77830124347815,32.30039559655313,51.11552413441043,20.175100884717995,52.43083431769107,17.188693482970162,42.60709609335197,STH-01,7.760444785101608,Power Plant South Bravo,South Sector,South Sector
17.00701356478788,42.46175879427716,852.5287118424982,44.42716942705801,57.2321792351911,51.91034228987565,109.68700732918406,17.259270498367894,42.87281939306763,STH-02,13.749587101472459,Logistics Depot South,South Sector,South Sector
17.219512615181813,42.68830822889161,460.78012467408155,32.89556898510923,25.400450975220316,17.775969694753034,49.62167778046896,17.363909127051052,42.760154245746776,WST-03,18.311004189097478,Radar Station West,West Sector,West Sector
17.025992280211693,42.665369419073585,382.5324705447427,37.44852422040684,58.38363687427792,13.29481272891065,46.425825815516376,17.08864292010681,42.77188921193738,STH-01,16.514608907698207,Power Plant South Bravo,South Sector,South Sector
17.161581722843295,42.48258087107942,718.8580250096471,38.80022482786406,0.8615522426260869,39.9062936188216,85.50282126090586,17.52042649574379,42.488239678923264,WST-03,15.505240134382568,Radar Station West,South Sector,West Sector
16.97014670332049,42.40266941488532,397.7083518388624,51.5275141166084,19.54316425251635,14.235233103591696,61.76211701595832,17.090786870410366,42.447472863276175,WST-02,16.59393811446001,Fuel Storage West,West Sector,West Sector
16.961625399458526,42.51578466506071,869.6178301733913,50.22312558867762,46.49587067579699,51.79721494485658,121.68151907608517,17.281994848749427,42.86963063328312,STH-02,16.02745870861646,Logistics Depot South,South Sector,South Sector
17.146119141773077,42.54153535250922,693.3330674333196,52.41240266793197,21.60597782850198,36.28834772915154,103.62891028953922,17.44949860241107,42.667500042674874,WST-03,5.172107217323759,Radar Station West,West Sector,West Sector
17.051704757271978,42.88014906616532,438.5163967707156,31.852651417120054,55.25773982267498,16.00482644567657,46.03220492141181,17.133693555432924,43.00391639281372,STH-02,6.432356528021315,Logistics Depot South,South Sector,South Sector
17.146637817816,42.94926301031633,425.29136057125726,59.81742636519141,13.10789354988783,14.303460671095772,72.52119048810123,17.271917862491666,42.97981290028497,STH-02,12.841253659059587,Logistics Depot South,South Sector,South Sector
16.97820636065065,42.64356663849278,854.325023472253,31.632600861293067,47.74000363968664,49.106066037186594,83.89750775647003,17.27490789854343,42.985849346986015,STH-02,13.3324705414563,Logistics Depot South,North Sector,South Sector
17.23495541397476,42.64301603590059,664.7147477099345,54.772433743174616,12.102135144151463,33.049104191490514,102.87354365517214,17.525556623345384,42.70836205192427,NTH-01,9.712434091189444,Power Plant North Alpha,North Sector,North Sector
17.174554340067928,42.82748877025592,836.24160400345,52.20806800441606,11.82629506037026,48.100560317657695,120.99753524052647,17.597928909673563,42.92049536845866,NTH-02,11.536465594110645,Desalination Plant North,North Sector,North Sector
17.21288016990774,42.776153209422816,366.13512290749514,47.75285371475459,26.74496150299646,12.526986323948199,54.025572809548706,17.31347865157746,42.829257522893045,STH-02,21.346655736112766,Logistics Depot South,South Sector,South Sector
16.990941166213354,42.510484112016044,855.2353173475057,43.16571495434962,56.696435299819946,52.25178414829758,107.6361074320102,17.248543545866934,42.92171618996622,STH-02,10.293774403089508,Logistics Depot South,South Sector,South Sector
17.046048290667862,42.46461347337752,612.029587196453,52.713970598105476,35.127297714140894,29.665673689603302,93.27812715832307,17.26418549899664,42.62536483994211,WST-01,10.843253817788334,Substation West,West Sector,West Sector
17.060503249261902,42.66256713439303,701.0531497988103,52.19573409806539,38.10197369241481,36.99804763615824,104.32936424144705,17.32222022117849,42.87763683122,STH-02,19.606883482504458,Logistics Depot South,South Sector,South Sector
17.111151794498046,42.738897017897656,523.7252829247684,34.115350064694134,0.583960348116972,22.670745144800804,57.739141481976354,17.315023821219544,42.741073591809254,WST-01,20.35103364608534,Substation West,West Sector,West Sector
17.039060545652223,42.483224561895284,335.4841932034957,53.77897418882611,3.39691227790591,10.179380661468974,54.083531799686426,17.130444867046748,42.48890066209651,WST-02,12.863826240912456,Fuel Storage West,West Sector,West Sector
16.96818922265682,42.57596409604506,874.7834648050974,32.35670992304896,4.016041539661408,51.29988668683627,87.22817117831859,17.428403884445693,42.60982946524666,WST-03,3.675259912594939,Radar Station West,West Sector,West Sector
17.06066351422124,42.58356579785834,896.7589974650892,45.01638426385604,49.178530479673924,55.68926095045929,115.42533876505749,17.38766708383674,42.98071097904119,EST-01,21.381134115023336,Substation East,East Sector,East Sector
17.026364794388183,42.5567789206145,518.7281092562657,49.352454797015824,14.211127305500135,23.139113835179252,76.73621489076334,17.228084368075024,42.61026491589041,STH-01,12.06286723897665,Power Plant South Bravo,North Sector,South Sector
17.065776387438962,42.67645675977507,866.3207578511878,54.65066572125683,19.730291078324534,49.12212102619963,128.2987138650644,17.481546369253124,42.83281384273357,NTH-01,12.296657072766227,Power Plant North Alpha,North Sector,North Sector
17.009087862786007,42.79183815059184,400.6357745769385,43.89330654279161,36.59716671773884,14.87561488598665,55.19553890711104,17.11647524840282,42.87529171116728,STH-02,9.297316012902382,Logistics Depot South,South Sector,South Sector
17.02856891236942,42.7056339301696,392.8106697951453,37.105742326954356,35.03725905919915,13.921326009901799,47.25311565653518,17.131063990606382,42.78084778085247,STH-01,17.13669085483806,Power Plant South Bravo,South Sector,South Sector
17.13808570212968,42.520873937348405,343.8671040055029,44.719788463698194,24.631769854106423,11.223580514593326,48.3899797516983,17.229832222608586,42.564919053336666,WST-01,11.250240482187037,Substation West,West Sector,West Sector
17.06644615037342,42.46176342822844,534.7616445504905,37.5062433131136,0.25801236209030964,24.263593987880707,63.74408125876813,17.284651377021614,42.46279252004308,WST-02,5.147483572693022,Fuel Storage West,West Sector,West Sector
17.053615017950847,42.89312227773922,331.3813501089595,45.86176144368445,26.976154503048942,10.462927260936002,47.61456221712936,17.13746737103861,42.93778888331133,STH-02,2.821523906926282,Logistics Depot South,South Sector,South Sector
17.11017168981671,42.68758280963067,536.794313767738,43.875245493195536,44.33295694320139,24.96850575305208,72.52380281291224,17.270721602619208,42.85191112449388,STH-02,16.128236084699488,Logistics Depot South,South Sector,South Sector
17.18155816225318,42.43728351048033,383.03425718980094,53.41513451251183,14.114358919527323,13.051948209624875,61.10187616760373,17.295391216136576,42.46726278704239,WST-02,6.426203068709932,Fuel Storage West,West Sector,West Sector
17.063660386904388,42.554872899789736,738.3166773437745,37.20270340327587,42.501480616429085,41.26300974247984,84.60257532321715,17.337078197586585,42.817513864459556,STH-02,24.200193719021485,Logistics Depot South,South Sector,South Sector
17.126255847766753,42.88242026703049,800.0175896018447,35.999555525710186,0.9091691890366937,46.33378696602927,88.27574170039259,17.542892451822688,42.889354451501504,NTH-01,12.305368515467165,Power Plant North Alpha,North Sector,North Sector
17.239860787610453,42.85103579486413,712.6892566777728,44.225560187008796,54.48046825887191,39.70083977629534,93.95814704121852,17.44706289882138,43.15564844568166,NTH-03,9.576993893031254,Comms Relay North,North Sector,North Sector
17.106594034235414,42.92548997973843,420.2964914616935,31.51513095572552,57.00235245934744,14.730255628684414,43.79435335046523,17.178705786353646,43.04178141541922,STH-02,9.97021940616679,Logistics Depot South,South Sector,South Sector
17.222939272955262,42.761252695601016,760.1089157447734,36.88021885306517,0.14768900547355912,43.08750174996069,86.15242910288414,17.610432660368442,42.76230062685886,NTH-01,3.8691867818207606,Power Plant North Alpha,North Sector,North Sector
17.188101787276928,42.653743560614835,449.700118219965,40.611147425630755,27.46910482839074,18.195342200058885,57.878328148402495,17.333272576982072,42.73281391785963,WST-03,18.489546735728744,Radar Station West,West Sector,West Sector
16.967615604495045,42.65598099853267,755.6931581811165,44.62889137682731,24.829316414320143,43.41406582408636,99.48151991441264,17.321884528334472,42.82771735596498,STH-02,22.19617788583041,Logistics Depot South,East Sector,South Sector
17.078729661440775,42.51640002669576,640.4385449378345,38.08310133676092,50.51300135517039,33.02043659598446,76.05411979142023,17.267425663646357,42.7564006845015,STH-01,21.878523980255473,Power Plant South Bravo,South Sector,South Sector
17.159495522360576,42.79047937691073,520.0275097747258,46.819094841252195,32.44329547939612,23.524203948397314,74.00149649493545,17.33799924406512,42.90937477360171,STH-02,20.25735809344125,Logistics Depot South,South Sector,South Sector
17.24601357373446,42.751041253655714,350.0954268096346,56.35243999335515,36.68192819616306,10.655170181546705,58.11368065846883,17.322852181100494,42.81100367086981,STH-02,23.362479138892873,Logistics Depot South,South Sector,South Sector
17.087512887348453,42.4929186468573,796.5057058842154,46.31182384072807,12.150360185185345,46.74062669714815,106.87998787476235,17.49842327567311,42.58568457538979,WST-03,5.61250241572882,Radar Station West,West Sector,West Sector
16.977835636238023,42.93139775202722,863.7917524789352,38.605185652092956,4.623880079824854,52.67478320321597,99.5872005838868,17.45000498864666,42.97142777899194,NTH-02,21.74509695758177,Desalination Plant North,North Sector,North Sector
17.11860275241386,42.621080921986355,699.5506680003825,31.859429160069446,41.53986583095751,35.99040377263163,70.9152464983506,17.360742685971555,42.8459630423888,STH-02,24.905808964947987,Logistics Depot South,South Sector,South Sector
16.987969137637187,42.42984325931264,878.7249400160633,34.09998914244971,37.2405595181657,52.52875313826221,91.43286021155848,17.363829115273667,42.729371121462464,WST-03,15.780202809093518,Radar Station West,West Sector,West Sector
17.17545586808382,42.596728552467866,860.4668514257946,46.83652105641572,49.93972403899668,52.16533320601327,114.86639959254305,17.47703666035171,42.973164012341954,NTH-02,18.788683809636083,Desalination Plant North,North Sector,North Sector
17.102303099238533,42.92191402882695,416.7650404822522,50.511265143131396,50.68100684652333,15.618231135672119,63.650762505002426,17.191270720806212,43.035658193157815,STH-02,9.741695415609723,Logistics Depot South,South Sector,South Sector
17.167029410513187,42.95017395151707,738.7274091589281,31.490038306622118,37.86211643837619,39.105411723110414,73.68748735969999,17.444553143720512,43.17642929090289,NTH-03,9.508813936539948,Comms Relay North,North Sector,North Sector
17.210808548063557,42.694239050355776,509.5828916626167,35.566494891404446,32.301682977017286,21.94251013627529,58.31062534765052,17.37757371451816,42.804732630588546,WST-03,21.636543998961084,Radar Station West,South Sector,West Sector
17.138684405148833,42.97380396404405,592.5104163393755,39.572438120297114,54.84049614071106,29.244077470569422,73.14411432474576,17.290008115506126,43.1989940304295,EST-01,4.28639916895328,Substation East,East Sector,East Sector
17.133731798775955,42.925145085527184,394.17925868930746,39.59319326641507,48.075848151139034,14.257806233258817,50.03655237948558,17.219379215166935,43.02502380814042,STH-02,10.349421265213481,Logistics Depot South,South Sector,South Sector
17.17637108863189,42.895138430259536,884.8676568345915,58.75221042533883,52.94549969805468,47.39214953789986,136.44294404100918,17.432878654754756,43.25165281225975,EST-02,5.325381702159474,Water Treatment East,North Sector,East Sector
17.2027365004358,42.91582603880932,735.682429845845,36.11311793827268,59.750453896439566,40.73071210535207,82.32284862310335,17.386994469080225,43.2473999140492,EST-02,6.6796858872903995,Water Treatment East,East Sector,East Sector
17.2107161358831,42.629125247301296,460.14498577858086,31.87561048437327,24.210347265990748,17.47400517509005,48.216283795787994,17.354030436339904,42.69664275946661,WST-03,14.316967269290192,Radar Station West,West Sector,West Sector
16.960929058704863,42.85388136445333,522.8830141008201,40.59044487936957,43.01607973744505,23.729877393275565,66.58700522491408,17.11690803180348,43.00621612752445,STH-02,7.65773529560684,Logistics Depot South,South Sector,South Sector
17.116857089039335,42.74640340184569,553.4897560972706,34.033259130890386,41.2840689138947,24.93833007989566,60.6503218081041,17.28532927691738,42.90137765738643,STH-02,14.862046190495642,Logistics Depot South,South Sector,South Sector
17.014880792939266,42.83181040104418,748.5202344863042,33.797458954073676,10.448562799967998,41.0160288940107,79.12108867243177,17.37761775102819,42.901904000484706,STH-02,24.73106057081854,Logistics Depot South,South Sector,South Sector
17.208103767234533,42.50667166454846,855.4183600617507,42.22351983351385,38.192915981582594,52.29044176718069,105.87582194028167,17.57746512630936,42.81167677561086,NTH-01,3.3696296615111234,Power Plant North Alpha,North Sector,North Sector
17.14451930556101,42.83883634706496,492.86407979074295,39.19173417749846,25.685356552734227,21.26755370163651,61.27019025029395,17.31686501204015,42.92567125022185,STH-02,17.632937908825348,Logistics Depot South,South Sector,South Sector
17.07606674370973,42.974555460516505,583.5000529682518,32.75180328466079,27.03813540682267,26.89057843920179,61.61823649203897,17.291435343431935,43.08969179364124,EST-01,7.524930934372928,Substation East,East Sector,East Sector
17.006431268436405,42.58159799342886,655.9245437008208,48.129102882823474,10.808279391243417,34.383625243076324,93.03668557830981,17.310155677549766,42.642334331520374,WST-01,10.046887154582004,Substation West,West Sector,West Sector
17.05170708777595,42.991696794373375,536.0063954401894,45.0509929806105,44.68436076815812,24.882348395815743,73.90907034383626,17.210740550759414,43.15642949816504,EST-01,9.932450994094957,Substation East,East Sector,East Sector
17.161133308362068,42.62702560888322,602.5087940194112,32.312990068539165,41.87645938069535,28.24007871679933,62.72470323146708,17.350157064558815,42.804637589048525,WST-03,23.086349660717246,Radar Station West,West Sector,West Sector
17.01130786356349,42.51983409821262,363.4245774120612,55.882334220424326,31.937408340129817,11.493616133626142,59.898402884554386,17.099017657860923,42.57704177827145,STH-01,5.126975640485722,Power Plant South Bravo,South Sector,South Sector
16.97807488360151,42.46737173788014,400.60463263209965,38.54139174636998,9.403151473549286,14.592595121458523,49.69867145154305,17.10754446390409,42.48980538227886,STH-01,13.90513924545677,Power Plant South Bravo,South Sector,South Sector
17.216408627468265,42.87097714797291,540.660754332087,58.84142354841538,33.41188712142761,22.129188727192357,89.58747645404898,17.38249828416693,42.98580804713799,EST-01,20.639527994947205,Substation East,East Sector,East Sector
17.179263104874035,42.73289524022594,848.9634070623315,57.94615897668977,6.008005328821222,45.389074981629,130.89390125814552,17.58520923529976,42.77771384199082,NTH-01,0.6278901477796048,Power Plant North Alpha,North Sector,North Sector
17.00993847919744,42.584278776197216,509.61482744678017,43.022898786562585,20.36232156853539,22.8224135943044,68.09296739964769,17.20234575893951,42.659039688396206,STH-01,10.05207946358179,Power Plant South Bravo,South Sector,South Sector
17.037693463028997,42.76507022187626,449.87568516300814,36.857008213150046,22.341470567562773,17.785968642506116,53.45416282163862,17.18562949117256,42.8287138738541,STH-02,13.196573111623522,Logistics Depot South,South Sector,South Sector
17.241621053139266,42.5992607127046,745.7173325095655,55.04558137590668,53.005523552438675,39.30673009852242,113.88867357033838,17.454114497007154,42.89521979492224,NTH-01,18.579913936674235,Power Plant North Alpha,North Sector,North Sector
17.162455346027734,42.669014654397074,869.4780996459656,40.83857524867341,24.93372452666311,53.482926874996714,104.60990657446177,17.59849670559104,42.88173616629285,NTH-01,10.978055956254273,Power Plant North Alpha,South Sector,North Sector
17.133156601264147,42.917598475451854,575.4741702381284,34.906520840138946,35.90819211754782,26.916882439256096,64.2268746664199,17.32916779741051,43.06631936718702,EST-01,10.460300954001344,Substation East,East Sector,East Sector
17.04228854562724,42.800899886115495,305.16297334030986,46.54823147456824,52.486739274239035,8.948606734015526,44.469868984258355,17.091283483511077,42.867684303485476,STH-02,11.614583902166112,Logistics Depot South,South Sector,South Sector
17.039737543249956,42.85744110382283,712.8895988853708,44.68207328103797,25.545566325337777,39.68913069002776,94.70963340851394,17.361713335398296,43.01870713608514,EST-01,16.493147708963868,Substation East,East Sector,East Sector
16.96185708560707,42.750096130881744,549.036480969687,55.50053636441869,53.02221120424392,23.96455947061015,87.57107171964452,17.09141327188381,42.93022160245209,STH-02,7.910812016441463,Logistics Depot South,South Sector,South Sector
17.16854456007058,42.99483882933137,704.187321969729,51.87844139517996,8.187678751598384,37.37099655088893,104.29812761314643,17.501197561009096,43.045025578799255,NTH-03,14.66657425667485,Comms Relay North,North Sector,North Sector
16.962952567517064,42.544846039774534,466.62990949752214,56.28418460510261,21.89058942959759,17.91926070030319,76.13848831361776,17.11247505386363,42.60771212288307,STH-01,1.5509141152093178,Power Plant South Bravo,South Sector,South Sector
16.951457201333184,42.55737469643129,301.44488629017746,52.04108737162123,5.683634943987874,8.476885990329896,47.68681734700907,17.027316635416238,42.56527072537517,STH-01,11.834468977859185,Power Plant South Bravo,South Sector,South Sector
17.168848526358293,42.455535363243,506.6977312473623,49.26524881943391,33.655777756877086,22.235566868348474,75.00528762308554,17.335265882583062,42.571631833585684,WST-01,2.369613415536521,Substation West,West Sector,West Sector
17.234662127144738,42.73241170124243,722.8754055677649,45.00531456831038,57.43692362446814,40.52741534100027,96.37156807276256,17.43057404929589,43.05437164958391,NTH-03,17.313611423834086,Comms Relay North,North Sector,North Sector
17.176950914318194,42.76801554184502,535.8679698055136,59.62659868489342,39.41711011927591,21.475410278477185,89.57887120122311,17.326113737050736,42.89647609216138,STH-02,19.325837430127915,Logistics Depot South,South Sector,South Sector
17.091492057187313,42.83557694373929,431.50448379193557,58.774944720005166,37.56453704092492,14.973907335413323,72.73529283850013,17.1982171751003,42.92151768751114,STH-02,5.216725146125364,Logistics Depot South,South Sector,South Sector
17.095813574868263,42.60126755556956,578.404118480461,55.465589446072485,16.6895179345883,26.152566611444055,91.73586892808756,17.321089027333176,42.67202058818009,WST-01,12.990323854101153,Substation West,West Sector,West Sector
17.080840926794732,42.40735408111902,751.4091139790312,53.25957641356584,55.86640551738731,40.655049472622395,112.18347242309541,17.28575193782735,42.724303130671274,WST-01,19.14700446979475,Substation West,West Sector,West Sector
17.0473931001331,42.77933772225299,371.6598520753836,47.32678650355537,28.292087086541674,12.897730218692432,54.43823799925978,17.149520839700518,42.83687204919818,STH-02,12.07598802931986,Logistics Depot South,North Sector,South Sector
17.10651426425575,42.99921729551223,715.0512201879887,37.7926008157862,16.02012318274915,39.37292693732844,83.32671573874208,17.446826057501596,43.10164864149476,NTH-03,12.433203031555447,Comms Relay North,North Sector,North Sector
17.079345287142335,42.57672961227399,700.4064142823684,56.26317081263895,59.261998825980456,35.11238185624643,109.48965076229422,17.24054261688696,42.86090881551263,STH-02,13.029421491729627,Logistics Depot South,South Sector,South Sector
17.129450364012232,42.51036067148141,522.4427278110428,30.32448404636873,25.38743602768434,21.397700264104316,52.01611117654422,17.30328238654976,42.596774858488516,WST-01,5.78628935580918,Substation West,West Sector,West Sector
17.21943602415033,42.569060174695814,882.2017148276967,36.823199003818,22.28993894457265,53.86611113517333,97.61761718809781,17.667574325155567,42.76189450023469,NTH-01,9.925070171974703,Power Plant North Alpha,North Sector,North Sector
17.248502825197143,42.65524928486623,836.8231796882109,42.11197335253409,2.097676037930065,50.64621556000091,103.75522818202197,17.703668572732298,42.67274960077418,NTH-01,17.839812812609495,Power Plant North Alpha,North Sector,North Sector
16.973622986964873,42.55054775737154,489.6968884812419,47.58471465702216,10.697698388680955,21.139145470726568,70.86168104753203,17.160424254816142,42.58748120777739,STH-01,5.669581736763054,Power Plant South Bravo,South Sector,South Sector
17.065405041798403,42.608176015220515,318.6546560363058,46.826379610810676,48.55148130433682,9.701736266946188,46.58148854557597,17.123148223969757,42.67660735793845,STH-01,6.0256805782650185,Power Plant South Bravo,South Sector,South Sector
17.00421185873004,42.78292404314762,484.982884047046,35.27447479155854,28.961706276129014,20.045253027101687,55.28744109859109,17.16191842848712,42.874283481183056,STH-02,8.047301674975126,Logistics Depot South,South Sector,South Sector
17.055636142177658,42.60701679210557,422.83316552462594,33.143945994405954,57.292483615511614,15.25561774793989,46.030439332849525,17.129734827535373,42.72781841962478,STH-01,11.508375244296047,Power Plant South Bravo,South Sector,South Sector
17.036241905564527,42.63763536687019,628.3511484285557,36.66986782755839,5.033148193414878,31.698871522020383,72.48581122481862,17.320215411839683,42.66383335936246,WST-01,12.132317095967386,Substation West,West Sector,West Sector
17.002361139488038,42.424018757679555,851.2466527092928,40.46126366689451,36.956606543905906,51.83421961201537,102.05758252380727,17.374650495340703,42.71767305476942,WST-03,14.05190564735659,Radar Station West,West Sector,West Sector
17.179222816026385,42.95076550097372,822.2025060225129,30.421610637602587,43.19904885259892,45.59991041687753,78.557227642515,17.477955549318594,43.245072187417236,EST-02,8.68791154105538,Water Treatment East,East Sector,East Sector
17.09888662284877,42.64413157594891,483.49749339889604,50.77367461649567,37.270987587876206,20.284316266029933,73.39408109329884,17.244020760500167,42.75980226862066,STH-01,20.26687945610703,Power Plant South Bravo,South Sector,South Sector
17.225773674665167,42.596886109620876,557.1585201333821,37.43182307212474,31.79265360755133,26.026412650698028,66.0895058821582,17.42467473427643,42.72613093098687,WST-03,11.924149782781754,Radar Station West,West Sector,West Sector
16.959777732974104,42.45189051774723,321.92531944773987,40.54213309645087,34.697899220322654,9.828708805731821,41.98875770419368,17.0324434386994,42.50451554028723,STH-01,15.667396184949983,Power Plant South Bravo,South Sector,South Sector
16.970093403939597,42.78050992923711,626.4981045894897,40.04705071751698,41.37297548258521,32.14399748230253,77.65137306665152,17.186926058199226,42.980508367410835,STH-02,4.412396391825356,Logistics Depot South,South Sector,South Sector
17.070982074879105,42.91829497015825,338.0207880304373,45.35489402635565,51.795812618251745,10.865525995150913,48.12042308380196,17.131400188442196,42.998646295234494,STH-02,6.0687921368725934,Logistics Depot South,South Sector,South Sector
16.97408319612121,42.42469192003144,863.1636997374598,55.79399166283833,20.18067865708115,48.09501245360448,129.6092379332076,17.379998377483393,42.58104329011144,WST-01,6.462507519766185,Substation West,West Sector,West Sector
17.02881887892445,42.48716348041962,820.1603009113634,34.48169860516624,27.57924482650006,47.54409929505334,87.04856707716722,17.407702307458802,42.69461949262279,WST-03,9.822567690150125,Radar Station West,South Sector,West Sector
17.245808922922986,42.487833897331726,428.51257586250176,40.2218133969381,38.154575197030255,16.653944547169857,54.871469499743746,17.363558663970792,42.5847786922277,WST-01,5.248851277454029,Substation West,West Sector,West Sector
17.012687882245384,42.76136491320867,719.6212079172273,50.760864231953505,18.85295713958685,39.032882295560306,104.68170172935771,17.344851460196693,42.88020022837566,STH-02,21.850192392444672,Logistics Depot South,South Sector,South Sector
17.009435322423627,42.95273830163102,640.8122294599998,31.326942398413102,10.726971956801721,30.912753510321057,64.59974344069083,17.282574761585487,43.00692955535044,STH-02,14.910701779267919,Logistics Depot South,South Sector,South Sector
17.12209220063871,42.662661020239305,780.8146275097099,54.89935905486671,57.970125406687984,42.17260605612282,118.16348943725855,17.322961392764892,42.99946930547367,EST-01,17.2318286350861,Substation East,East Sector,East Sector
17.099399487237946,42.60628386891631,585.391264050912,58.85475421492279,11.683733327774238,25.25684574644583,96.22964803641278,17.321827471692067,42.654466927756744,WST-01,11.12630992324299,Substation West,West Sector,West Sector
17.124131489160852,42.85950441135802,415.06318239946677,48.22911607745972,13.963985724135044,15.717134286115256,61.31416139818315,17.261298585169126,42.89522185520582,STH-02,12.677870987826092,Logistics Depot South,North Sector,South Sector
17.063020583462563,42.84554143705339,683.906040073699,58.69525113092163,37.12116602895554,32.494883237697586,110.10314311874208,17.295952088216406,43.03025691125663,EST-01,13.781640065213912,Substation East,East Sector,East Sector
17.198028707968483,42.54805368356632,348.168196197567,42.39185488295243,4.642098595290167,11.458883150318714,46.95134702474976,17.300742545743297,42.55678903031469,WST-01,3.3321561471000467,Substation West,West Sector,West Sector
16.991574165432738,42.496495817384734,650.7527947010533,42.4509519196541,2.042859228912395,34.38329182433993,84.09261880959754,17.300593259233228,42.508040722953865,WST-01,5.525599953112697,Substation West,West Sector,West Sector
17.07851779375244,42.614686019449216,427.6228832786745,33.18746728240313,3.8408162283209157,15.582440060559746,46.5804012786984,17.218338868181462,42.62451340870632,STH-01,10.945306707437886,Power Plant South Bravo,South Sector,South Sector
17.156928554533227,42.86536203533598,710.9618622741361,31.06340804999309,7.395818747146099,36.55326397023176,70.40495549741807,17.482919780892974,42.909726461674836,NTH-01,17.485041216214963,Power Plant North Alpha,North Sector,North Sector
17.21047093208487,42.81703803394899,796.8258970368652,37.335129544036015,25.75181172805123,46.44394678987062,90.60372697547197,17.586578888223347,43.00740517584313,NTH-02,6.088294106956408,Desalination Plant North,North Sector,North Sector
17.06087148190703,42.79951222381372,365.7148375692435,44.34385971303443,49.75563860786947,12.583784421094755,51.00128508837691,17.133963867001192,42.88990506599043,STH-02,7.0109128600181485,Logistics Depot South,South Sector,South Sector
17.120323679728127,42.89765713609792,540.1611312891554,45.23047172588667,20.51831358573164,25.20523850164981,74.65793776630233,17.33260219703661,42.980887753585876,EST-01,19.356222199135196,Substation East,North Sector,East Sector
16.97074198350218,42.56627818740483,740.1129526655981,36.527261452242996,25.651884878845184,41.238393245804716,83.5288045825196,17.304985890016766,42.734437443379875,WST-01,19.775466826067923,Substation West,West Sector,West Sector
17.001095726433547,42.603810235281706,398.2218369113151,48.38417023984283,36.01506557015202,14.570205057834167,59.097106229960254,17.10706737022155,42.68442383332808,STH-01,6.995829357199435,Power Plant South Bravo,South Sector,South Sector
16.970741448739833,42.425403670365505,639.9142020214279,35.436176245151636,18.12866553742567,32.34046970187839,71.62471403472102,17.247126455402515,42.52016090860798,WST-02,7.492913709916333,Fuel Storage West,West Sector,West Sector
17.168364267599557,42.92124746548212,703.1033891254339,39.786334208073,25.952272726078828,38.68679573625923,85.55679394543183,17.48113506574794,43.080875793473524,NTH-03,11.832938718785513,Comms Relay North,North Sector,North Sector
17.03641799061664,42.749457840953305,512.8761643436294,35.871285455679825,23.178701211861647,22.256829810399626,59.0846598905828,17.220404933796807,42.83193815116704,STH-02,14.22682889777795,Logistics Depot South,South Sector,South Sector
17.16712358705755,42.578873375130215,799.1893645215607,50.899907999704126,20.513012499001192,45.62022640303428,114.57840869360625,17.55132506349536,42.7296593738331,NTH-01,6.2166021066078185,Power Plant North Alpha,West Sector,North Sector
16.96991948371298,42.441649918869615,606.3949110280282,45.49717524666936,23.30359016892225,30.579547708489347,83.26076363482414,17.222461146916007,42.55555065600015,WST-02,11.37831514680707,Fuel Storage West,West Sector,West Sector
17.208764340122496,42.83404570189747,676.196903964306,52.083032972178465,0.6670626247237998,35.01393001994491,100.97808363044408,17.523630365646458,42.83789006392692,NTH-01,8.772453275354446,Power Plant North Alpha,North Sector,North Sector
17.200659059433328,42.849242511729436,384.5236780228672,31.71744508774949,53.17564008729508,12.535317411308892,40.43939508023688,17.268204922338068,42.94374184833612,STH-02,12.050201944154644,Logistics Depot South,South Sector,South Sector
16.976678622915085,42.799707191269015,313.89610471960145,42.76086240705425,58.64080784692145,9.442636057657564,42.77528513770224,17.020856865822267,42.87554359426554,STH-02,17.378397926490102,Logistics Depot South,South Sector,South Sector
16.957126951937155,42.52226858256804,330.44914249499175,59.00875736944262,51.7497714849683,9.156936363110885,56.60254020207356,17.008098573912164,42.5898972183229,STH-01,12.847761616830226,Power Plant South Bravo,South Sector,South Sector
16.966886643894597,42.94792963510516,842.3520889189296,31.608585441190908,0.3445364432544995,48.05469935165793,82.84182780286447,17.39904450924765,42.9506529386656,EST-01,24.79895190927523,Substation East,East Sector,East Sector
17.20608905194402,42.85189481141253,829.5854305489507,42.551360690878866,45.053132801677314,50.007398563126635,103.82349708458378,17.52352292944845,43.18568288300048,NTH-03,0.9390468145465807,Comms Relay North,North Sector,North Sector
17.02041104671557,42.794653794150385,784.5548634971055,31.211946565668615,34.386010355202814,42.85322041383036,77.09241117795007,17.338325288629918,43.02266697223092,EST-01,15.18851009850421,Substation East,North Sector,East Sector
17.114481995357455,42.79056635405307,419.7672547409165,34.399599629124,5.65049466046502,15.296333462746977,47.204617792859665,17.25137612559018,42.804748821075236,STH-02,18.473596794079842,Logistics Depot South,South Sector,South Sector
17.077873260954018,42.94261462005498,615.2751911697019,43.87579354719155,55.971548092775855,31.38970942540335,82.06095017855726,17.235698980284447,43.1875682463434,EST-01,7.725987739105882,Substation East,South Sector,East Sector
17.188657657868582,42.956984279858275,777.670260329024,34.72540193052158,46.57302775335821,43.918885624915475,83.64847179818166,17.459949115756356,43.257686072846354,EST-02,6.315227837171441,Water Treatment East,East Sector,East Sector
17.0966694904412,42.75738245080614,704.8015087534643,45.562662748915294,8.71777718688562,38.91141992948214,95.15511539784221,17.44255732936965,42.81297779906413,NTH-01,15.677938590505839,Power Plant North Alpha,North Sector,North Sector
17.100198252198382,42.65000164657753,369.31271620556254,57.681950483102085,57.84248578160976,11.515011106465176,62.070027223749676,17.155295579430074,42.74175378468669,STH-01,13.5195125850853,Power Plant South Bravo,South Sector,South Sector
17.24672758184997,42.618240387735646,837.3247198874542,36.0122267459228,7.571925168638405,49.63189201161639,91.78601076259915,17.689175752931426,42.679974464425186,NTH-01,16.116084945910213,Power Plant North Alpha,North Sector,North Sector
16.99503886702478,42.89144730464843,396.40943566677737,33.215595291365936,27.28079271055701,13.560495261829338,43.356693425996056,17.103418167106415,42.94993070728856,STH-02,6.291625756932687,Logistics Depot South,North Sector,South Sector
17.19921118162378,42.7867632039006,403.0774160480013,54.75829685948856,9.538543959550378,14.095206295335275,65.20649818397652,17.324218492306333,42.808767103742525,STH-02,23.630440376230094,Logistics Depot South,South Sector,South Sector
16.965524923681166,42.446359618152194,840.6051775024249,43.808095422412656,9.011447703474268,50.92386369871925,107.29316102734315,17.417827071833337,42.52153849303511,WST-01,10.222343637978577,Substation West,West Sector,West Sector
17.093294630871892,42.48531160780902,590.7701634567097,56.478332965324135,58.06834430247661,26.685300268467614,94.57400675594562,17.220113496904027,42.69854111250913,STH-01,13.912199878612572,Power Plant South Bravo,South Sector,South Sector
17.21590044717991,42.940111537062904,523.7350955738801,39.183698839961615,34.327366883540414,23.6485123799083,64.81352313191634,17.391495311291987,43.06578904868354,EST-01,14.265149865071173,Substation East,East Sector,East Sector
17.149564189681236,42.9306988888627,632.1940453788338,48.82596015561269,15.55049506158015,32.28078798376164,91.00153303880545,17.42922862619322,43.01227165178841,NTH-03,21.024257284703946,Comms Relay North,North Sector,North Sector
17.15556438580984,42.97109946921848,888.8383996992668,57.69940662904993,46.583962251992006,48.59319376725411,135.46058655822546,17.455642889632774,43.30385708013557,EST-02,3.984380015104861,Water Treatment East,East Sector,East Sector
17.028995184676944,42.656710580397,371.7782731446257,35.15087398343718,52.51466395815044,12.332187830340247,42.80934015235634,17.096467148550037,42.748784006872484,STH-01,13.934395286200138,Power Plant South Bravo,South Sector,South Sector
17.075572437408436,42.87043654458442,754.1693092752391,54.0218567791621,55.05623620726672,40.51039906549335,113.58661555809665,17.284003517301585,43.183196061115495,EST-01,3.037897553555321,Substation East,East Sector,East Sector
17.059974319049715,42.89693501638859,500.5955173464765,48.94550249535382,55.97909825801232,21.816045540971746,73.82504712053141,17.169674133690652,43.06713382938085,STH-03,10.064620341775264,Comms Relay South,South Sector,South Sector
17.106432963047396,42.58941814350292,370.22956250857425,54.3884023388116,54.33490978531771,12.127646415284778,59.88400149045317,17.17000260115465,42.68216118672888,STH-01,8.633554129052294,Power Plant South Bravo,South Sector,South Sector
17.0886683790431,42.487202626736284,553.1600132117632,35.12080034859324,38.335943755594236,25.203731304644545,62.25387084538887,17.2664061656596,42.63442928088932,WST-01,11.41699859855043,Substation West,West Sector,West Sector
17.048069505563095,42.9982158169835,629.2517266351626,43.02259411011037,20.547998988423426,32.56819613316463,82.46849088166333,17.322299193474127,43.10590243803654,EST-01,6.255330513849326,Substation East,East Sector,East Sector
17.04164418371135,42.41813152225081,423.57698263688815,33.86511685430858,55.534060646332925,15.44981732075633,46.974949422572365,17.120239311590833,42.53799643711113,STH-01,8.714394622131522,Power Plant South Bravo,South Sector,South Sector
17.025255867496536,42.75840155122687,543.1616754579616,58.802463239560936,7.349791680023161,22.31800009398351,89.92603584205375,17.224315309681074,42.7852832466848,STH-02,18.902406395531113,Logistics Depot South,South Sector,South Sector
17.059514174065427,42.790127364509026,681.4056152833743,31.880751688804033,10.127988903049053,34.487896356787765,69.30995804633878,17.364829775248733,42.84727185846714,NTH-01,24.967135562446725,Power Plant North Alpha,North Sector,North Sector
16.994982443380216,42.80907360518179,645.8688118321334,31.96450193983165,26.02965242974163,31.5989163808588,66.19743016140687,17.25029143843182,42.93965338907424,STH-02,10.099935350473656,Logistics Depot South,South Sector,South Sector
17.211631290601073,42.55337664638145,733.8963564329104,56.94468576545107,17.019896532790895,37.31013591346431,114.79295122232982,17.532447176537207,42.65637385448258,WST-03,8.93171626931678,Radar Station West,West Sector,West Sector
17.13063581755003,42.83294754657931,801.8427197624408,39.02286444413025,36.94396885343228,47.2543719297099,94.35397395465701,17.470103519775623,43.10071758332538,NTH-03,10.726094259397975,Comms Relay North,West Sector,North Sector
16.990135927678157,42.52983973796876,545.4841990616242,47.910600985414504,54.31811537787739,25.410531117376323,78.63245379622708,17.12333712904363,42.72407040139001,STH-01,11.065484031216037,Power Plant South Bravo,East Sector,South Sector
17.1581578002627,42.897422953451006,553.7803652773365,38.6242658672192,29.461879582346857,25.95478151033216,67.43466053048496,17.361354038821446,43.017707318052544,EST-01,16.573239483963995,Substation East,East Sector,East Sector
17.20429994039939,42.53147000445078,598.0152806730919,49.46275126882595,33.23223560511194,29.366696429711126,87.42109370108814,17.4251516619533,42.683167339130364,WST-03,7.740653520044738,Radar Station West,West Sector,West Sector
17.021260701615677,42.81802361744565,639.812027028782,35.77408107810082,25.38802373886555,32.427479424215285,72.18178084123751,17.284681703003255,42.94897068744706,STH-02,13.864422987080706,Logistics Depot South,South Sector,South Sector
16.99518017830118,42.87004809150039,364.993604542735,43.76608374154408,42.45414959855631,12.535177403250014,50.38529762615069,17.07833993168656,42.949651967156,STH-02,9.080273170128677,Logistics Depot South,South Sector,South Sector
16.952585177140126,42.513367450277315,487.5812125168644,46.00476524341183,6.04132679077283,21.087629984591334,68.81924349575296,17.141176218726166,42.53425456096954,STH-01,9.41082817065539,Power Plant South Bravo,South Sector,South Sector
16.964175101656945,42.54279189257956,403.13507722621455,40.0092867086139,2.915393155593693,14.88918946402104,51.55895094105592,17.09790318575312,42.54991719700365,STH-01,7.8428259407341185,Power Plant South Bravo,South Sector,South Sector
17.178675404491052,42.86746224324062,531.5116574064789,37.55101833806856,38.48030846598977,24.016383083230693,63.448639672153874,17.34770369144711,43.008261869609555,EST-01,16.958091476418513,Substation East,East Sector,East Sector
17.246155899612507,42.45159938298097,884.0124435444219,34.2062000301365,32.09271270924911,53.042519741928814,92.12688998220499,17.650108374602,42.71755448357328,NTH-01,10.226029914519538,Power Plant North Alpha,North Sector,North Sector
16.963464096742882,42.51445657148,649.6385740085879,51.18433008923759,24.44148174116266,33.139576413057526,96.35458850534225,17.2347460670936,42.6435677358005,STH-01,13.002529275648005,Power Plant South Bravo,South Sector,South Sector
17.174421287723966,42.67331854371395,557.6289119523278,35.048481479832695,20.039558512750318,25.537295835472207,62.6082725872046,17.390161994772672,42.7557858521709,WST-03,16.365605898441036,Radar Station West,West Sector,West Sector
16.971558649752286,42.95810915724686,639.5621371342253,38.76379173564434,3.1084466425875323,33.067817500070966,77.05850472916099,17.268506021460396,42.974996327129816,STH-02,12.35399311149712,Logistics Depot South,South Sector,South Sector
17.127639847471098,42.737126700935804,701.4459332563076,40.10726293849552,40.83336974483987,38.583539337670736,85.9251377331879,17.390037867447326,42.97487605366757,EST-01,22.052465140329733,Substation East,East Sector,East Sector
17.17682258472847,42.63260670892493,560.9720779742406,43.6310039093901,25.288052149243036,26.91125712522677,75.1750313075982,17.395619790164734,42.740944323817985,WST-03,14.69299460515072,Radar Station West,West Sector,West Sector
17.057761319180322,42.98702213333348,568.6258825517323,51.077060986502005,26.716082371177002,26.6892004405686,85.46982823880987,17.272127963071856,43.100024034471744,EST-01,7.081969075529513,Substation East,East Sector,East Sector
16.953280416333197,42.678226783732775,720.8406776290251,42.83835403961116,53.6066910847135,40.44536861176246,92.61656063348816,17.16886325937009,42.984673815106134,STH-02,3.813393731694407,Logistics Depot South,South Sector,South Sector
17.12855680563763,42.660240984212486,336.51754992342075,56.13280864306451,44.252872951408726,9.932848212478046,55.81082519450058,17.19252912421203,42.72549211749924,STH-01,13.808232110521846,Power Plant South Bravo,North Sector,South Sector
17.247373388442007,42.646986590132634,624.0483409730065,50.393569398605536,13.16658892159749,31.270796036556206,92.00142249327676,17.52119397164424,42.71416108538301,NTH-01,9.56455215873354,Power Plant North Alpha,East Sector,North Sector
17.027285226851546,42.58730804356408,628.3966873306208,55.154601483905395,39.42998979130696,30.067646964470825,98.38276457746538,17.236066745094607,42.767126274614384,STH-01,20.269706443533973,Power Plant South Bravo,North Sector,South Sector
17.006847383156163,42.595416885842546,754.0513566770285,51.49061883992822,7.935319110219461,41.62866679147997,109.99445565463438,17.37763045606999,42.64957275193899,WST-03,9.681585524076198,Radar Station West,West Sector,West Sector
16.987177767826054,42.8127022359577,889.5868514019949,34.45895399511299,11.643832071128589,53.646334834449085,93.16966709917794,17.459676290182244,42.914775882937306,NTH-01,19.57671611086937,Power Plant North Alpha,North Sector,North Sector
17.116576685970017,42.42450135840513,777.4528720720848,59.33781905592271,42.84895444394608,38.97604705308707,123.51412906862396,17.373406088424357,42.6742725336386,WST-03,11.219202987361902,Radar Station West,West Sector,West Sector
17.12893352980808,42.80909003538779,602.2731675902808,53.59758797305096,7.5534250949938535,28.619398711918183,92.98924600864788,17.384077154258325,42.844542016351284,NTH-01,22.835771861786192,Power Plant North Alpha,North Sector,North Sector
17.18768125115112,42.520722698875524,401.6719077643071,47.18165305902038,16.811637082258674,14.873300320935387,58.47840376165062,17.3157190774299,42.56124570347254,WST-01,1.9866248924093999,Substation West,North Sector,West Sector
17.17592198208615,42.6305248019227,652.9565829799024,34.95692822214379,53.88361607901236,33.28842716253682,72.1108160849667,17.352220194884723,42.88389257989422,STH-02,22.497220005455524,Logistics Depot South,South Sector,South Sector
17.217762448438528,42.4879233835362,800.5793320276116,35.18041945736923,44.298928696892744,46.09758081347083,86.68527320096211,17.514240639838402,42.79152967456503,NTH-01,7.413588463323289,Power Plant North Alpha,North Sector,North Sector
17.19173180950269,42.73165062644348,859.4484381871995,48.429935245804245,55.76757105846119,51.6190766758496,117.51802407902935,17.45247968195432,43.13397027010046,NTH-03,9.906187768852154,Comms Relay North,North Sector,North Sector
17.024180124923834,42.83761026697128,795.1862276964603,42.48591399006034,52.91000051767221,46.9713180858373,100.08460470934153,17.278624742192246,43.19049647800625,EST-01,4.016575920366699,Substation East,East Sector,East Sector
17.11676322146273,42.61279334563382,413.3811638175381,50.275785015454375,18.75476531851875,15.416569116627745,62.95274328941865,17.2480406652085,42.65946899012158,WST-01,14.769441980219481,Substation West,West Sector,West Sector
17.039223587728074,42.498049946524155,727.5455186095988,41.17283174699108,37.942646068862196,40.96699898446848,90.54453269230815,17.329634791951307,42.735355140469665,WST-03,18.97256880206962,Radar Station West,West Sector,West Sector
17.04893561386545,42.5359033491587,828.092968491506,45.38535514369785,22.721740687306397,49.64515718429562,108.78099018031052,17.460674485479995,42.7166830171974,WST-03,10.255611353235635,Radar Station West,West Sector,West Sector
17.229583310768998,42.890867751115344,708.6101799761851,35.63874113891886,41.82625989756658,38.2393548251181,78.80126629056515,17.485699961063194,43.13131168121549,NTH-03,7.136008346595441,Comms Relay North,North Sector,North Sector
17.154568771520122,42.56058924103591,711.4512245569291,34.6560343288148,20.90742129905478,38.15507417208018,77.26946381152739,17.47507172281705,42.68896473219547,WST-03,7.504446242558688,Radar Station West,West Sector,West Sector
17.24237712397533,42.864821555806735,600.0973717506472,32.26934291095472,0.07904231280355223,28.031821512981146,62.4225441968665,17.494472762946256,42.86518619933122,NTH-01,13.115698425362906,Power Plant North Alpha,North Sector,North Sector
17.075073761015624,42.59871964408372,682.185733275303,54.58917914695657,5.636292910307128,34.503270577954126,104.9833653960133,17.383866035728015,42.63065316226789,WST-03,8.540836624554007,Radar Station West,West Sector,West Sector
17.111231272006194,42.51323953260577,476.62843153381266,46.66158754738984,46.260739573366436,20.22897167956817,68.10533936919302,17.236962393270726,42.650858657478125,STH-01,13.412445949286155,Power Plant South Bravo,North Sector,South Sector
17.096134625974926,42.83638513577646,353.2860520714471,58.41423119719987,5.040314686335661,10.478920451707205,59.9692227528289,17.19000909655077,42.84505180312999,STH-02,11.63797237552941,Logistics Depot South,South Sector,South Sector
16.98218611725712,42.68112701768512,796.6289428472403,52.484588440779845,35.965360994414546,44.71143271440396,116.66416527773217,17.307484080682034,42.92847647694214,STH-02,16.558046065718923,Logistics Depot South,South Sector,South Sector
17.02101059835798,42.418766350764884,865.8865844349094,53.062894807484824,51.46671074155154,50.06227846477503,125.81975302921172,17.301150349236977,42.787637973080564,STH-02,23.316987653303876,Logistics Depot South,North Sector,South Sector
17.108290908181345,42.97596545160664,814.0934012261665,45.27175302591046,44.46607421052676,48.44033589996091,107.05248256839975,17.418935640165554,43.2957863562674,EST-02,0.4624496483827715,Water Treatment East,East Sector,East Sector
16.9702122915399,42.48865206704326,500.3481322684818,54.46361809576952,24.80632768917244,20.738667285332955,79.47733860726655,17.13949418447777,42.57053797143715,STH-01,5.685405589734306,Power Plant South Bravo,South Sector,South Sector
17.229438578792667,42.61204418587185,356.118090784757,58.261903359414504,12.51625291758918,10.66312955329116,60.33042594333322,17.323054100461224,42.633813807574484,WST-01,8.930245672240124,Substation West,West Sector,West Sector
16.98715310458301,42.630876780997426,468.0830325788439,51.652207570063126,55.35224926450966,19.02601369200472,72.08500529795242,17.08437830307646,42.778136403147755,STH-01,17.266909486661806,Power Plant South Bravo,South Sector,South Sector
17.00939422392507,42.693657939555045,805.7012254859401,33.16766822661004,33.98398090710359,45.69503498657589,83.02099262084086,17.350005073505585,42.934308142831355,STH-02,21.193238796408487,Logistics Depot South,South Sector,South Sector
17.179596367181592,42.871266413400505,693.4887045799296,49.530595777605186,24.32520355602335,37.21638818215753,99.68231701295436,17.48452580852276,43.015809733495985,NTH-02,17.293671426940353,Desalination Plant North,North Sector,North Sector
16.979080362536795,42.40365416780507,880.0165464617622,33.61299636723276,56.5234619413967,52.41286120852505,90.47133164117777,17.238665650736632,42.815311894114075,STH-02,16.769083660523815,Logistics Depot South,South Sector,South Sector
17.22008342988462,42.959483230801645,505.60861106226207,32.31667267256003,12.901064632314652,20.8217211814053,53.32791244151638,17.402605816486826,43.003296501301975,EST-01,20.168929808596015,Substation East,North Sector,East Sector
17.16771029121676,42.78759367612181,630.8832721749854,50.78701215347814,26.53691234721729,31.7258481683461,93.39738446208646,17.42292414152234,42.92119511978228,NTH-01,23.00579769150409,Power Plant North Alpha,North Sector,North Sector
16.970586257132656,42.970389327489364,774.0229329829367,55.04356295772116,6.518742549810382,41.55155470547375,117.50320998605511,17.341847076718782,43.01483268469781,EST-01,16.0971079731178,Substation East,East Sector,East Sector
17.157554118385697,42.89043372244989,440.3951656390874,34.765244721881,7.492815653972292,16.76414670111054,49.85778952215072,17.307029123010103,42.91102585087049,STH-02,16.864748907767197,Logistics Depot South,West Sector,South Sector
17.139488562651394,42.95670293084993,878.4539847957994,32.22445823898134,23.91577535981011,51.54574045469571,87.23884573132811,17.563153602293237,43.153814270974635,NTH-03,4.614971736459002,Comms Relay North,North Sector,North Sector
17.177204829821974,42.76060033056141,655.438603495089,56.59568682576132,41.97962135910595,31.49488402067169,103.77326970114386,17.38766318316024,42.95912101356021,EST-01,23.44376444911004,Substation East,North Sector,East Sector
17.1984593557468,42.6143853897263,304.73853799179193,33.966280109726064,20.333636649251005,8.356336576901437,34.27747633501905,17.268924767494756,42.641731775093604,WST-01,11.872811407783617,Substation West,West Sector,West Sector
17.165505168951945,42.66574843786816,315.0919653768074,31.052582812312114,41.37587835618013,8.518248497134524,32.722768973880065,17.222982837004267,42.71876206581214,STH-01,15.531222460929069,Power Plant South Bravo,West Sector,South Sector
17.125852888581292,42.794819386230465,829.3296098409571,51.63163106299467,48.31142815514355,47.80903463980145,119.285782930065,17.411529751667107,43.13131531334341,EST-01,12.76976538701679,Substation East,East Sector,East Sector
17.046738995574533,42.6561591158598,687.1689166566465,55.431466622860285,52.65467487920018,34.50414150204781,106.6944919591001,17.2348105001406,42.91444495515282,STH-02,9.135785293058849,Logistics Depot South,South Sector,South Sector
17.15918209854898,42.83900367008067,757.8435114383173,45.43420024392679,2.6831702432242155,43.516763698097954,101.05661623294526,17.550107248244473,42.85821842845576,NTH-01,8.933390270084692,Power Plant North Alpha,North Sector,North Sector
17.237091475389235,42.45510880964802,770.4096005741449,46.19775732281364,46.42389929838549,44.497536861193986,103.73912766656937,17.512710270682184,42.75910901458826,NTH-01,7.803228417075476,Power Plant North Alpha,North Sector,North Sector
17.126256534158664,42.89799198939093,552.2758657504659,40.10581538182136,8.828527333441087,26.02159023511475,69.34873504334958,17.35749788746565,42.93562198806512,STH-02,22.013802502410748,Logistics Depot South,South Sector,South Sector
17.149303460530277,42.5225131837852,779.1667476853811,37.153895965986976,41.89573759796005,44.83768078984496,88.53626776484003,17.449258831723878,42.80477149128512,NTH-01,14.773178947730647,Power Plant North Alpha,North Sector,North Sector
17.08113841265994,42.96636856571483,862.5194668875229,52.65696210526758,22.299747936000102,50.016432159618894,124.79089386603054,17.49722694850815,43.14532783641471,NTH-03,5.1766820458731555,Comms Relay North,West Sector,North Sector
17.17683624292292,42.49332747996236,403.30266466177295,55.47853224363128,42.46759786169171,13.976585711560713,65.80586319935064,17.269536324960665,42.58219930049768,WST-01,7.542410372019178,Substation West,West Sector,West Sector
17.24930021770159,42.47749851766144,758.4818397252124,39.6373427449559,12.829454670479812,43.519002235321615,91.09851498348249,17.630884260304235,42.56868596258289,WST-03,19.764987664164686,Radar Station West,North Sector,West Sector
16.99811679722032,42.88712566635243,484.67520456933903,38.21457554626954,38.69944313405971,20.526437904743446,59.082438386152184,17.14214848992391,43.007908573814575,STH-02,6.465076087903745,Logistics Depot South,South Sector,South Sector
17.01072158385113,42.891221096621805,492.8958018323123,38.0337515863515,7.530845223716433,21.119635986722205,59.783449320464,17.199014830684362,42.91727889481433,STH-02,5.559110147456858,Logistics Depot South,South Sector,South Sector
17.111831327599315,42.84325565192875,547.6529106218318,31.517862540670684,10.184732859408417,23.68983169248395,56.218584522594355,17.321517935540353,42.88271675101066,STH-02,19.329209220507746,Logistics Depot South,South Sector,South Sector
17.0944126191785,42.97631827834282,818.2317119448513,38.432250745211434,36.86771550987358,48.59507688557933,94.83146670011818,17.443856865404822,43.251158253731205,EST-02,5.821124730584787,Water Treatment East,East Sector,East Sector
17.121470935352015,42.56232377721125,313.2336403860295,30.76952750907015,20.20628949902164,8.380919977686803,32.270182017003116,17.19220171094686,42.58957472695715,STH-01,8.654834222070606,Power Plant South Bravo,South Sector,South Sector
16.96472221431728,42.89598924339417,560.3557240861584,53.65222867405119,42.22668438682851,25.38564931203559,87.23201931536808,17.133712286556833,43.05654600055618,STH-03,6.471804075605991,Comms Relay South,South Sector,South Sector
17.071282936899134,42.61122431802605,708.0285897415623,37.677804870928796,41.10956612416125,38.73675635252239,82.40666364886842,17.333620223351982,42.851172575492456,STH-02,21.973980398202258,Logistics Depot South,South Sector,South Sector
17.12489347861967,42.722439175341606,366.2492749695132,50.70465568054091,37.2980394153047,12.324970786050383,56.460007890329116,17.213054675167978,42.79275380104548,STH-02,17.715401173212808,Logistics Depot South,South Sector,South Sector
17.12555740539149,42.6673600178208,775.3521582104499,46.295651566216684,43.83243247405907,44.90941217443619,104.46238077178195,17.41669141269384,42.960506134996535,EST-01,24.832186691277602,Substation East,East Sector,East Sector
17.147200188530512,42.40351001360416,865.1415587384117,55.123908899315964,47.63611443981983,48.71391876915697,128.86337274126683,17.442120022917475,42.7428087591245,WST-03,13.178043563028162,Radar Station West,North Sector,West Sector
17.1660648087008,42.74467731612349,354.56089264618714,58.81136182671065,54.68539694830944,10.473629370858715,60.42793392866727,17.220497720203806,42.82514374889638,STH-02,14.871648316784162,Logistics Depot South,East Sector,South Sector
17.142464161002255,42.84850353265837,391.7688826985269,41.01874842387495,4.83094976890561,14.192347566392828,51.19849802121938,17.269645100304082,42.85975987571305,STH-02,15.50844902059289,Logistics Depot South,East Sector,South Sector
17.18707294661683,42.50473143014516,884.4583349677217,32.650224596689114,34.29294088670699,52.30642216550917,88.70121902596951,17.575512753761693,42.7827432095238,NTH-01,0.5775110003977378,Power Plant North Alpha,North Sector,North Sector
17.137428190405377,42.95899351713582,418.71338447144495,52.489372931577684,44.92661001722406,15.485286772000572,65.67810818380097,17.23600149769761,43.061964797872065,EST-01,12.60966127480851,Substation East,East Sector,East Sector
17.111252298761162,42.7182397236511,347.3638054219227,30.6390697859755,13.016487400192638,10.174270441722701,35.55022661819227,17.20039939385488,42.73981307018221,STH-01,15.555232449552063,Power Plant South Bravo,South Sector,South Sector
17.131858928666343,42.50694760189066,871.3155218375401,36.68890003458739,15.817268578616757,52.860170505185586,96.33329424707577,17.589195610580152,42.6428762813174,WST-03,14.569262890259216,Radar Station West,West Sector,West Sector
16.980358010026,42.78756854255013,835.5736258856813,31.597520054194156,16.01786066012525,47.461702899824985,82.24759647110454,17.3905819609412,42.910988064389926,NTH-01,25.231261394431204,Power Plant North Alpha,North Sector,North Sector
17.031946962217656,42.51515362510921,693.4352836398787,56.94445114859447,34.339978288471094,34.210966028691864,109.37546069727033,17.28590741210167,42.6969178713141,WST-01,16.349278797770086,Substation West,West Sector,West Sector
17.10821993419744,42.4381200089772,630.8585563725319,30.15891245104717,21.970234107939586,29.58023259481285,61.62480491280519,17.354895334006464,42.54239171935956,WST-01,2.8836215079917746,Substation West,West Sector,West Sector
17.211896164620512,42.81118914545154,851.5396177816622,44.782264950456955,39.965684407295946,51.77963748891368,110.22889176654307,17.56855136976452,43.124931259731056,NTH-03,7.243111005052025,Comms Relay North,North Sector,North Sector
17.153715466886396,42.466416929983296,693.3120450668537,42.7199738147694,36.61438091807618,38.05112392476832,89.34536574348348,17.428276642827303,42.68033458609989,WST-03,7.308062989955667,Radar Station West,West Sector,West Sector
16.97712242354157,42.46373046902586,695.037995589042,49.582339936444185,39.426709986182914,37.33238524543949,99.94831658131761,17.23633698356994,42.68697967894582,STH-01,14.763943195537252,Power Plant South Bravo,South Sector,South Sector
17.12768248513332,42.843966137909085,806.2113385211718,38.6923226570775,15.139057008553582,47.58097839206766,94.15383632028804,17.54070345791189,42.96116756961419,NTH-02,12.680597891573605,Desalination Plant North,East Sector,North Sector
17.01652139629113,42.43312133992484,691.9474063754526,56.21086201408375,46.04228254937981,34.48620744669959,108.290131918528,17.231665259965272,42.66686871303477,STH-01,13.377763767315708,Power Plant South Bravo,West Sector,South Sector
17.170204967936616,42.88586150742877,602.2061322226066,52.030372247441804,39.84213304612163,29.091947509928737,91.13361940952367,17.371011504897215,43.06149092527096,EST-01,13.102681368028628,Substation East,East Sector,East Sector
17.198232255752625,42.8776892551887,533.8328987390687,42.968832779766984,7.838976757887055,24.724830700662388,70.99740896417889,17.418507348039977,42.90947364704334,NTH-01,22.605059477308625,Power Plant North Alpha,North Sector,North Sector
17.128036881776993,42.48483605684666,601.8803356747444,40.740787485376245,12.010371144543981,30.150623667657005,75.93447377587906,17.393243460984007,42.54396279979517,WST-01,7.061489687270092,Substation West,West Sector,West Sector
17.127408782925514,42.71102838836618,613.4871894523167,54.476647424927535,18.057908778387905,29.18092666083642,95.54637716445603,17.376894565301402,42.796265849022575,WST-03,20.859683446841068,Radar Station West,West Sector,West Sector
17.051577432963242,42.45797529458137,516.4991286709511,52.71180895607312,56.162490470323874,22.341753725573998,80.04590156368067,17.163385068657362,42.632645227439184,STH-01,5.00782375585651,Power Plant South Bravo,South Sector,South Sector
17.083875006348393,42.779542731871594,568.8710453882077,41.97000174072142,19.580991816254002,27.512546782271134,73.86866107353157,17.316973429702713,42.86640167587552,STH-02,19.58282836747824,Logistics Depot South,South Sector,South Sector
17.209232506144602,42.43775800778233,781.1231597181127,40.241155878303815,1.1927449599191542,45.59602886037937,94.53539806188371,17.619197832254915,42.4467136706628,WST-03,25.513128198791982,Radar Station West,West Sector,West Sector
17.166996099290145,42.96668851379365,549.9080212055327,31.166639689876263,8.497544259530994,23.734231074138258,55.88582960835314,17.378097000475407,42.99973736525487,EST-01,19.099031323567417,Substation East,East Sector,East Sector
17.105926097908753,42.52463844122175,315.3358599812576,32.45121736320437,1.9303094190487702,8.727802354358072,34.05019955083846,17.18437244229757,42.52740585909589,WST-02,10.288664240964227,Fuel Storage West,West Sector,West Sector
17.06046971587451,42.809736793569186,469.8115930643095,31.61755366662704,24.170354648592994,18.07149911834967,48.826173816672814,17.208730638470012,42.87939955107083,STH-02,9.252614754154726,Logistics Depot South,South Sector,South Sector
16.965113921486566,42.47697485462626,439.0451184550189,30.732464590440806,47.82920405818224,15.753357911503526,44.65591766553664,17.06019577072262,42.58680842974195,STH-01,7.527736180848289,Power Plant South Bravo,South Sector,South Sector
16.992902220397916,42.52575786899607,776.149207099181,34.586171464223426,27.0261468353402,43.73222657782821,83.23076302274227,17.343161268517203,42.71297963933898,WST-03,16.31321685626298,Radar Station West,West Sector,West Sector
17.00790755686181,42.670569789330024,569.5758350830853,55.71425453041725,50.3396480875888,25.40557292183508,90.74135554493013,17.153647068338252,42.85464941766895,STH-02,10.15531272468179,Logistics Depot South,South Sector,South Sector
17.0620150629776,42.74385768480491,468.1863258210799,53.944779322675956,2.851759281644244,18.590560033376814,74.27412214830876,17.228996522612057,42.752566425210375,STH-01,18.58049270225948,Power Plant South Bravo,South Sector,South Sector
17.233243094122884,42.99931794423501,786.4229303049748,55.36721543484592,28.183371848685837,42.344952819459834,119.51498231228094,17.56882217433805,43.18797468054379,NTH-03,4.398850798657863,Comms Relay North,North Sector,North Sector
17.101546018457626,42.415555736854564,311.5300827339672,48.714010842764154,47.22452232776526,9.23079035669942,46.94181254220566,17.157913358165498,42.479328162410184,WST-02,9.644628864107665,Fuel Storage West,East Sector,West Sector
17.02045204897777,42.40018865178645,404.55050563873056,48.7218930372201,40.48333305923703,14.968077872971428,60.293972943538556,17.12281600783894,42.49163494183995,STH-01,13.644595783921428,Power Plant South Bravo,South Sector,South Sector
16.981725041238455,42.61022025682897,796.17289163748,33.7179523965905,51.16953222842802,45.11770604011782,83.30763638993301,17.235871451017932,42.941164318487836,STH-02,8.488578307469048,Logistics Depot South,South Sector,South Sector
17.05149165738089,42.61969382068145,630.3910365962415,50.968960609271605,16.430083434574506,31.637826152974537,93.56540175175788,17.32438119517534,42.703994511671794,WST-01,16.358298634288563,Substation West,West Sector,West Sector
17.194719190665317,42.93030234165918,764.1898647476883,38.400792326114185,30.051047777282918,43.808427940496856,89.40980557164414,17.53563261773651,43.137209194653565,NTH-03,4.580112090957804,Comms Relay North,North Sector,North Sector
17.06500283802315,42.94754952861838,802.9056088572465,45.57759989358603,40.61271470053369,47.4199346261384,106.3479316188869,17.388529841067577,43.238440999374916,EST-02,7.410000296659612,Water Treatment East,East Sector,East Sector
17.181751741806725,42.92831498581559,865.1780931531238,58.64167811402572,10.109397369527255,46.03034999325465,133.85747693535166,17.58927068480626,43.00453980002965,NTH-02,5.873998562102375,Desalination Plant North,North Sector,North Sector
17.190811492838062,42.485907250291625,338.0547595820028,56.118461829552814,48.94840288062222,10.019496362856874,56.04612510006202,17.249975980318773,42.55705928601651,WST-01,8.92978558181409,Substation West,West Sector,West Sector
16.98324623090961,42.64726290110864,779.5408459790832,36.99580521887376,18.688203047458366,44.82815575171455,88.26847731284218,17.365094570966008,42.782606703960596,WST-03,20.22411242444352,Radar Station West,West Sector,West Sector
17.132597925788033,42.847531097377015,725.2596889319009,52.09951847100881,5.5984382349416855,39.016040908907385,107.27251543905147,17.481800275083977,42.88341874031187,NTH-01,15.474977254879438,Power Plant North Alpha,North Sector,North Sector
17.237728819011334,42.587566640670545,424.2153604059355,33.122722498776334,45.942077440917636,15.342621734522691,46.148260129088925,17.333650916806082,42.69144102222788,WST-01,15.018931325979468,Substation West,West Sector,West Sector
17.070641422471066,42.79794281710633,859.0213598040739,30.80227457232098,42.30107878391881,49.00373374834782,82.42545881178894,17.396354051623913,43.1087615215215,EST-01,12.015276410720325,Substation East,East Sector,East Sector
16.965283226700905,42.54228571791465,542.5211281838352,30.845228243455807,53.020785197066346,23.06326145775194,54.69043340051244,17.08997383827369,42.715632160150335,STH-01,10.697818780998912,Power Plant South Bravo,South Sector,South Sector
17.226990807077364,42.594051554776485,832.5663164728825,35.10739452654037,53.52448472622744,48.885345997176756,89.47480452281772,17.488004893146112,42.964697899208545,NTH-02,17.889047231514763,Desalination Plant North,North Sector,North Sector
17.215099884471744,42.91625778960909,663.0682227989553,50.84845206281379,16.71154707489465,34.33355651489672,97.64871943433457,17.5108061020057,43.00935922422798,NTH-02,14.409940876107594,Desalination Plant North,North Sector,North Sector
17.1066424341627,42.5503054216534,616.0487679245739,40.89917680374056,38.481766513069196,31.350539282949004,77.77953692421077,17.327265104835224,42.7340878725048,WST-03,19.089137809510422,Radar Station West,East Sector,West Sector
17.1156759361032,42.97859445213092,395.71436033758766,30.478273169000754,59.947379770319515,12.95021175755668,40.13053103880006,17.173973140314043,43.08410609673808,STH-03,10.458456771606132,Comms Relay South,South Sector,South Sector
17.01352233083284,42.583755736562104,848.5965745723877,59.640678941305254,14.628392907664324,43.949521638994526,133.09980661068042,17.395930202078326,42.68835855401073,WST-03,10.166084332086363,Radar Station West,South Sector,West Sector
17.19583522666339,42.414116865893966,633.9971444173477,46.00135209695979,28.372600113517088,32.842062256776416,87.34444976671188,17.45565775543921,42.56124566505537,WST-03,6.2509367221322645,Radar Station West,West Sector,West Sector
17.099580011517638,42.55294054228154,303.65544329809046,41.816406453339525,54.60998187843051,8.846232595450392,40.68540248016565,17.14564268443741,42.62081321286621,STH-01,2.852649461053439,Power Plant South Bravo,South Sector,South Sector
16.960163338542767,42.50272296534605,310.9707246421699,45.56549685146494,6.184778491595779,9.288936955275558,44.555179985656736,17.04321420536054,42.512136268378185,STH-01,14.294868642908618,Power Plant South Bravo,East Sector,South Sector
17.1549044869347,42.70409617973053,766.5795630108285,45.599127295756496,55.69499385337169,44.25481907822623,102.31783601911879,17.378919665732905,43.048582634951345,EST-01,14.726319423539326,Substation East,East Sector,East Sector
17.235148880940812,42.46762963979671,397.16181202703376,44.10709731278981,29.289335673706574,14.642187598974118,54.948573843039014,17.349983841391413,42.535120977413044,WST-01,2.726148461400282,Substation West,West Sector,West Sector
17.198745147103725,42.77562932634724,659.2430613768871,48.38846713394912,53.5824473143201,34.611925611896595,93.81179907313725,17.38336639761073,43.03810120039543,EST-01,15.916475054557141,Substation East,East Sector,East Sector
17.033159442063162,42.924939442333894,708.6491771603881,56.56879859604919,37.282284649612805,35.583501781859646,110.96811225733323,17.287677518689225,43.12795348977863,EST-01,3.6678661832880186,Substation East,East Sector,East Sector
16.965997525480002,42.61751132908224,467.6193557690981,39.0514107623126,40.2861328213847,19.362135453003514,58.159681654120085,17.098792546386914,42.73530984695492,STH-01,12.479284142847819,Power Plant South Bravo,South Sector,South Sector
17.232105423761453,42.50109563158324,641.5882850468474,44.60905868537887,46.37914508567959,33.58277005209825,86.25787773529119,17.440331591951598,42.730266441780714,WST-03,11.899512949582453,Radar Station West,West Sector,West Sector
17.231118817463912,42.640014997470644,444.1552475934448,30.109319885903062,4.0281655190500825,15.916697928257504,44.33945219951436,17.373907035856064,42.6505509571856,WST-03,10.106975504456683,Radar Station West,West Sector,West Sector
17.10972459591386,42.871580092870374,867.7892564207702,55.79442843954608,37.66610034237837,48.455438035431094,130.1692515059558,17.454481311526873,43.150711912175666,NTH-03,8.953355700804767,Comms Relay North,North Sector,North Sector
17.14269522350146,42.754892604447754,816.1020938095003,39.17711666739349,55.43623468631153,48.54499730726522,96.06918406145915,17.390024304453235,43.13162894370328,EST-01,10.453373904880257,Substation East,East Sector,East Sector
17.088780018213242,42.46068592799656,472.82567489848145,38.13890694985107,57.36742343759742,19.634550319346133,57.634357984517095,17.183939923649884,42.61633802795052,STH-01,7.120443273871856,Power Plant South Bravo,South Sector,South Sector
17.075929610129627,42.72231229259622,617.2886945702039,59.926115076331044,58.099286640201164,26.97514985851639,101.95183417727296,17.204013564799528,42.93791158938802,STH-02,5.059768874386106,Logistics Depot South,South Sector,South Sector
16.98583453077861,42.68085122887336,600.3797142923434,47.53178816235564,38.74997275607622,29.876690698377747,85.2427665958006,17.195303780295667,42.856897176494726,STH-02,10.64133505573465,Logistics Depot South,South Sector,South Sector
16.979025869508327,42.596267353612696,876.0139547700444,33.691297384229706,37.9972108874919,52.09905539680443,90.29869814352466,17.348028745174265,42.898454052974216,STH-02,21.61251333910161,Logistics Depot South,South Sector,South Sector
17.019819644002855,42.46609635763199,536.4172681103124,37.96574909680713,33.14790400663762,24.471142265629634,64.57124932366627,17.204040319923873,42.59206943041022,STH-01,9.804712727837057,Power Plant South Bravo,South Sector,South Sector
17.200992223921965,42.98866716137216,637.33653277294,40.59679764798934,36.45320154910136,33.12116371595875,79.7103854923113,17.440492871625235,43.17417623577046,NTH-03,9.971899172081631,Comms Relay North,North Sector,North Sector
16.993749690220703,42.50562599193595,857.2239569324622,59.58180143611962,36.72707582298964,44.630449717555884,134.11352687977106,17.31529071868792,42.7570398053914,WST-03,21.688337881821866,Radar Station West,West Sector,West Sector
17.018009595574412,42.51564573447445,397.6866307059349,42.91865033744574,2.54449611130132,14.66212840909375,53.849984573473236,17.14973900279259,42.52177205577698,STH-01,10.948965154328125,Power Plant South Bravo,South Sector,South Sector
17.11458421779666,42.48734961526134,630.2913619670028,36.90401964878427,5.332277156005252,31.9163390477401,73.06919487455585,17.400370307217965,42.51530283190152,WST-01,8.647969526691348,Substation West,West Sector,West Sector
17.01453936542348,42.742115823219365,363.4037522170978,47.09192902238452,37.16499430585496,12.38413479470888,53.08304296775227,17.103280337320086,42.81251076369324,STH-02,15.913007609864405,Logistics Depot South,South Sector,South Sector
16.998962005415336,42.66620174468962,670.4993590911004,42.14278974171032,18.85298580230912,36.06568728019726,85.85550934765435,17.305877652475058,42.775980409811154,WST-03,23.82586270657959,Radar Station West,West Sector,West Sector
17.11899487250939,42.549734309215935,519.4099220322028,31.648811644256114,18.085529100594044,21.6280854879029,53.70556497542677,17.303881085957027,42.61297824890869,WST-01,7.289045426951967,Substation West,West Sector,West Sector
17.060427981298986,42.65765402981292,880.5816439077604,55.827588373629766,11.606438358898188,49.42763407144199,131.7570627851349,17.495830004163164,42.751421604776965,NTH-01,9.837560728248206,Power Plant North Alpha,North Sector,North Sector
17.13784778575214,42.80411311063703,549.2455086891158,30.470625818499116,48.06419816604532,23.42442343482975,54.732446453689626,17.278565437775097,42.968228352205756,STH-02,13.325289898862858,Logistics Depot South,South Sector,South Sector
17.223661602122604,42.56902031889918,381.7125825250241,56.9545090723643,57.85971022323779,12.377000591139844,63.536294592475,17.282853211006884,42.66772754342719,WST-01,13.553063317527041,Substation West,West Sector,West Sector
16.995297939430518,42.949147465618225,800.3999765570425,53.75576110805407,37.665480191798146,44.37453674857696,118.98668200139649,17.31103806498529,43.20456728120337,EST-01,4.887938581440721,Substation East,East Sector,East Sector
17.22403009794392,42.583807742306625,792.5200148537485,32.27469630427233,56.72519373638532,44.11003866824217,80.0009319253495,17.441377316128673,42.931442568632974,NTH-01,22.259791628514307,Power Plant North Alpha,North Sector,North Sector
17.220746990226875,42.51890741849371,716.9157717256707,51.70833233439161,53.033049390623255,38.4785082298453,105.67610982361902,17.428634852228928,42.80869478815828,NTH-01,17.103924587519227,Power Plant North Alpha,South Sector,North Sector
17.19872627500077,42.97274070812369,749.2870811305368,53.128250464179565,13.075618705981872,40.54318808595505,111.73323737373052,17.55386731292586,43.059257878520725,NTH-02,10.442373495615412,Desalination Plant North,North Sector,North Sector
17.139385775191826,42.88633636607091,458.8291306136441,48.069212202860534,9.211554070612282,18.81515672377248,67.2009795560524,17.306410215882657,42.91470771316244,STH-02,16.70599167547744,Logistics Depot South,South Sector,South Sector
17.136043997239664,42.605882574906076,685.2321002536687,47.3301240046837,12.6952071317168,36.99374064209251,95.49280416201847,17.460588392919615,42.68252769679577,WST-03,6.6327467104771305,Radar Station West,West Sector,West Sector
17.14176379798095,42.904859110686324,322.8119227232362,31.490610787439223,5.772563031934492,8.986399306486163,33.92296607032427,17.222170317111292,42.913369181793655,STH-02,7.932933302241865,Logistics Depot South,East Sector,South Sector
17.157148665365344,42.71128854949228,418.1340863340207,31.78489115468348,34.972750019217514,14.65326570865132,43.90664178272796,17.2651168846095,42.790386991242144,STH-02,20.59210846116263,Logistics Depot South,North Sector,South Sector
16.954944660178846,42.608051498956634,859.367668531852,51.818659495070904,16.959002570253773,50.19955769255814,123.09932483016283,17.38672078806607,42.74603861875278,WST-03,15.658891631171802,Radar Station West,West Sector,West Sector
17.237427773748195,42.903766953723526,743.5411782495952,33.1669553675673,54.77500168508578,40.317697069623236,77.4310057200131,17.446324143679977,43.2142423168973,EST-02,9.557112544365289,Water Treatment East,East Sector,East Sector
17.125681128439673,42.85129904011866,438.4035245935547,37.25532302119433,36.804466393634144,17.032418716848753,52.6360867820633,17.248304100945585,42.94738572028825,STH-02,9.822907426751657,Logistics Depot South,South Sector,South Sector
17.184439751820726,42.578724905585865,366.82985371157287,44.96509781470076,21.57663334612388,12.652224856636781,51.70572973794096,17.290245807993916,42.62254876870395,WST-01,8.88012700237088,Substation West,West Sector,West Sector
17.063184551718408,42.76400710915478,869.3516669211009,34.924910208380446,59.07843791786289,52.05835275523034,92.40112056038579,17.3033264271266,43.18467510819244,EST-01,2.645586296613254,Substation East,East Sector,East Sector
16.95371916417474,42.62163413411188,367.31259963607965,53.695186816500765,57.19166975351222,12.04983177102774,58.92219167261008,17.01241337837176,42.716882875745114,STH-01,15.785293034188147,Power Plant South Bravo,South Sector,South Sector
17.102920397962933,42.400631183536234,454.2420288283489,54.221340713372655,46.71691411855202,17.569241980871926,72.46354549192365,17.211212714270815,42.521046068101214,WST-02,8.196520030865523,Fuel Storage West,West Sector,West Sector
17.10215703579478,42.97708944484017,409.5803957996743,55.264296337826764,47.501020526378085,14.41349491866366,66.60223805401206,17.18970312119432,43.07712801048501,STH-03,12.202264161053655,Comms Relay South,West Sector,South Sector
17.081096786493436,42.7297774456437,304.4782922470608,31.48704362324115,58.63620789146939,8.03868187640115,32.04051374549544,17.11871316787836,42.79436901479846,STH-02,17.1623047079871,Logistics Depot South,South Sector,South Sector
17.051915116248622,42.75905956099947,488.48086445882643,42.83619483700873,36.02737335839762,21.192256919663897,65.24909767611722,17.20601535909862,42.87640857346946,STH-02,9.343332753987912,Logistics Depot South,South Sector,South Sector
17.024947826342917,42.75993485540638,884.5073229592575,55.407530181430076,52.80119095991127,50.037349357135255,131.60185995592016,17.296662005662224,43.13535178311872,EST-01,2.6429867421797666,Substation East,East Sector,East Sector
17.108263462349154,42.73038487649164,505.1419834856139,40.896581709200966,3.8896633379994405,22.372098176077667,64.88393591537525,17.308996344016506,42.74468048552251,WST-01,20.797554200261857,Substation West,West Sector,West Sector
17.062583441908046,42.574028706864155,602.5829276806642,50.874611349690674,33.24375116725933,29.424424450038877,89.78006346414554,17.283840505533725,42.72595372209855,WST-01,19.371721263824032,Substation West,West Sector,West Sector
17.24097956491494,42.98294567494484,747.5614703530689,47.67737712570029,30.15098036809948,42.24397444469372,103.46385027346791,17.569389031240735,43.18310220008664,NTH-03,4.3921978225059215,Comms Relay North,North Sector,North Sector
17.00187819233008,42.77300104750917,630.6480612475297,40.41625850121536,2.26343173325094,32.53576865735679,78.684229201218,17.294250340863456,42.78510416546089,STH-02,23.01197131809865,Logistics Depot South,South Sector,South Sector
17.045899670288126,42.80255281633238,746.154904447384,38.29214487271271,5.217119119447984,42.199602575669,87.38898290907444,17.423833869759317,42.838720970858276,NTH-01,18.44771229745502,Power Plant North Alpha,North Sector,North Sector
17.03818814127737,42.67287565439023,696.9815209143092,49.582292762982206,1.310335441012389,37.49498954747225,100.18966289192802,17.37529987969413,42.68095527113826,WST-03,11.42484782875624,Radar Station West,West Sector,West Sector
17.112992752870788,42.57271684029447,665.1378137994088,34.00872411008691,17.64090026918678,33.99224445423863,71.64490792507175,17.404293073691917,42.66980348347147,WST-03,8.141609238435839,Radar Station West,West Sector,West Sector
17.099784077092245,42.43860938930496,689.789344327047,55.803675572632756,3.2106737709765842,34.525725175535605,107.50313102398789,17.409792764183063,42.456834360642574,WST-01,13.28449569170677,Substation West,West Sector,West Sector
17.14312213962728,42.61013811794073,779.4986172469506,47.2933032324211,25.389581085648093,45.07201126108409,106.56806437843048,17.509231246974775,42.792379207804515,NTH-01,7.97783874639235,Power Plant North Alpha,North Sector,North Sector
17.23500053117226,42.50565845756103,726.1148368806626,33.34510515377517,48.76478468237505,38.90137300785696,76.1764589376285,17.46541501852648,42.78146199740377,NTH-01,12.742229259572419,Power Plant North Alpha,North Sector,North Sector
17.03556632564816,42.797252960954204,775.0649524231148,51.10582935580091,36.82978850618896,43.52557202395654,111.99318931581568,17.348729783223213,43.043076291379975,EST-01,13.542755475335907,Substation East,East Sector,East Sector
17.1578314707765,42.927402330881634,387.3585829701188,42.93337649647257,40.42739473779808,13.972981853837718,52.531224896429094,17.253470914632715,43.01273165165003,STH-02,12.346008135772216,Logistics Depot South,South Sector,South Sector
16.957512060901553,42.58165291494739,706.6042396263242,36.12244246089527,1.8904012265781533,38.21229291321014,79.4817510321089,17.30097561786548,42.5935263179681,WST-01,5.636095155068687,Substation West,West Sector,West Sector
17.02871654182009,42.599729575248425,742.2131473953199,58.832078787745985,50.371581615352035,36.73077260495238,118.21227664779592,17.239227421079544,42.86611329486243,STH-02,12.530384378716128,Logistics Depot South,South Sector,South Sector
17.089115918398978,42.80221870229741,479.9798594981007,51.58943355043277,8.771422762979444,19.8919822649678,73.71965223028651,17.265914332790423,42.83078582641406,STH-02,17.29263987415535,Logistics Depot South,South Sector,South Sector
16.95929843654434,42.48956286054474,824.7463967059695,47.78980869983988,18.159052561949217,48.842134868515146,112.54207622026672,17.376618621072343,42.63300190573716,WST-03,9.373656690769687,Radar Station West,West Sector,West Sector
17.135300838166092,42.95766245600662,482.82696198162023,55.466015431780846,31.007633696003186,19.242901833464735,77.83887645482582,17.283604875216056,43.05102805284139,EST-01,11.712242723745014,Substation East,East Sector,East Sector
17.153493182520513,42.61830806861529,446.29927162589837,46.31609369646458,55.799605860789505,18.02495959600875,63.693094141580545,17.244560494581467,42.75868932696926,STH-01,20.221444777666296,Power Plant South Bravo,South Sector,South Sector
17.174019514451413,42.46071966755606,820.2580892883067,43.24411836998711,59.88895010240776,49.16717162956464,104.11251533773996,17.395449767788197,42.86155304063709,NTH-01,22.269322772753775,Power Plant North Alpha,North Sector,North Sector
17.104972351452904,42.50481040295239,448.211902869856,35.68340579582125,46.95964101728459,17.47633587285305,51.833518065372004,17.21220625130958,42.6250659964295,STH-01,10.26699858824429,Power Plant South Bravo,South Sector,South Sector
17.131183399493587,42.95964764560448,549.30147745908,34.60171275354536,43.758853423648155,24.767468497474628,61.07946985743168,17.291994057466468,43.12099153646932,EST-01,4.236010871371668,Substation East,East Sector,East Sector
17.068819575383547,42.54827157302141,520.7536980220914,42.95907949115545,31.660939842721906,23.691389859457008,69.38430797239062,17.250137283897352,42.665372867440965,WST-01,15.12954110322649,Substation West,West Sector,West Sector
16.96237590975197,42.79736128229877,838.8370935349634,43.679237370825476,39.93764027994972,50.777995593438135,106.87059745149644,17.31228391959233,43.104422841949486,EST-01,6.05617967899582,Substation East,East Sector,East Sector
16.979985556732352,42.493699134122956,573.1414429727786,51.999375156921815,8.665450525701225,26.820353717828667,87.15308701824709,17.218429591631907,42.53174457303476,WST-02,9.006952530397156,Fuel Storage West,West Sector,West Sector
17.14649877726044,42.51646101540926,716.5853599777294,43.26255030110629,16.151767234490958,40.072235525652246,92.83965561867278,17.49262450695492,42.62157203175104,WST-03,3.6315143018280938,Radar Station West,West Sector,West Sector
17.248666589875732,42.927542931339985,776.4233427862973,47.79477601696253,59.07857180982507,44.69166668159822,107.0218468080011,17.454874977444884,43.28898274438859,EST-02,4.050225222390551,Water Treatment East,East Sector,East Sector
16.95474097174899,42.48881993206154,676.7421484483057,54.97555572228738,58.776901388732306,33.90165141794706,104.73683677956558,17.11260292862316,42.761620605119674,STH-01,15.072505480401293,Power Plant South Bravo,South Sector,South Sector
17.117275049047915,42.41125035204177,866.2166989949488,59.80004086531625,19.378343679768783,45.08916355838511,135.53083925420384,17.49974986950747,42.55232394118309,WST-03,8.429494218058867,Radar Station West,West Sector,West Sector
17.175302625864767,42.700739913715765,781.5045175536048,39.67575945453847,14.46291435429356,45.55720316551114,93.53095892587493,17.571995554802854,42.808072652822716,NTH-01,3.1060739097070216,Power Plant North Alpha,North Sector,North Sector
17.198032448404163,42.91763608795776,540.1239766049179,57.05863391185106,13.771084489045109,22.77910256505463,87.822497989211,17.39699439000845,42.96873848478913,EST-01,22.98710281014428,Substation East,East Sector,East Sector
17.113561470366793,42.595594627249376,870.4871059546099,54.18152615560797,29.091863010251974,49.75625807351918,128.08519758961594,17.504449227368013,42.82372076061324,NTH-01,9.594897828311169,Power Plant North Alpha,North Sector,North Sector
17.13597479405523,42.476897362387426,614.7448999628004,32.04020070958659,13.425994787466335,29.11281629669092,63.423091792865,17.390626968825615,42.540600270406685,WST-01,6.814832482640897,Substation West,West Sector,West Sector
17.159017483582367,42.98933849773938,313.5463937669375,40.024767925616736,38.90979795304166,9.327053234610998,40.50052947439041,17.224280088775707,43.04449693921367,STH-02,12.32282948630968,Logistics Depot South,South Sector,South Sector
17.20768987490803,42.806043177693645,456.00796779173805,36.5712887950315,4.489188681236113,18.17917607583703,53.78909358023288,17.370676898392123,42.81945109946844,WST-03,23.37633099233819,Radar Station West,West Sector,West Sector
16.986686861160845,42.91041437916889,673.0377522223599,49.93152817268994,6.220633345153603,35.40816620351173,97.67904535739562,17.303241581448265,42.9465542964258,STH-02,15.931962496741134,Logistics Depot South,South Sector,South Sector
17.22785465888246,42.85128296339735,394.088941394662,46.65897408653065,16.616056496148033,14.389204317647913,56.95099111124985,17.351852352733072,42.89005150878256,STH-02,22.262605455968075,Logistics Depot South,East Sector,South Sector
16.95780522106547,42.818945364393514,650.4408269359221,44.84553157768661,46.6465940027057,34.320407350141906,87.6586579200515,17.169557899507737,43.05384299713785,STH-03,10.339040785809521,Comms Relay South,South Sector,South Sector
17.200859925287332,42.63073844027855,516.9588133845178,52.90691291422733,19.39737234252072,22.330570064853475,80.31291537027288,17.39027205865204,42.700630016937794,WST-03,11.54512514659513,Radar Station West,West Sector,West Sector
16.97302212796791,42.594603995922185,620.6312880349644,39.9992608743595,28.249006937031098,31.643831919433463,76.92570110534577,17.223659223843136,42.735619967335765,STH-01,16.844486901531095,Power Plant South Bravo,South Sector,South Sector
17.008388463481477,42.83017515753669,301.1249087239517,41.48256886659797,39.39732276055089,8.696938959468214,40.09535994341774,17.06882227137235,42.882104037997806,STH-02,12.443926525940622,Logistics Depot South,South Sector,South Sector
16.95116824391434,42.83002780490634,809.052812801219,55.96901844676348,47.31239531837843,43.74873611721569,123.19042391582107,17.217697781710054,43.132798408463145,EST-01,9.596625012504242,Substation East,East Sector,East Sector
17.08357701166081,42.97035303042946,517.155292665317,59.1662552778002,18.42654127347916,20.39694256852152,86.33005359109185,17.257597104767584,43.031067618410816,STH-02,13.853455816501603,Logistics Depot South,South Sector,South Sector
17.050307768015216,42.741195890708994,384.09506056677185,53.29072022303497,43.85816466985332,13.135666563649187,61.16517685844696,17.135469532708914,42.82684849371947,STH-02,13.366394385851843,Logistics Depot South,South Sector,South Sector
16.99979787344611,42.5767726634726,562.749514203048,36.512129243316785,17.164044261079955,26.28963359002695,65.33748488535147,17.22568322313042,42.64982093590186,STH-01,12.171015110781251,Power Plant South Bravo,South Sector,South Sector
17.085327048241172,42.69371727959829,591.7063760933004,33.37954896491542,38.667972501996346,27.754509690044454,63.43331891413102,17.280145666947952,42.85704172183773,STH-02,16.611997717894862,Logistics Depot South,South Sector,South Sector
17.070711264951655,42.76822829003555,682.4416262977134,36.27615443297406,27.052808447681493,36.178290058267216,77.34565272293031,17.360412657360957,42.92326710428631,STH-02,22.46497408949371,Logistics Depot South,South Sector,South Sector
17.180298309809622,42.656037879746144,614.7374642113678,42.682840950686895,55.597669161036144,31.339541463838852,80.27283998881259,17.33939322870684,42.89965440922754,STH-02,20.651690338738753,Logistics Depot South,South Sector,South Sector
17.21793909182101,42.874679874015726,326.11414924023757,37.10091083242915,58.92560317326763,9.837826233324177,39.494419237542836,17.26358923846692,42.95403214442115,STH-02,11.526572846329762,Logistics Depot South,South Sector,South Sector
17.145770175530124,42.750767927329505,822.9073932466589,57.031234442160354,46.44738646141753,44.09728901053495,126.38610187737956,17.418795172867952,43.051995806507875,EST-01,17.4893876664407,Substation East,East Sector,East Sector
16.987323116617958,42.40566143657659,573.9053590721768,50.12168705302321,54.92786013860591,27.30787465223089,85.04885743956466,17.128330154847905,42.61598375817755,STH-01,1.0198670645118542,Power Plant South Bravo,South Sector,South Sector
17.038617238412954,42.7419039329392,346.19266351980536,42.50187734349042,8.190254521451465,11.340873612024303,46.791636837683754,17.13956720081599,42.75710884624914,STH-01,14.731091033090328,Power Plant South Bravo,South Sector,South Sector
17.223995489049685,42.78016227156512,763.696941917511,38.214351985846825,39.26783745287487,43.72646120564758,89.0133921349306,17.528272092569917,43.04118113769516,NTH-02,12.624838493151644,Desalination Plant North,North Sector,North Sector
16.976620347902365,42.94915675092644,696.0926512698409,41.41983015422893,11.902076494344493,38.24081295163113,87.53735507008012,17.31312076364222,43.02344970475724,EST-01,14.569537137771665,Substation East,East Sector,East Sector
17.072056751817247,42.64823300419851,689.6626636615331,44.28151786100191,16.6181102983469,37.70719557208065,91.40272918257993,17.396976026574837,42.74986352960377,WST-03,15.45717532820513,Radar Station West,West Sector,West Sector
17.232751385770044,42.74468059556281,556.1484010413367,51.41467056527186,31.369394472937692,25.64189789690127,84.16020880696796,17.42960755691559,42.87049833168453,NTH-01,19.28100493866363,Power Plant North Alpha,North Sector,North Sector
17.235199452440845,42.684998470428624,546.298237572593,32.680246746866366,44.51923614263994,23.97599439733721,57.87512023519285,17.38887837232439,42.843420850361326,NTH-01,22.290827918901655,Power Plant North Alpha,South Sector,North Sector
17.07336095311467,42.71899385708133,621.8031818324057,55.464988193668376,43.28964445172867,29.435431873142907,97.82658725624651,17.265960197236517,42.909073244918886,STH-02,12.558587324197127,Logistics Depot South,South Sector,South Sector
17.15021906642964,42.44038244240139,330.35664773946195,33.8268009339054,52.167560517422594,9.721960377374812,36.94461294473774,17.203832739018935,42.51267086241012,WST-02,7.776832369036959,Fuel Storage West,West Sector,West Sector
17.0870236795062,42.93837020051986,479.3746585307525,37.87350245917314,33.55649112759523,20.08322466879278,58.045874790229185,17.23750871233396,43.042900285514975,STH-02,13.101919635397792,Logistics Depot South,South Sector,South Sector
17.176038161830903,42.94624740389897,892.7365041374242,59.80769687317752,55.58055920337444,47.00093773943514,138.8443854753653,17.41463197841382,43.311682048032935,EST-02,1.375669865889411,Water Treatment East,East Sector,East Sector
16.9594743992079,42.72883576590558,697.3154934768455,35.70625902132753,53.27331574121959,37.28850141166601,77.8138483315615,17.15981586577682,43.01013369578311,STH-02,6.388951507596778,Logistics Depot South,South Sector,South Sector
16.993247144676406,42.733933309432565,551.3604992503932,33.03426563359037,50.94344936882943,24.475902825280745,58.915042180625655,17.13186171391312,42.91279545520479,STH-02,5.041493682013279,Logistics Depot South,South Sector,South Sector
17.13425964106308,42.43453362156637,433.41786176427183,49.15215905756395,13.771206468260957,16.90635201481411,64.75699054880313,17.28192776826807,42.47243774114554,WST-02,5.235698419857238,Fuel Storage West,West Sector,West Sector
17.01976567873292,42.758770307871856,747.1256171401401,41.793872395536745,31.886879591231796,42.72178438072415,93.72358835953592,17.345881021415757,42.9713931628861,EST-01,20.660681979969844,Substation East,East Sector,East Sector
17.149815689780745,42.657491073927496,456.1741858237148,32.75506302805526,44.17419582261462,17.422498722457416,48.96971679791712,17.26216116145923,42.771825028513604,STH-02,22.07264086231086,Logistics Depot South,South Sector,South Sector
17.055366878238388,42.82542617814066,397.4220623077772,30.11227285047135,58.56615047067539,12.968792041285685,39.86622677826278,17.11616499641645,42.929552471408556,STH-02,5.336557228596049,Logistics Depot South,South Sector,South Sector
17.215993667438347,42.42827494995734,392.7089401405724,32.37484729144433,0.6988364242266165,13.16806576518894,42.01723727830499,17.334407950117104,42.42978804070799,WST-02,10.714792531988437,Fuel Storage West,West Sector,West Sector
17.195777815667995,42.826532609637695,737.5579674988394,45.6820673631572,19.626872036705922,41.72589901070341,99.14240665027098,17.549182060319374,42.95872822442459,NTH-02,12.006541728821679,Desalination Plant North,North Sector,North Sector
17.097851340020636,42.57213629429939,685.6861525732304,36.926788353928266,20.54101515515091,36.6275549911826,78.81130274050436,17.40627149381058,42.69326116367267,WST-03,9.802975663306801,Radar Station West,West Sector,West Sector
17.181868526128458,42.791023198271866,341.8836596227384,53.326564029568495,17.312074186911406,10.596147083641506,54.75712403478162,17.27284269320007,42.82071944654547,STH-02,18.60076046838871,Logistics Depot South,South Sector,South Sector
17.031341365870528,42.77627558518727,369.02568921732154,55.72525899215229,49.04545798577671,11.847390824401957,60.66621797040205,17.101160672126326,42.86046452731466,STH-02,11.546711801427614,Logistics Depot South,North Sector,South Sector
17.09827793304356,42.53610489077934,680.3081204121463,34.34499053145883,2.7042861986042444,35.389905902531616,73.70805592584045,17.416191513114615,42.551842584186375,WST-03,8.71831290608006,Radar Station West,West Sector,West Sector
17.009244615558984,42.66427140712976,642.6696611232953,40.1105961220341,21.5660850005078,33.5222638305624,79.5402809184642,17.289579336367456,42.78032853576019,STH-02,23.07259085500192,Logistics Depot South,South Sector,South Sector
17.208265850556298,42.90137995543199,711.5994362230881,34.397223764045926,42.70107649656211,38.074093476009935,76.80288688169857,17.459755553487305,43.1448065126566,NTH-03,8.656756357950455,Comms Relay North,North Sector,North Sector
17.196920284970524,42.76335498615686,406.8233450179572,38.60078110745842,24.404383146419008,15.015915645172637,50.49807362957652,17.319887386544135,42.82180053038974,STH-02,22.392891567399047,Logistics Depot South,South Sector,South Sector
17.2206449005227,42.441242981187045,735.9527437303002,37.17613256251714,8.643815021534962,41.04962953710915,84.31813666755727,17.58561107565384,42.499445336034,WST-03,18.933904308381184,Radar Station West,West Sector,West Sector
17.21324309436728,42.665745298792494,861.6578803983299,53.605947028115594,36.65114836554525,49.402735746964154,126.15972454340054,17.569497531361094,42.94393520285587,NTH-02,11.245109401216235,Desalination Plant North,South Sector,North Sector
17.23787887861785,42.587062875266746,660.6301887212647,40.364390340421984,31.35661418361713,35.0855887609034,81.92149141179998,17.50725227108938,42.759228334362206,NTH-01,8.38361568364537,Power Plant North Alpha,North Sector,North Sector
17.01850086948958,42.78498740734698,417.6780117856703,44.866943962325294,58.91033016695212,16.041472495783054,58.40508015886964,17.092955037106183,42.91423866150478,STH-02,8.367750637846656,Logistics Depot South,South Sector,South Sector
17.229547287238596,42.76873836477716,707.726313170464,50.216853164189445,44.91157314727255,38.213539823115006,102.42755569588536,17.47276761491176,43.02310473411944,NTH-03,17.813936942038335,Comms Relay North,North Sector,North Sector
17.1213639574056,42.406238860906086,505.8490101276386,54.667699474565595,59.170559270741045,21.078973581823192,80.47757257660446,17.218442900230823,42.576657414411784,STH-01,11.875449425409892,Power Plant South Bravo,South Sector,South Sector
17.076748525175447,42.76461730565108,329.57264783143285,39.036272709673554,11.181158466960103,10.186491646240668,41.636036984193446,17.166618034754393,42.783209679277206,STH-02,17.73562519912039,Logistics Depot South,South Sector,South Sector
17.11811216879036,42.84090979239096,481.40321721149905,36.27662003112057,45.69570055667414,19.975481518849495,56.218535224918945,17.24354307684924,42.97552016921361,STH-02,9.677015470882397,Logistics Depot South,South Sector,South Sector
17.052780706995083,42.86123801944095,843.3510611700792,59.353601212676026,33.098293181995,43.8133200854338,132.06150684530465,17.382741888455847,43.08670006289458,EST-01,12.04903283282198,Substation East,East Sector,East Sector
17.036565902088284,42.435385462233974,546.6835921055851,39.604426339424904,42.75056995207305,25.516883140700905,68.01148626253216,17.20501044680696,42.59845403829445,STH-01,9.725967566116017,Power Plant South Bravo,South Sector,South Sector
17.02239430139326,42.58219505026592,818.7992028186554,50.132042975426266,28.053087750473363,47.566888196234515,115.6884978243626,17.399805111830332,42.79302054627476,WST-03,19.53794613213717,Radar Station West,West Sector,West Sector
16.974728396837136,42.652764136330916,605.195606113675,50.33523122033412,12.743449182775016,29.761115903146354,89.45684125864469,17.23577400712816,42.7145791573289,STH-01,16.33038391212361,Power Plant South Bravo,South Sector,South Sector
17.098969469144155,42.507863024676944,610.1867933757601,45.42088336798623,2.7441998079074703,30.899791523373313,83.62072485258754,17.376538436825637,42.5218036374215,WST-01,5.977844039949184,Substation West,West Sector,West Sector
17.216328502714166,42.65244032269901,303.1297926389366,36.85342336453671,50.2972954396017,8.546348854031132,36.579510399184336,17.265416918654875,42.714363576667665,WST-01,18.869758855676345,Substation West,West Sector,West Sector
17.139045590782317,42.44267772149536,682.2624439733833,34.243722628625285,48.88850091519956,35.51932161005098,73.71412095572335,17.34892423561747,42.69481849509884,WST-03,14.682296904949316,Radar Station West,West Sector,West Sector
17.10629268982673,42.46793036980423,364.68830701825215,44.61048434743293,9.752384027180181,12.51819446338755,51.10204497228044,17.217243509428005,42.48789473342174,WST-02,4.754020302120785,Fuel Storage West,West Sector,West Sector
17.078577875475276,42.80121685770605,587.2490488092326,45.327886101341306,38.71085397263043,29.009303527982148,80.6704451360123,17.282079062383648,42.97208664506991,STH-02,13.775791203121686,Logistics Depot South,East Sector,South Sector
17.089320487895158,42.55754347669609,456.1901133948594,53.20100270324393,44.264022031929684,17.909350344350788,71.82703704744596,17.20462831494573,42.67522519992167,STH-01,11.089567104817338,Power Plant South Bravo,South Sector,South Sector
17.012783204271585,42.82684350848774,535.4297794975889,51.295003318565804,33.45749972287143,24.075020467470956,81.17892559927769,17.193379505355914,42.95179381500475,STH-02,3.716525710835031,Logistics Depot South,South Sector,South Sector
17.196880763157928,42.42886511681,622.2464134000804,57.361238365076005,19.033734185766317,28.634768134084155,99.99202392521225,17.440300533641217,42.51689471193106,WST-03,11.154367151782912,Radar Station West,West Sector,West Sector
17.00951488898446,42.737621831826104,308.6784687611837,59.125816856628944,52.85675413114764,8.042022065856914,53.071752376520934,17.05317567157767,42.797924295960115,STH-02,20.057508252031212,Logistics Depot South,South Sector,South Sector
17.164986827018193,42.6348691981521,470.7501499629737,51.83553978598622,38.54643825248584,19.185121582883472,72.64518926510931,17.299896319461165,42.74747882021927,WST-01,21.229141096575095,Substation West,West Sector,West Sector
17.177995503448845,42.87818283514928,893.767160575119,32.295337464907604,43.21305072083103,52.92184626883872,88.67647302542801,17.524575481160998,43.219922136697505,NTH-03,4.275810243159801,Comms Relay North,North Sector,North Sector
17.12246071260832,42.87037094812334,334.43947549233576,42.153549276513075,39.126871770139914,10.622458757083745,44.9624059982986,17.19655832307707,42.93347511506988,STH-02,4.427970386269133,Logistics Depot South,South Sector,South Sector
17.20887791248645,42.625335785474505,491.63609289442104,48.26407109522049,43.27732029510528,21.219677412027316,71.86689930657414,17.34776626590084,42.76239169841983,WST-03,19.596182150720544,Radar Station West,West Sector,West Sector
17.037315105735196,42.77362840845263,492.85288497878895,47.705852143498724,8.704028696066644,21.366092108261643,71.41802182960527,17.227249512012968,42.80407220035943,STH-02,17.21070575512682,Logistics Depot South,South Sector,South Sector
17.21448516637286,42.536529321291695,527.6315525596575,35.443313574917944,55.355663898678806,23.29384632535508,60.05283767400468,17.333493510876618,42.71707193489999,WST-03,17.434771959270797,Radar Station West,West Sector,West Sector
17.16882313787979,42.74824410170825,710.8685510654072,47.48834188352615,17.148647877510097,39.14593173099097,98.81694898115698,17.505190220973454,42.85708577376647,NTH-01,11.661635720796,Power Plant North Alpha,North Sector,North Sector
17.18962494832853,42.44875881636851,448.64627920977875,40.490415236443326,50.193073381797475,18.11010105338312,57.61185735442359,17.29385098361719,42.579798782310945,WST-01,5.115081528903307,Substation West,South Sector,West Sector
17.149373912858195,42.660762570471164,576.1616064816317,40.16780534531148,53.603052245814844,27.968011223691168,72.17023284408724,17.29851026706322,42.87281006706792,STH-02,17.4475832935844,Logistics Depot South,South Sector,South Sector
17.203902905096992,42.50963660892286,686.9181401114695,55.020210159037084,39.07341639960247,34.67943225528137,106.15131846242022,17.44592183874875,42.71569712097903,WST-03,10.271165756972309,Radar Station West,West Sector,West Sector
17.24792965881529,42.93002870925491,493.3932349971532,42.6579947600466,35.89804572532471,21.561898513389195,65.64315332527752,17.40497399450657,43.049182532778445,EST-01,16.57055250050339,Substation East,East Sector,East Sector
17.076048856357392,42.6669404907801,869.2635483019528,45.82187862193358,6.5428926702948615,53.152207694770844,114.0058086028581,17.55093608806398,42.724066783349485,NTH-01,6.753019407238184,Power Plant North Alpha,North Sector,North Sector
17.19417470511287,42.75446424918252,887.8035809656088,46.88618583103437,26.1732735647777,54.508192704085324,117.915044200215,17.633987007966024,42.98134549061626,NTH-02,4.150366091591718,Desalination Plant North,North Sector,North Sector
17.17337392785541,42.61622911619801,371.80414061250667,46.88990339554849,36.69866307888851,12.925036502515473,54.08004356169029,17.266558890656324,42.688971552761814,WST-01,16.35373124270568,Substation West,West Sector,West Sector
17.085861049713603,42.57324462114388,506.29193064048604,36.39364541350116,4.9121563489663655,21.860322323225606,59.09056644580743,17.281732554903414,42.590874521375326,WST-01,6.901829548730311,Substation West,West Sector,West Sector
17.228084699919755,42.52175186983692,424.7832418838852,47.983600894470214,6.687720688652639,16.404479886221818,62.43170972601244,17.37460888589758,42.53975414019931,WST-01,5.078088894127384,Substation West,West Sector,West Sector
17.06832777887178,42.947122949600214,412.0737573342691,40.03870826832359,59.60887530643253,15.499279578788075,52.67733900501459,17.13880547807445,43.07294537580151,STH-03,6.581719808932449,Comms Relay South,South Sector,South Sector
17.11963977488287,42.87967946945617,594.5879030029678,49.65060883788509,19.934049057755672,29.053428095043593,87.20798463789347,17.365247096640008,42.973014790196544,EST-01,21.132170378934276,Substation East,East Sector,East Sector
16.981782707097288,42.47995668665862,638.2962648809273,34.37092796897181,20.983949237469833,31.87728646213063,69.65963526155781,17.249421042536987,42.58745273471277,WST-01,9.802699009983407,Substation West,West Sector,West Sector
17.01773255821988,42.84803492577508,555.3912243585595,59.823467839010085,15.09174903599352,22.71880782218385,92.70160506683038,17.214993036446835,42.90372627731904,STH-02,7.845769689932396,Logistics Depot South,South Sector,South Sector
17.20220885116013,42.65111846622199,463.53292385841644,53.16129874360187,38.76118616965662,18.42825680609625,72.86486596846804,17.33140894575989,42.759812284461646,WST-03,20.604397141885983,Radar Station West,West Sector,West Sector
17.068965816848653,42.409237992976344,467.1729445521838,42.51754300452922,28.38455320840781,19.580358816920302,62.224318682470326,17.22386699608401,42.496879129137824,WST-02,5.292072903800686,Fuel Storage West,West Sector,West Sector
17.068225226824577,42.717020392225734,895.2768938044385,39.04055552592849,47.425857442410255,55.550405029809625,103.48170894301775,17.405844674469563,43.10256159312371,EST-01,13.254518953957618,Substation East,East Sector,East Sector
17.023794305457187,42.478027864050915,854.2064243941503,41.63406104453537,30.749689911347208,52.173035678058966,104.6255339569579,17.42687615238449,42.729464854723005,WST-03,12.182337354207904,Radar Station West,North Sector,West Sector
17.097483100289235,42.525960587856154,345.5393045936143,51.636248183216246,0.9249588170229428,10.985070142826435,54.09496324295449,17.196261193281217,42.52762998334072,WST-02,9.57275983009889,Fuel Storage West,West Sector,West Sector
17.191745088405188,42.817624576854456,693.9303911976754,49.66223398753695,28.96124341960774,37.218579520191184,99.92379731428814,17.484531052299086,42.98754937601689,NTH-02,17.626352234186857,Desalination Plant North,North Sector,North Sector
17.218549235332123,42.55428522228472,574.1265644909065,51.062775360017625,3.3112374356864738,27.123852724348453,86.19681990225443,17.462071786388464,42.5690552179683,WST-03,5.408690004988367,Radar Station West,West Sector,West Sector
16.971034329613254,42.93513292110509,713.2884583194972,56.66997586354618,49.607182828885634,35.88450514078289,111.71256508392203,17.180000901122376,43.19239856916863,EST-01,13.779780410784054,Substation East,West Sector,East Sector
17.122446219372033,42.7943018550545,658.1764233243321,43.68885678931228,6.819485099082039,35.02451586632872,86.8392373643768,17.435196589506923,42.83350432373004,NTH-01,17.071853807909747,Power Plant North Alpha,North Sector,North Sector
17.0901820103677,42.89937009094648,833.5514400494504,50.08563445342995,13.017240897948948,48.82614287455952,117.32737369901761,17.51797500080624,43.0030847180069,NTH-02,13.686541499840406,Desalination Plant North,North Sector,North Sector
17.134284555141473,42.76911372299811,340.192988573295,43.24523864879605,27.59791456768973,10.991874382871593,46.648833285422555,17.221883710041237,42.81705789314424,STH-02,15.709364335927708,Logistics Depot South,South Sector,South Sector
17.08418270607248,42.92130975461321,509.75874723462334,49.142942343596296,11.711043324024871,22.484406841479743,75.28665125425178,17.2821758186239,42.96429338737914,STH-02,13.669907395489632,Logistics Depot South,South Sector,South Sector
17.069593446256025,42.61701080501329,891.2964754653508,44.244709108888415,32.35319761182189,55.32474458376959,113.403774462845,17.489711736800274,42.89616935861886,NTH-01,15.890501812438783,Power Plant North Alpha,North Sector,North Sector
17.091564213728848,42.72948434613135,409.37120939437006,53.29990882013679,27.641905466802317,14.745167212750243,64.97585807417668,17.209025233824555,42.79388951198314,STH-02,17.45679217138233,Logistics Depot South,South Sector,South Sector
17.124599738626923,42.7095342402666,376.40006370398834,30.15780369851199,57.15135665503733,11.728814614019532,37.883436124094054,17.181793023874988,42.802287706610855,STH-02,15.878795929051677,Logistics Depot South,South Sector,South Sector
17.100294963309533,42.94227442484678,737.3832036003453,36.471328673693456,5.3024137994768195,40.98424910674275,83.15660387656156,17.467294294754517,42.97798211381712,NTH-02,19.71390889052972,Desalination Plant North,North Sector,North Sector
17.091643335306195,42.498949245165164,766.4610960104781,38.89312875489733,34.603922896113026,44.10258682278582,90.55185463306732,17.417965961854982,42.7350150762029,WST-03,13.065882983714133,Radar Station West,West Sector,West Sector
17.195350592987424,42.74683645791202,703.3641286047962,58.36183518753349,43.223976578639025,34.1409935219837,112.39805537195033,17.41896283659813,42.9672172138695,EST-01,24.36385762474413,Substation East,East Sector,East Sector
17.173694397371357,42.85265871653619,765.7174972559552,45.21138638900754,7.6576205433513795,44.22868982265669,101.57721978080767,17.56789717320456,42.90825371109793,NTH-01,13.662028451998122,Power Plant North Alpha,North Sector,North Sector
17.052413548254357,42.6220298563202,716.2329432559034,40.93055639994424,38.18772766544409,39.95805903429289,88.91166872278403,17.334726544957718,42.85476490542101,STH-02,21.903385544176217,Logistics Depot South,South Sector,South Sector
17.190173135254597,42.92054891476958,381.46240937350603,42.129363468410155,51.85434325018957,13.56199372121948,50.99517297568909,17.26548196582323,43.0209941109016,STH-02,13.943900946564902,Logistics Depot South,South Sector,South Sector
17.20609520070135,42.62380886024664,664.9331384871043,43.554668502976085,47.253338605689365,35.60482606991256,87.41854513971593,17.423284275355073,42.87025963547842,NTH-01,19.881796594771608,Power Plant North Alpha,North Sector,North Sector
16.996047661612256,42.50398525593755,766.1260095357195,56.03491170341913,56.11024142574348,40.35190706266478,117.82805839780492,17.198152321030374,42.819326066693975,STH-02,14.515811228707248,Logistics Depot South,West Sector,South Sector
17.124804738519227,42.75042901324302,819.3099637946807,58.87007597040413,43.23514180445669,42.43617833349182,128.3692950736075,17.40266099775926,43.02438734390114,EST-01,18.37054701944061,Substation East,East Sector,East Sector
17.035593598079764,42.65234080602239,447.74114561022463,55.32493919220692,23.639209780339048,16.887750098085693,72.45627420503658,17.174714572635022,42.716081238224206,STH-01,11.884268760641215,Power Plant South Bravo,South Sector,South Sector
17.171751696578017,42.4091140628092,376.45845656312315,55.24970290256846,55.227083075448654,12.36820878027589,61.48133576087444,17.235166337805694,42.50477585447902,WST-02,5.842009298637303,Fuel Storage West,West Sector,West Sector
17.021635598807606,42.4419031554961,768.6542661495478,35.97045332866384,13.521406056888043,43.567420105097355,85.23881046940326,17.402563691214983,42.53790552481735,WST-01,8.170178251934738,Substation West,West Sector,West Sector
17.15142105725191,42.517166308123954,453.92900702139923,38.06034215286766,35.022136711500856,18.244882699045633,55.37169486662175,17.285767150215406,42.61578467215804,WST-01,8.541874080436545,Substation West,West Sector,West Sector
17.02653739681729,42.86159797571089,319.1576869925324,47.88147541674297,45.93947670568016,9.696274749811698,47.4410874561045,17.087167722372968,42.92715452831021,STH-02,8.454637080656395,Logistics Depot South,South Sector,South Sector
17.103343129028982,42.935223709620246,795.1281381895825,49.68412240323933,52.33687001972874,45.7330731566347,112.2067915392545,17.354360309430106,43.276332312556406,EST-02,7.718818852233453,Water Treatment East,East Sector,East Sector
17.234593940374857,42.727384524408535,603.594680286516,36.081161203382436,54.99252786563461,29.5026852409918,68.9685465766919,17.386677356928182,42.955109686471474,EST-01,23.787060300284093,Substation East,East Sector,East Sector
17.06439226153693,42.463339277508474,495.9798794570532,52.38845618239552,5.098538968941789,20.90301333747654,76.79817918768786,17.251632771615675,42.48083225547646,WST-02,3.52050257798933,Fuel Storage West,West Sector,West Sector
17.212721545788963,42.720651371345106,306.8574631389295,35.998906587587605,43.563550167251705,8.673375692598368,36.28472419599257,17.26923437553963,42.77694440136884,STH-02,22.03158353789198,Logistics Depot South,South Sector,South Sector
17.24608337436117,42.91336327635817,321.1964668247686,37.890319397682426,12.246257606460926,9.623702864598362,39.61323303346389,17.330660978012737,42.932594342484435,STH-02,19.066470626017672,Logistics Depot South,South Sector,South Sector
17.212455254641547,42.849686577473555,775.5739623361768,39.20386613944832,46.74716648921102,44.96056745094692,92.05193760523127,17.489280356825343,43.15845438873396,NTH-03,5.071619497475225,Comms Relay North,North Sector,North Sector
16.999759808917002,42.57465889821842,593.8235309789186,55.37974249470951,42.04138391601653,27.343029352315067,93.82212017493924,17.182308622974084,42.74702345777007,STH-01,15.170770406443438,Power Plant South Bravo,South Sector,South Sector
17.195897465860547,42.474334365573014,389.83322957787607,51.962516906126496,10.881141516018618,13.674265747192909,60.960276262870956,17.31666047448533,42.49865086188197,WST-01,5.64898991588398,Substation West,North Sector,West Sector
16.95964481853017,42.94040901985735,515.1033763494108,45.92056307172544,49.9698103451717,23.201729827651537,72.29965197611965,17.093783566016313,43.10756347377878,STH-03,3.3063331182040314,Comms Relay South,South Sector,South Sector
17.067990565109792,42.91245324797933,399.18308852251374,54.59247894404686,27.707328241113697,13.878442958008865,64.48084365639875,17.17848154764908,42.97319477446001,STH-02,3.2086745518851685,Logistics Depot South,West Sector,South Sector
17.21122001199536,42.432229219087134,367.72893190823197,54.387847420077705,32.63136911406262,11.977709209869921,59.49817670793663,17.30192635286401,42.49306703262221,WST-01,6.802321867881237,Substation West,West Sector,West Sector
17.156625663827974,42.894204693894736,465.7846924044862,41.694992878461704,58.28422521260801,19.4421650075348,61.09708376698059,17.248484209376976,43.049945416333344,EST-01,13.014047968952966,Substation East,East Sector,East Sector
17.109822128201362,42.45832758267096,629.7051284774384,53.4431186246226,39.39753525115793,30.817640272571094,96.54186540427506,17.32390872084403,42.64259196780631,WST-01,9.851867895921101,Substation West,West Sector,West Sector
17.066359207524787,42.43797018004122,426.0039646873362,36.187283160049724,35.313788701486644,16.017095545851422,49.98522722316551,17.183881085501053,42.52512643992884,WST-02,10.129817547428896,Fuel Storage West,West Sector,West Sector
17.193689083941084,42.855160538287755,506.20264877086026,45.09686549866528,1.0057663418260598,22.547513893938874,70.17769119100033,17.396432192817166,42.858890446156806,NTH-01,22.06004966890668,Power Plant North Alpha,North Sector,North Sector
17.162867521184467,42.72178637315498,586.7585303738758,33.54725191166011,11.952890105636374,27.414488187945786,63.21680140237228,17.404059013575687,42.77529708306827,WST-03,17.61036096956308,Radar Station West,West Sector,West Sector
17.090521595884702,42.64872881445419,552.0178435098911,42.80383456773774,1.5939252629962652,26.176454565084644,72.98837515072627,17.32584057927385,42.65558811462006,WST-01,11.217566826269287,Substation West,West Sector,West Sector
17.217745301162896,42.94231731758561,377.1766794727738,45.610973093015716,19.99874554296897,13.308235616224332,53.68515737555702,17.33020751850305,42.985195561960154,EST-01,18.858086470293845,Substation East,East Sector,East Sector
17.018984405345588,42.903582143240655,323.3193813215329,32.397550737482106,20.67050118163943,9.144868975703819,34.83808084774521,17.09592958492054,42.933954938369766,STH-02,7.325496818246418,Logistics Depot South,South Sector,South Sector
17.001117452747586,42.43457408292823,321.2752361693633,43.878382851952495,31.81980422351064,9.880827808810594,44.651522844303756,17.076617112200772,42.48358642983692,STH-01,15.279573477108467,Power Plant South Bravo,South Sector,South Sector
17.142841129300074,42.7696523451647,510.1074108167204,49.55011628880399,41.38610681955104,22.453822717833905,75.78264453682402,17.29429663156966,42.90947677064446,STH-02,15.540952843874043,Logistics Depot South,South Sector,South Sector
17.24159830281053,42.86336044192448,731.2812471223937,48.422647042342135,10.76071031377879,40.68309805854531,102.67435473885426,17.601023279739117,42.935025997763546,NTH-02,9.994028299040204,Desalination Plant North,North Sector,North Sector
17.02417697199203,42.73029434786497,378.7531792375624,31.63061663673171,36.099265248584544,12.170167249763931,39.758569487184054,17.112600180672633,42.79776715318644,STH-02,17.013075984502294,Logistics Depot South,South Sector,South Sector
17.024901113680148,42.98980329944571,772.1880698186553,32.86019057724603,55.01857647173442,42.643865151318955,79.40709649147381,17.2445034114044,43.318812343474406,EST-03,1.289323392974929,Forward Operating Base East,East Sector,East Sector
16.991849654388655,42.81162850278853,729.4045855883021,40.54068737865423,11.100471369552473,41.07388962268414,89.65370344322258,17.35431109079445,42.88613767337256,STH-02,22.64568057422812,Logistics Depot South,South Sector,South Sector
17.20816906658209,42.462485807618215,302.36609453136674,55.280571687483175,39.54528181592183,8.22465670146533,49.83967859872601,17.265199857150872,42.51180114989131,WST-02,7.1359627989825185,Fuel Storage West,West Sector,West Sector
17.0179192621234,42.51897880719997,316.04872378910704,56.09268159502088,2.735348475114443,8.838965654195798,52.51677482689133,17.097319271874003,42.52294771194602,STH-01,10.61804414983924,Power Plant South Bravo,South Sector,South Sector
17.100953558017466,42.895747372719676,417.019929322831,39.28838609123778,31.868858057467452,15.776443589978985,52.45929157952674,17.221431938167406,42.97417308289687,STH-02,7.297632364592301,Logistics Depot South,West Sector,South Sector
17.24726174340066,42.99805400388658,333.672546630351,51.56676255724369,44.492355426346776,10.299617461851778,52.26003091343775,17.313324904053655,43.066048718320644,EST-01,10.083401064211907,Substation East,East Sector,East Sector
16.953642270276614,42.459003560123435,618.8058631621835,47.3217177705493,2.0425068714085803,31.422431553033878,87.28889807282073,17.236050784786375,42.46954879130453,WST-02,2.1220240734559357,Fuel Storage West,West Sector,West Sector
17.116945827153238,42.460197590707025,323.7763568750495,59.50266776278298,20.01992346855206,8.732374288201822,55.78601963739551,17.19073049667376,42.48834000447005,WST-02,6.826218124799327,Fuel Storage West,West Sector,West Sector
17.103686712811484,42.85803223248597,781.5875027972386,32.83931736869075,52.67741912351936,43.44594497905165,80.20272011545906,17.3403191648663,43.18353796074541,EST-01,5.132547976442278,Substation East,East Sector,East Sector
17.192234212923047,42.43861256902992,595.7772413674863,46.43642226720765,13.528787748002317,29.62494014583304,83.21414504837857,17.451254204110292,42.503944840575286,WST-03,12.348844427583822,Radar Station West,West Sector,West Sector
17.05658446186583,42.44113606963891,736.7726200034865,47.77612946613762,43.37247326374178,41.29926008808102,102.34251026509087,17.326390729491187,42.70832244905512,WST-01,16.81046853046885,Substation West,West Sector,West Sector
17.07310240766971,42.9332898898058,750.4215305615047,39.23005712853348,36.73429643564968,42.746868158207214,89.53033022532988,17.381049715707064,43.17422018213813,EST-01,9.137845362084072,Substation East,East Sector,East Sector
17.00038139417966,42.88026988739107,604.0583638021396,31.408597424744123,9.821259957569694,28.00977101072638,61.35286301902778,17.248582371822668,42.925260567933265,STH-02,10.19443101343561,Logistics Depot South,South Sector,South Sector
17.172244569490736,42.92893791991863,855.2177257520797,31.56313607063478,44.50245083890988,49.14250960841018,83.81740190416342,17.487190587126506,43.253726221752345,EST-02,8.939427036457657,Water Treatment East,East Sector,East Sector
17.185412672756446,42.79030804127965,894.1444643131848,43.60854162601915,31.924859581931862,55.640808169423714,112.48348192200297,17.609923175128298,43.06792437789477,NTH-02,6.081057871640001,Desalination Plant North,North Sector,North Sector
16.99099899623365,42.59352185316332,515.5288116087276,50.77421368331757,6.721548043576993,22.66513648549125,77.8601728085185,17.193428659385773,42.61849518977601,STH-01,8.166470888566947,Power Plant South Bravo,North Sector,South Sector
17.068037122196497,42.943787914199675,375.5184841495401,51.00527357409382,56.9622841959162,12.874449918232324,58.06552910721361,17.131135443695143,43.04535604934608,STH-03,6.773963788054545,Comms Relay South,South Sector,South Sector
17.217871498608805,42.57923411498466,517.9429071887201,35.42909549165473,29.51772174861205,22.547945248958083,59.007785140989476,17.394302713211417,42.68392903251299,WST-03,9.968236462497577,Radar Station West,West Sector,West Sector
16.950812182102734,42.56530650367291,434.012338208562,55.739164230173586,44.70485008818019,15.888011144013385,70.72210092194162,17.052338692980815,42.67044098323254,STH-01,9.238371515747883,Power Plant South Bravo,South Sector,South Sector
17.03962772118679,42.93184025151566,618.6034002370501,41.31487277909235,13.062015931544131,31.5983476650651,78.69463572934671,17.316434368663423,42.999113204065225,EST-01,17.17721820058261,Substation East,East Sector,East Sector
17.116512685515765,42.80849355549592,527.0325607514409,58.93103705917254,8.230992564261129,21.15810624128743,87.61828458497735,17.304829762119496,42.837026199253614,STH-02,20.08252209051615,Logistics Depot South,North Sector,South Sector
17.050228157897987,42.93740325082555,588.2696485720745,33.5447890327691,44.47840656779512,27.534207262588854,63.361936471221455,17.226828249812865,43.11904455886156,EST-01,9.225660606448814,Substation East,East Sector,East Sector
17.0316135567533,42.49354077355238,757.9125456456009,55.09364095906446,40.42945071350292,40.24660660011497,115.51907307670567,17.306980354047656,42.73939719836426,WST-01,20.267559644031895,Substation West,West Sector,West Sector
17.088011245470963,42.97137807865938,464.4125847251113,57.25014459736343,16.446461262233548,17.50699572718216,76.62812653481967,17.239008006831856,43.01805010817509,STH-02,11.376822025081868,Logistics Depot South,South Sector,South Sector
17.00445693243291,42.7676452940202,622.4848347838353,54.68026578431194,44.77700613094293,29.799230626234912,97.02027189519117,17.194595423041108,42.965234983513255,STH-02,4.173452146329685,Logistics Depot South,South Sector,South Sector
17.108887572287845,42.800821026456056,501.09674959721303,54.26523423599052,30.299535661110156,20.84299782742213,79.39395405862761,17.27070367926655,42.89985616120816,STH-02,13.41247749810192,Logistics Depot South,South Sector,South Sector
17.162008776393968,42.94843634819587,770.9765184723968,40.83930046214835,20.915835398844376,44.75976420601617,94.56987655740643,17.537961671490418,43.09914356325385,NTH-03,8.618698344727475,Comms Relay North,North Sector,North Sector
17.12258848578855,42.628451784816775,683.7219794446178,51.40029320162919,47.21350904877963,35.85759395218657,101.03721677790034,17.341483909076583,42.876381803198,STH-02,21.641492782246026,Logistics Depot South,South Sector,South Sector
16.97793279925756,42.83174499681752,305.10283830636644,47.380396980339015,37.00696485253248,8.92414382816543,45.06178014940584,17.042016505078216,42.88227102478038,STH-02,14.964173770576112,Logistics Depot South,South Sector,South Sector
17.203322584249673,42.78420437267469,696.030804663131,42.73437394293655,30.436101958319792,38.28691863276844,89.67425128002479,17.5001124221489,42.96709410068809,NTH-02,16.535011546132775,Desalination Plant North,North Sector,North Sector
17.002493351246247,42.87265163131958,402.0972048399494,59.793350881610394,46.38642580505779,12.937255980560927,68.78046181270176,17.08272976417562,42.9607759982307,STH-02,8.668045017102575,Logistics Depot South,South Sector,South Sector
17.179443600183337,42.93816567509998,734.6842741218236,38.7136415443536,32.689701588360556,41.2751981948884,86.9821818476101,17.491736039845854,43.1483632312835,NTH-03,5.41829654141282,Comms Relay North,North Sector,North Sector
17.058169533232753,42.80803651325806,640.4032001072749,42.39432066563352,56.31206597601532,33.49972062784722,82.81916407407203,17.22510567221538,43.07048525886398,EST-01,12.637370731637391,Substation East,East Sector,East Sector
17.18482840441683,42.44058373270184,540.8896066339048,57.085831120143524,49.08334156724864,22.82371955626984,87.96156693149089,17.319199391075678,42.60305608882811,WST-01,5.758556877348849,Substation West,West Sector,West Sector
17.011881871021604,42.50988420750987,716.4398575243551,38.670248372888224,21.49125436441182,39.671714305250106,85.02332727674897,17.343806317797487,42.64681751199373,WST-01,10.390575552216312,Substation West,West Sector,West Sector
17.00599863110863,42.97238690936025,813.9559715212681,34.580434263856134,27.89515503277551,47.03980127465681,86.68999636669353,17.379776758478677,43.17977436484523,EST-01,9.115706480266374,Substation East,East Sector,East Sector
17.099107753865244,42.98119028402633,767.2462283172439,39.29999249008455,57.4399841217233,44.24080751310962,91.38197523514279,17.312929246635814,43.33243654124499,EST-03,8.113499068442081,Forward Operating Base East,East Sector,East Sector
16.959880804409508,42.98044798821902,627.2275659431446,52.779350313053726,53.712263687635,30.846545907075377,95.40366645970589,17.123929289771038,43.214427123915925,STH-03,15.098679069440227,Comms Relay South,South Sector,South Sector
17.0175892016347,42.42207964024007,733.6165921557179,55.795620291067976,11.471132258058688,37.947585742468675,113.29839025874587,17.352030298478635,42.49318510706689,WST-01,6.5089507082355915,Substation West,West Sector,West Sector
17.167203675655305,42.62946890076965,548.3487326356521,33.43334962867083,16.45822996940093,24.365149401194152,59.22355807138157,17.377335846451818,42.69451817937386,WST-03,12.124196523210648,Radar Station West,West Sector,West Sector
17.20121504349163,42.8558036223928,773.4156729378772,48.65138043224479,21.865231161718324,44.21111820604465,108.03040774283875,17.570152515499366,43.01112453565554,NTH-02,7.823456072588109,Desalination Plant North,North Sector,North Sector
16.974235609181342,42.8517314821947,797.4311349736909,47.01860716784229,52.79094216863423,46.67878814785417,108.16505583352274,17.22779464742018,43.201771839274556,EST-01,9.172630034811345,Substation East,East Sector,East Sector
17.21462331283143,42.45154534296997,382.37630212583923,50.06393356540095,55.645038713715856,13.40007215453573,58.29300426521181,17.28260225870427,42.555737037215636,WST-01,5.305470019772613,Substation West,West Sector,West Sector
17.189255161215954,42.76569333225371,442.81881575636777,50.13169113380388,48.14041444815595,17.456785573547542,67.0201763258608,17.293980365733088,42.888154705337,STH-02,16.28167167637356,Logistics Depot South,South Sector,South Sector
17.21090528871209,42.48572177112451,461.99324240949505,58.78402410799585,16.542506763615727,16.8951470823189,77.51876871859763,17.356552663577443,42.53104732777342,WST-01,3.572683298300575,Substation West,West Sector,West Sector
17.159528566373652,42.695925599720674,399.64903138925496,40.39587625280218,53.22388839811389,14.68148294079179,51.53641894048104,17.23854550659072,42.80665605613024,STH-02,17.55343391501645,Logistics Depot South,South Sector,South Sector
17.15224592018819,42.543811420504674,535.5210041384524,38.99300765207336,1.9728675564419085,24.551809024562353,65.89616297289123,17.37291430125011,42.55177602610161,WST-01,4.775580761992508,Substation West,West Sector,West Sector
17.10752797000346,42.431896703040834,415.81992686976736,47.43675857465476,25.368208853431085,15.821318214940836,60.66974047048961,17.23608226433664,42.495722364052654,WST-02,4.875235589028502,Fuel Storage West,West Sector,West Sector
17.145836167347394,42.448011655315966,657.3235865559657,42.882553777159856,22.657717939904256,34.95398333210343,85.5091593443488,17.435884122207273,42.57493791015145,WST-03,5.4809250798544715,Radar Station West,West Sector,West Sector
17.22573289936998,42.94653576983794,360.96926573856956,44.212628169377346,32.11437635427443,12.283124582455413,50.25062505816592,17.319285834561178,43.008048943264725,EST-01,16.27291484125542,Substation East,East Sector,East Sector
16.980156600425012,42.84678757852092,461.9514918160538,32.078309805134786,33.638433434089734,17.65157333008419,48.66426872859367,17.112298381839402,42.93879714682771,STH-02,5.4361234603820785,Logistics Depot South,South Sector,South Sector
17.044729343353826,42.95909438906377,699.3123875678141,34.44726530860779,13.524269210607535,37.041550748095815,75.72147607002202,17.368598024847465,43.04071874693557,EST-01,14.781274487584666,Substation East,East Sector,East Sector
16.97173649207876,42.68199395940013,539.1270738800096,58.06124809778586,12.27334216714537,22.332937662890913,88.63161593034344,17.16798588222612,42.726679624485655,STH-01,12.528241945856418,Power Plant South Bravo,South Sector,South Sector
17.233441551583212,42.64797549937168,552.8776451120447,32.04874355010365,48.21399550752931,24.2706824212009,57.543445349862495,17.378814682440904,42.818511644216414,NTH-01,22.740650051859593,Power Plant North Alpha,North Sector,North Sector
17.083579639799815,42.615044375501256,778.7551517750335,47.70436778041862,4.571807870390614,44.91357805736305,107.14675521642825,17.48620861091452,42.64879955705214,WST-03,4.2217976103900074,Radar Station West,West Sector,West Sector
17.152603341202855,42.76978425763125,890.706931974592,52.637250870536704,29.597162631722725,52.321984260806964,128.03335052560294,17.56160203864262,43.01354346981043,NTH-02,8.74428627582729,Desalination Plant North,North Sector,North Sector
17.202336019351296,42.6109356321828,639.0406699525278,30.355905853224826,11.498784395860737,30.32474368787006,62.70586266858236,17.46957086489372,42.66792946425619,WST-03,5.19403528360627,Radar Station West,East Sector,West Sector
17.247300074422945,42.8477639403892,347.44030287816463,36.682444438001546,19.17403350725866,11.040032496900452,41.58958231941828,17.34107462895049,42.88192578572239,STH-02,21.393015193427996,Logistics Depot South,South Sector,South Sector
16.99853473733768,42.88079039572952,361.74178453418153,41.31216092548161,16.637665150320487,12.263729956554089,47.71033297213784,17.10420494262845,42.913829769426,STH-02,7.298199556078667,Logistics Depot South,South Sector,South Sector
17.189853781715467,42.92550675605763,881.1004332176497,45.204523412060055,42.511333556832234,54.29483782187095,114.13483531719713,17.54949316746612,43.271562761997984,NTH-03,9.947015243316798,Comms Relay North,North Sector,North Sector
17.21622686944102,42.54568055814717,707.5409476490829,40.247858842669814,27.361236197672966,39.13090116239748,86.81659455912924,17.528698125791383,42.7152940604708,NTH-01,8.921884055895921,Power Plant North Alpha,North Sector,North Sector
16.96466261305526,42.71621322957542,751.4814710002915,49.4699777444715,17.966510066766222,42.11207126962916,106.68496273549935,17.324880744188945,42.83858541658742,STH-02,21.82037559376081,Logistics Depot South,South Sector,South Sector
17.17622716805567,42.5340667700379,705.4582546113248,36.79192551752138,49.88111987881231,38.29833307163886,80.57071629839223,17.397977935177266,42.810078193031245,NTH-01,20.489793521961243,Power Plant North Alpha,North Sector,North Sector
17.056417596358965,42.4225334940522,407.77056101709195,30.76448809287057,5.147708477448121,13.75934876392139,41.64794549995202,17.179658807688117,42.434154432877904,WST-02,6.9175152853449795,Fuel Storage West,West Sector,West Sector
17.14457903744113,42.824695182501905,569.0172964948572,30.047131524547623,45.98163872841842,24.739954320722862,55.86897853762865,17.299116690843967,42.992272729915044,STH-02,16.107426032146257,Logistics Depot South,South Sector,South Sector
17.104214458811658,42.729388764361076,778.8482625716194,40.36536035848903,14.89876547401787,45.40879767202778,94.5282920843376,17.498826376966313,42.839479560364566,NTH-01,11.010937296458556,Power Plant North Alpha,North Sector,North Sector
17.02792267562599,42.83435636773185,819.8177777652439,40.84988397582741,55.08115335760696,49.081851599422166,99.63596082008009,17.280236431418455,43.21339861447143,EST-01,6.08038273653748,Substation East,West Sector,East Sector
16.990566408601197,42.45257374684392,442.4013088478232,58.45812352159632,0.3335451221729313,15.74308357230056,74.20339409946894,17.132144764190574,42.45343621779182,WST-02,11.998525526936291,Fuel Storage West,West Sector,West Sector
16.98508416992676,42.99731570743717,657.5770745002924,31.34342137560709,33.399800241560364,32.28168427168803,66.15650995468916,17.22738573888008,43.164634058094975,EST-01,8.089328675301983,Substation East,East Sector,East Sector
16.980996857312547,42.99660914016822,394.26114164307205,45.90195180405543,37.33589904165563,14.425907641790554,56.2718160114657,17.084131890557078,43.07892391437235,STH-03,0.4734686852421931,Comms Relay South,South Sector,South Sector
17.141337012040374,42.678999895302105,874.966123873051,47.334399427915386,34.63801995881403,53.28194969574796,117.32547752524093,17.53538151445128,42.96462917203576,NTH-02,13.029778725011798,Desalination Plant North,North Sector,North Sector
17.05542325541986,42.9196352291103,451.32257339549255,50.97825035693158,48.90091753194075,17.942387384843673,69.03944788789859,17.161455390826806,43.04689760483791,STH-03,9.716558157154337,Comms Relay South,South Sector,South Sector
17.01499003146176,42.54614113348333,735.981077162338,49.162038004219816,6.729840485028673,40.89047798920433,104.35295701049662,17.380187627821886,42.5912967673072,WST-01,7.096019003012558,Substation West,West Sector,West Sector
17.15756552781177,42.84253969673398,438.6677665361126,30.244184811718284,24.93336025755505,15.596270031418593,43.991171660473256,17.28474405873119,42.90446492582237,STH-02,14.689857412489452,Logistics Depot South,South Sector,South Sector
17.15605486972994,42.92753551408814,669.632365727125,48.955730202270345,51.82420638119842,35.36132041010465,95.89992102035897,17.352441113033667,43.18944992814784,EST-01,6.6162906409776845,Substation East,East Sector,East Sector
17.1117504877071,42.888799759648464,695.5585842135939,39.67163819099196,53.32411731173946,38.015296067393216,84.55819792330952,17.31574776243126,43.17601251427277,EST-01,2.4404689500005605,Substation East,East Sector,East Sector
17.230487345059757,42.88706444694469,497.05686207285163,53.18606884043406,29.90066419432593,20.809851486828297,77.7494726578596,17.39269994269781,42.98482664998994,EST-01,21.25870436204881,Substation East,East Sector,East Sector
17.065624269432426,42.67781597925332,791.3003192556307,35.65096158407097,33.478013632204785,45.44971650197181,86.76111149086499,17.406414783623273,42.91410211114851,NTH-01,23.975443944630495,Power Plant North Alpha,North Sector,North Sector
17.200758891380787,42.891993968667265,831.2225389484703,51.48616955931538,45.83450642939403,48.03326508173703,119.28195027816437,17.501467500134613,43.21690013890509,NTH-03,5.0375005230542405,Comms Relay North,North Sector,North Sector
16.972541822379657,42.81442288781278,813.041958152397,48.764860010671825,46.77662365791849,47.55529802739539,112.81998703288926,17.26517179562554,43.140768150102986,EST-01,4.378070879873795,Substation East,East Sector,East Sector
17.17194932821155,42.47947083888652,498.4789316788304,49.56872655982425,53.28487797035165,21.574327420802707,74.21150727003855,17.287877582887774,42.64236130208701,WST-01,10.86631089490228,Substation West,West Sector,West Sector
17.246534224149578,42.46851064243871,746.6041554075923,35.27843061262663,50.63144395098258,41.411641696679496,81.80117485923286,17.482538847595787,42.77036681679601,NTH-01,10.885228346927919,Power Plant North Alpha,North Sector,North Sector
17.203979464886345,42.863153281560784,635.6944529215345,50.07522003997387,24.86539877185766,32.29637623867895,93.10130170597397,17.467461726324284,42.99118663161869,NTH-02,19.427071683136276,Desalination Plant North,North Sector,North Sector
17.123899415793016,42.77527845326375,655.576994695207,52.10935225925745,38.985199588299395,33.33482749384552,98.32493771744342,17.356830135879562,42.97287737581337,EST-01,20.843735950348524,Substation East,East Sector,East Sector
17.138029819298147,42.711625670314824,586.4550511550772,44.68230783713417,28.994115471704042,28.974539583340047,79.70165541768446,17.365902723608016,42.843962868329186,NTH-01,24.754344247333574,Power Plant North Alpha,North Sector,North Sector
17.055986864831084,42.9443570745093,660.156688781323,40.210970489626355,7.077687985207904,35.0278756083725,81.6227100216489,17.36859521971051,42.985025511998515,EST-01,20.077877923502633,Substation East,East Sector,East Sector
17.153845565477432,42.79575421412273,381.39249482145,34.99664547864528,49.30085520030376,12.908782498086659,43.70786069899508,17.22952630503356,42.887903239196476,STH-02,10.162604658968572,Logistics Depot South,West Sector,South Sector
17.181118614954396,42.63768804705298,545.3083398704732,38.698815753322215,36.1058117820304,25.28825145660568,66.59143794650214,17.364811340950073,42.77810246928016,WST-03,19.834803002307698,Radar Station West,West Sector,West Sector
17.249468544335357,42.64835908490571,406.6030571927676,52.91485087357563,3.480312228354754,14.62481468627456,64.24183598914729,17.38074974029578,42.65672530768995,WST-03,9.635209565337249,Radar Station West,West Sector,West Sector
17.09773887510013,42.76314661649055,468.06331858285546,42.28202173638768,40.61209674053835,19.637975475120175,62.06209069960449,17.23177264008074,42.88350954593227,STH-02,10.65727319744232,Logistics Depot South,South Sector,South Sector
16.96839121973203,42.856165170811806,376.6887215532803,51.081397259797725,16.986062153826108,12.940299640900209,58.29947322067792,17.07968613397466,42.891731327012394,STH-02,10.867202800936122,Logistics Depot South,North Sector,South Sector
17.128757385219295,42.738611984169474,427.49736313321205,52.2027397499546,4.155912523000844,16.117289199872143,66.71952345534687,17.273322020915508,42.74961245648228,STH-01,21.913776892666867,Power Plant South Bravo,South Sector,South Sector
16.98570724499465,42.70525652933151,769.1575534726295,50.225106723728686,36.39533488101868,43.357073742292,109.95377074402867,17.299425684490917,42.94757682792954,STH-02,15.505586026929008,Logistics Depot South,South Sector,South Sector
17.023429513066834,42.83614042159251,629.9018773066022,50.20615271048845,43.93251924775461,31.792085425898797,92.5218281763253,17.229226002347836,43.04382883492576,STH-02,12.593410358985212,Logistics Depot South,South Sector,South Sector
17.04863397339172,42.82315872994422,314.185871107341,48.32424612978154,31.037057659289523,9.396700445252472,47.04808811789293,17.121036876119085,42.86874997055543,STH-02,9.6594517193549,Logistics Depot South,South Sector,South Sector
17.169308961944523,42.89820810436814,773.1146902812693,45.55265936141141,0.3388964142055473,44.82945148559577,102.97818047871594,17.57246228024532,42.90070942944692,NTH-01,12.823109932306187,Power Plant North Alpha,North Sector,North Sector
17.00514243716355,42.43753107176637,845.6810375576944,35.934500606108095,34.6129642165562,50.34453269929878,92.39588101912047,17.377588222326075,42.70700956711005,WST-03,13.007418067081744,Radar Station West,West Sector,West Sector
16.999725884052705,42.85297127924919,828.2575654695826,55.2841016076555,0.39654451907759736,45.69927702230631,124.61253500987982,17.4106989235148,42.85595222134691,NTH-01,20.476273021855775,Power Plant North Alpha,North Sector,North Sector
16.963489272749648,42.70825627057101,793.810129723993,58.92792517462786,55.58449807782708,40.497035948713595,125.14930422518833,17.169088974491835,43.022717953113215,STH-02,7.791567016140896,Logistics Depot South,South Sector,South Sector
17.211971980906164,42.44481587201989,895.3298656805622,43.99452196800499,16.038309463503122,55.70647305233882,113.34367904491413,17.693399702062695,42.590097243117725,NTH-01,23.747908162763267,Power Plant North Alpha,North Sector,North Sector
17.15805162730682,42.80740601690171,651.8411733227597,57.99716267653967,52.26039620982145,30.513246225051073,104.85546299362876,17.325884526209506,43.03472510999552,EST-01,13.606734934375853,Substation East,East Sector,East Sector
16.961983939685286,42.829924116401166,877.552577108943,59.9398361316985,0.726557317012233,45.78087544781794,137.13414709156962,17.373667499773532,42.835394403578675,NTH-01,23.683476213080024,Power Plant North Alpha,North Sector,North Sector
16.958487691691435,42.71417630172681,869.3065395008565,44.58587737757462,5.832990629530217,53.35909586778725,111.74980682227753,17.435865911697782,42.76529309372256,WST-03,15.644427533342554,Radar Station West,West Sector,West Sector
17.117602288942518,42.87627938658986,487.9432383020636,51.730661212499044,27.084498276159422,20.444910076522678,74.99224442560656,17.281285225098014,42.963951569735286,STH-02,13.567482145045217,Logistics Depot South,West Sector,South Sector
17.034760320386013,42.58014886517758,818.0602536335225,49.31371014751568,45.51644274316014,47.801899068575,114.28935622193606,17.335734378015875,42.901449921007384,STH-02,20.20951917776921,Logistics Depot South,South Sector,South Sector
17.12901790512958,42.52114433111886,775.4835993352663,37.117944480022416,56.5537020300382,44.5036180375148,88.10803990336927,17.349305236594194,42.87101428936751,STH-02,22.659338154582027,Logistics Depot South,South Sector,South Sector
17.08038125270429,42.61044037104597,765.4792664406514,31.412683312629564,31.265688910105787,41.33604152358644,75.86641234435425,17.398035725106094,42.81262690546521,NTH-01,20.52727757413174,Power Plant North Alpha,North Sector,North Sector
17.226993768693077,42.64603030797758,837.7684627751531,43.6006593352337,21.32764281999577,50.68937688019899,106.61393605417729,17.651559340866605,42.82001697787496,NTH-01,9.016704033690898,Power Plant North Alpha,West Sector,North Sector
17.03634270448841,42.8175601614413,530.5140059521846,53.616149921888166,2.6732723950308634,23.15800729427575,82.97525879306858,17.244380480366228,42.82773088836882,STH-02,16.022212175492058,Logistics Depot South,South Sector,South Sector
17.153743610531667,42.907311962726936,540.0329795324292,39.75403988069091,35.022568304322704,25.00334116375273,67.45625380460685,17.337842378728194,43.04250120454594,EST-01,13.16360717877666,Substation East,East Sector,East Sector
16.96621629348558,42.832550914047204,684.0313855221818,53.53316163579553,22.802625869912024,35.100064546046625,103.88724223905604,17.25716774930355,42.96065455136022,STH-02,10.863682410105586,Logistics Depot South,South Sector,South Sector
17.236758160256677,42.50439253544176,742.6827226886053,49.644050458888664,54.54800908050245,41.317136334317674,105.88459124117644,17.452029047630173,42.82168167531097,NTH-01,14.900368125976573,Power Plant North Alpha,North Sector,North Sector
17.244227240372506,42.61973025088015,827.8422615945688,50.86624055452762,28.803553370400042,48.02724038280603,117.91020231655746,17.622589241559048,42.83807743419652,NTH-01,7.766483763668377,Power Plant North Alpha,West Sector,North Sector
17.171722388704925,42.49504822806867,825.5071923955692,38.5722266513217,45.926818987786554,49.268854523470914,95.81731432795821,17.479646513473345,42.82879312976286,NTH-01,12.299805020992478,Power Plant North Alpha,South Sector,North Sector
17.08956374146907,42.81203451973483,732.8037746317559,44.10142148529141,50.892631692893744,41.45578475372017,96.03691022098256,17.324503875634267,43.11507743879952,EST-01,5.492375866036737,Substation East,East Sector,East Sector
17.015998031798176,42.548903126930135,874.1356666929137,35.45111400075651,5.8966567006652575,52.68708510132861,93.96002437706426,17.48731021581383,42.59993954378103,WST-03,3.7079637302518638,Radar Station West,West Sector,West Sector
17.19375490207439,42.71523215971111,407.17717136774536,37.397415842391794,26.450778465374686,14.9068406237903,49.22444916568912,17.313771716064604,42.777780529687675,WST-03,23.33889700880721,Radar Station West,West Sector,West Sector
17.170906229144105,42.87509790591681,870.2039083080517,32.695501292772455,53.62304586073872,51.08490612953671,87.59741973295917,17.4430128011929,43.26281731528013,EST-02,4.701950127138753,Water Treatment East,East Sector,East Sector
17.016586211868283,42.80256356495297,338.51488922017296,33.80320218888624,25.46731789918149,10.177024923051409,37.80618387539847,17.099212796461707,42.84373860504252,STH-02,13.16008039452877,Logistics Depot South,South Sector,South Sector
17.08536458824718,42.57902439439908,633.3731287151509,36.315404378875094,33.90925661804312,32.031795790632664,72.4238295817371,17.32436931376376,42.74736840646324,WST-03,20.251223638413855,Radar Station West,West Sector,West Sector
17.088839681345036,42.599720050369804,354.11817420487336,47.40702634127511,52.38623683793086,11.792695800854013,52.04326722735515,17.153549304523263,42.68764098391068,STH-01,8.09789331964243,Power Plant South Bravo,South Sector,South Sector
17.197923164991813,42.79201857196182,640.8005851188818,43.2363335864292,13.95561520138756,33.547990782195065,84.13382559841062,17.490707234287072,42.86830740194637,NTH-01,13.647349993948698,Power Plant North Alpha,North Sector,North Sector
17.155153405300222,42.729680649603964,534.0658274734317,38.008185376966864,53.6748997694078,24.292746185552307,64.3691440255753,17.284483695987255,42.91401917888743,STH-02,14.359810165175372,Logistics Depot South,South Sector,South Sector
17.142950263062016,42.457836092482026,348.9656589014321,55.833373406930676,23.82170527137692,10.671070913998825,57.586786831588675,17.230737571649023,42.498417736611145,WST-02,5.244189446959337,Fuel Storage West,West Sector,West Sector
17.14494822676898,42.924394953564125,688.870083014513,45.754430740259586,35.58199971954391,37.52277221304782,93.57637878490291,17.419286237685093,43.13018290123705,NTH-03,13.39681540345855,Comms Relay North,North Sector,North Sector
17.031141023814744,42.70756794883218,738.7187997737051,57.69328420907381,19.68236892395119,37.217923676453594,116.3616681683347,17.346259563403663,42.82567026407776,STH-02,24.561454106291166,Logistics Depot South,South Sector,South Sector
17.06151337794886,42.68401660791848,404.51124817198877,49.04894886832703,31.627143225575402,14.939079326630626,60.58411083681272,17.17589635372123,42.75775699032488,STH-01,15.901948465414769,Power Plant South Bravo,South Sector,South Sector
16.963698685631012,42.519063601979354,716.6620315852614,30.473627895861497,2.957148181350151,36.7166207060423,69.7496191668204,17.293458258716246,42.536904731205595,WST-01,4.294491838074668,Substation West,West Sector,West Sector
17.18608234074364,42.62619629138232,407.42852948863975,57.404270730470856,3.915598514325802,13.832221145787743,67.91493638288851,17.310187752491196,42.63509389202761,WST-01,9.297744386341503,Substation West,East Sector,West Sector
17.079899464550945,42.59969491738906,382.43786958916587,55.72390007042479,24.88336571625513,12.647799648648094,62.759648764613225,17.183078236652737,42.649791356534024,STH-01,7.695152893215088,Power Plant South Bravo,South Sector,South Sector
17.08147150712627,42.562441409697655,388.4179599148474,49.05813668342698,20.09711540601471,13.874936522765292,58.30393816227859,17.198649024647704,42.60732430552571,STH-01,8.848471644603869,Power Plant South Bravo,South Sector,South Sector
17.023606879480088,42.74044394478806,659.4470813726009,46.04320667192454,36.94750861650649,34.98435164962637,90.49271838031756,17.27495191676493,42.93849072670173,STH-02,12.840408365271966,Logistics Depot South,South Sector,South Sector
17.01282818443783,42.67736521616817,767.2744848759619,43.58778219955755,2.274610022628374,44.494098761731436,99.00656264885602,17.412656713756437,42.694009145341056,WST-03,9.452851686576388,Radar Station West,West Sector,West Sector
17.12634657887071,42.9335186111888,658.1362208842882,44.46524537300495,10.06012018421348,34.99545394272553,88.00490209031703,17.436220795712803,42.99114203617103,NTH-03,22.581830164180317,Comms Relay North,North Sector,North Sector
17.0197659045611,42.9648063862283,785.6108718109471,53.07661922527049,12.57551364754753,43.52427136767881,116.18331580787662,17.4017786894067,43.05411632237599,EST-01,15.949091825240968,Substation East,East Sector,East Sector
16.969262655469638,42.53168405753685,654.8864046422216,45.394248070760575,26.429506111788026,34.658964968745735,88.99579199117306,17.248328637621277,42.67695074701044,STH-01,15.499062223377496,Power Plant South Bravo,South Sector,South Sector
17.18025222479427,42.46006325726032,778.3927484090921,35.28074096107322,14.810085742737165,44.187642970817265,84.81508587157211,17.564410719352267,42.56660865802064,WST-03,12.916886198957338,Radar Station West,West Sector,West Sector
17.06294083032191,42.87120253089265,885.9135006799804,31.74532701518978,8.25976114846384,51.916161750267946,86.77249747503824,17.52497814716846,42.94154086852541,NTH-02,15.256082719141181,Desalination Plant North,North Sector,North Sector
17.06407067516979,42.99691684218317,534.5758847809348,33.78558828859538,35.85442042694627,23.408470387266846,58.36413099088616,17.234655574176198,43.126019187242946,EST-01,8.11255653862381,Substation East,East Sector,East Sector
17.079395484454736,42.91816004191249,389.9653061561368,37.543233265121586,44.632318668193314,13.78610772548972,47.389514678838076,17.167603876355535,43.00932545961041,STH-02,6.359373620245807,Logistics Depot South,South Sector,South Sector
17.194513447022427,42.41421844127124,381.2380870229746,41.032023643191195,41.11608400783331,13.499646368891932,49.89633061136843,17.2859602057139,42.49782916784204,WST-02,7.204985568949187,Fuel Storage West,West Sector,West Sector
17.046251068781945,42.55075813042388,658.4865579939589,56.77248036525626,16.57080571365127,31.6396307253808,104.3972068674065,17.31895739457583,42.63576303362936,WST-01,9.186227335248379,Substation West,West Sector,West Sector
17.17741086337735,42.42600536622476,628.2618395132051,37.17261696599004,51.26669018201784,31.806910903599864,73.29290518569223,17.35625390112034,42.659784401774004,WST-01,12.012614998706596,Substation West,East Sector,West Sector
17.231863452233863,42.8924676262247,410.5412271252185,39.587956740076045,36.70933076564413,15.358649853275773,52.00761123593937,17.342575538323658,42.97896382299962,EST-01,19.791967954274163,Substation East,East Sector,East Sector
17.14826045877744,42.74884418577539,829.2629776006041,36.690436185803215,36.88000206044543,49.13403608359743,92.4206253031453,17.501520622377964,43.026899853616555,NTH-02,15.415587724358463,Desalination Plant North,North Sector,North Sector
17.079504324353106,42.708231124700234,874.049021072513,46.372254561184,12.770907102987437,53.44922172780982,115.51166797639273,17.548262252948476,42.819671879938824,NTH-01,5.49017311224511,Power Plant North Alpha,North Sector,North Sector
17.174336916944,42.73266992919792,451.929385861981,48.512600888834605,14.532773240169213,18.277547726788825,66.70482509843352,17.33344676167146,42.775879040264726,WST-03,21.716343535324466,Radar Station West,West Sector,West Sector
17.087369210925416,42.551470755217956,424.1297585406402,45.96382595691482,28.485013046286284,16.46585237326585,60.36275903185763,17.217510175301538,42.62540796567646,STH-01,10.857863376277166,Power Plant South Bravo,West Sector,South Sector
17.07432818133244,42.76098302148332,428.35311138452835,58.55569953650821,14.26926186243507,14.838152375156625,72.07259805422112,17.203650843319018,42.795414260028906,STH-02,17.12433680296057,Logistics Depot South,South Sector,South Sector
17.107584949071803,42.41840018707842,532.4529178148157,59.86134052962373,41.284664189122594,21.145745317962806,89.26953106472232,17.25044249862418,42.54978291901125,WST-01,8.8464327715547,Substation West,West Sector,West Sector
17.045316700442786,42.7876070343825,811.9363051793678,55.1218796941669,18.513270735345493,44.51075291142095,122.36568160064958,17.424852167093245,42.9208224550448,NTH-01,22.81752374988173,Power Plant North Alpha,North Sector,North Sector
16.981275064884,42.840660298107295,657.5763659646707,54.158884346709065,9.114969237680949,32.74454008780591,101.16376261483116,17.272029002270674,42.88951316403552,STH-02,14.016160994217165,Logistics Depot South,South Sector,South Sector
17.07445560165785,42.803815758227096,340.53205903960196,40.98158330248826,9.096831226408348,10.943708904537184,44.723149827016414,17.171636093989775,42.82010210529643,STH-02,13.861113661235857,Logistics Depot South,South Sector,South Sector
16.98715706433879,42.59927051098733,583.7874511032403,47.39350518485995,7.633666722669639,28.54094062472117,82.94918264170911,17.24155369922741,42.63497097953132,WST-01,13.345886922491156,Substation West,West Sector,West Sector
17.073132442066633,42.89575774907652,354.19900981685555,40.54417256846655,26.385004737982463,11.7555769824529,46.0473312517743,17.16783372558018,42.944930852609446,STH-02,1.024116238159898,Logistics Depot South,South Sector,South Sector
17.117080116364036,42.82932639827049,543.7284684050641,53.53067538521218,0.1824021808573506,24.166625292012995,84.75976916917904,17.334414396223384,42.83005120598841,STH-02,23.20310367098271,Logistics Depot South,South Sector,South Sector
17.229213354361693,42.476978393754564,542.1120853819903,35.15493417275508,32.54233729815185,24.347554826391953,61.15503686383987,17.413759773661436,42.6004206450383,WST-03,5.545377207753099,Radar Station West,West Sector,West Sector
16.96086669931359,42.517086532322985,689.0115994257874,36.50015142883929,17.898175375173025,36.802760737792866,78.39985157302048,17.275795882713997,42.623608879476365,WST-01,9.868868825831322,Substation West,West Sector,West Sector
17.136437521950583,42.78226504790694,629.6723801778605,31.160822126109267,33.14872985761288,29.943192081550496,63.28800309831872,17.361838979930496,42.93654267742227,STH-02,22.488948153119452,Logistics Depot South,South Sector,South Sector
17.087320555995024,42.57364968013361,824.8528694034516,48.26819020013977,56.125524806494994,48.71506132660539,113.3528420544432,17.331152129738758,42.954689317224734,STH-02,19.037789034049915,Logistics Depot South,West Sector,South Sector
16.956078338461243,42.47165976486774,309.7651095992834,50.65614776366871,52.142856611009016,9.02467770287965,48.0319263138282,17.00587533896046,42.53866972514106,STH-01,15.3552129691576,Power Plant South Bravo,South Sector,South Sector
17.024864452781614,42.492981395889935,764.3992932567894,30.100868586941363,34.58579039630733,40.49613608588926,73.06398305051246,17.324578729769947,42.70953344145573,WST-01,16.945031606075794,Substation West,West Sector,West Sector
16.98554557570644,42.49937030832424,313.59500457350504,45.32357291982752,25.084218758323505,9.43968529548819,44.73492290022458,17.06242849542013,42.53701771578483,STH-01,10.898118293525432,Power Plant South Bravo,South Sector,South Sector
17.015038243719435,42.68667454409103,482.57389708581957,41.30623615469322,41.90176026495039,20.675960968825173,62.682046565014154,17.153392723170494,42.81663854025942,STH-02,14.18829950012081,Logistics Depot South,South Sector,South Sector
17.032371073038274,42.7644312720577,827.7978829077381,53.771423454563035,55.38835995747127,46.57699774334496,122.35399086512001,17.26997790152889,43.12545059148147,EST-01,4.959858815723421,Substation East,East Sector,East Sector
17.07039190061466,42.50584136491265,714.248503006273,31.166722379959303,29.372824076372982,36.88057456100557,70.89547097447873,17.35935709470035,42.676287323401425,WST-03,12.684833132357104,Radar Station West,North Sector,West Sector
17.108711818046668,42.82749796621793,403.198007019686,31.456970664542357,5.958463445119118,13.631457702022319,42.01831130182059,17.23063955089621,42.84082173150898,STH-02,14.007082377212392,Logistics Depot South,West Sector,South Sector
16.950296998177915,42.568607564500915,594.4707264671658,48.6062729617764,45.9652920254394,29.23416170661177,85.87531542656978,17.13294786264606,42.766394384594946,STH-01,15.622986621925367,Power Plant South Bravo,North Sector,South Sector
16.99856080818862,42.58693488303638,733.1425085867916,47.74916563739292,0.6287492336630485,40.99481529658998,101.87029622448468,17.36721328791719,42.59117376101199,WST-01,6.018287298883778,Substation West,West Sector,West Sector
16.97806991568264,42.53409917264446,862.4059928037176,54.932700689940305,45.87830877844042,48.626176352746576,128.2510452703046,17.28225048053075,42.862865775264254,STH-02,16.444870988836954,Logistics Depot South,South Sector,South Sector
17.11490201977882,42.87112368156591,680.5927195309223,47.76800667472084,5.094996233194198,36.523681061183694,95.56632365887616,17.442066794128394,42.901699466370474,NTH-01,20.044570675505245,Power Plant North Alpha,North Sector,North Sector
17.04872246112038,42.975888299762126,314.8052468597564,58.481124857745044,6.396994461977215,8.44350434108351,53.72355716078424,17.124183639288326,42.984741092706145,STH-02,5.430265287296066,Logistics Depot South,South Sector,South Sector
17.114519320810416,42.69549990920685,599.8211158177701,39.43153926703266,46.902412200691565,29.831592838595693,73.74820667990765,17.297717269537024,42.900675996779114,STH-02,16.18469984508622,Logistics Depot South,South Sector,South Sector
17.016546990652405,42.42521838485919,391.77698350249665,41.93764219214401,41.37130229372432,14.23578261480859,52.119966260636374,17.11260340595442,42.51375452656623,STH-01,11.320641111153035,Power Plant South Bravo,South Sector,South Sector
16.957268806226274,42.556341589855286,328.66773028495277,59.330239995087496,33.71418776019827,9.010258527606469,56.49637335945069,17.024666428766714,42.603379163443606,STH-01,10.74683749591638,Power Plant South Bravo,South Sector,South Sector
17.232410070381075,42.49483017467131,659.1063808089506,33.22572730115334,49.235111562611614,33.19823692638392,69.67889192560833,17.427216753651695,42.73183559869699,WST-03,12.411105252555695,Radar Station West,West Sector,West Sector
16.982492436356697,42.90565737091121,766.1531415062548,53.877145595888386,51.0821106446258,41.54781640288539,114.89942586228929,17.21699380860031,43.21001024384907,EST-01,10.648581803782074,Substation East,East Sector,East Sector
16.988057624388514,42.45091239245992,321.63633329784255,30.34706143981321,27.450735339377204,8.74717235794337,32.707234570495835,17.05786211666182,42.48884454920824,STH-01,15.558363441583936,Power Plant South Bravo,South Sector,South Sector
16.993964047953042,42.97988574441303,770.1535625793117,44.595397482100566,59.777921223272244,44.67949081047796,101.04024453036105,17.19589410108416,43.34332917844142,EST-03,5.104605204427283,Forward Operating Base East,South Sector,East Sector
17.24438295719798,42.753108265974774,723.8327278869053,34.60207012106024,21.454796378346437,39.20014862554679,78.35010961550799,17.572444076788766,42.88836484822389,NTH-01,11.517798339197103,Power Plant North Alpha,North Sector,North Sector
17.135298072050997,42.710643872244496,751.1921329010167,47.96585111184195,10.290465997247896,42.48940855860333,104.34138813138189,17.511254904729526,42.78222103224323,NTH-01,7.647742495565103,Power Plant North Alpha,North Sector,North Sector
17.133086985511156,42.90841037345151,446.8370236294203,53.94509909123484,50.7585865871935,17.121605176204458,71.11782846464854,17.230453518607543,43.03326789090636,STH-02,11.81563427144572,Logistics Depot South,South Sector,South Sector
17.246009460455557,42.41652857277487,536.1572732960575,30.99126907052062,24.934216773559815,22.642698720924987,54.31638493845747,17.430639908969244,42.50650615207326,WST-01,12.105109710232373,Substation West,West Sector,West Sector
16.976531630782397,42.866291649644204,371.8504963243314,34.91318179775236,52.46997907371686,12.303348858776662,42.568700028821716,17.04391440491278,42.95806893839722,STH-02,12.93660149809801,Logistics Depot South,South Sector,South Sector
17.242350267762685,42.46996242734111,443.3345701406799,40.27831143485707,3.669980669424242,17.71107244271488,56.727198942678655,17.401302630984294,42.48064677938237,WST-01,10.818231814200267,Substation West,West Sector,West Sector
17.011203943966212,42.90446685936426,481.673802886458,37.67396897567022,6.663126690398498,20.2252959944769,58.051810321664675,17.191864382811666,42.92655889087723,STH-02,4.330767865275364,Logistics Depot South,South Sector,South Sector
17.13692145106861,42.717505731542715,491.6619837220717,41.49659669418765,2.416359673437747,21.377360661532983,64.0150464694744,17.32900128783328,42.725996594826256,WST-03,18.40331683627111,Radar Station West,West Sector,West Sector
17.076025069590838,42.436677641416054,405.0239328580871,58.55604899452355,36.120657618144605,13.41802455923332,68.37844220586875,17.173486801812878,42.51113119161448,WST-02,9.841864971922138,Fuel Storage West,West Sector,West Sector
17.065185544043153,42.899947023280795,413.227078842686,33.03618382320722,49.91185086698998,14.604184258530495,44.90415990029409,17.149735828915386,43.00510357521739,STH-02,5.964860926782466,Logistics Depot South,South Sector,South Sector
17.229372998543838,42.41638847024275,840.8822398752961,42.69846325997317,24.159647016520303,51.00248053908532,105.27252111512854,17.647776303085678,42.61338487169303,NTH-01,19.199194771966425,Power Plant North Alpha,North Sector,North Sector
16.994768318532078,42.48302241573616,770.3361688893635,43.71274114822749,5.441726980261423,44.75688557177144,99.55684126291344,17.395458143878304,42.523022710592386,WST-01,7.8214741883539975,Substation West,West Sector,West Sector
17.249120703322873,42.878694714295975,506.6866220948624,38.41026155487488,22.40812964585721,22.223684918138424,61.83940969692318,17.433875830924244,42.958550650797065,NTH-02,23.82803164911555,Desalination Plant North,West Sector,North Sector
17.063737518327464,42.678922674314734,868.5861236885764,38.35519673062709,20.882767940383793,53.04932024738718,99.53516689466342,17.509403766109386,42.8572426839919,NTH-01,11.344120780795908,Power Plant North Alpha,North Sector,North Sector
17.144632471166567,42.9288332226129,443.35362767539436,51.44256485247962,38.60831548584689,17.317345359076477,68.33399545507079,17.26630562773972,43.03059885174787,EST-01,14.240786938202866,Substation East,East Sector,East Sector
17.240372019445008,42.78125756367465,544.0922720700304,48.535315279529485,39.12909772778003,25.22095316881836,79.19420400594214,17.416264277243783,42.93127218762686,NTH-01,24.26598527229601,Power Plant North Alpha,North Sector,North Sector
16.96728031511369,42.77411725262225,788.1151868607424,54.38496059199459,6.181423035081184,43.04336113128728,118.36193428987599,17.352122743758404,42.817785828773026,WST-03,24.172108310064463,Radar Station West,West Sector,West Sector
17.226859308877557,42.57534106367921,565.731822122176,42.15219667434157,25.210606651531645,27.265162968754098,73.74836298751761,17.44867494897429,42.684821075932405,WST-03,6.990276932313802,Radar Station West,North Sector,West Sector
17.120343415606303,42.48020831413104,440.7751937448876,48.20133080939019,38.55087160912593,17.50942042674744,64.85477992131746,17.243464375409946,42.58296070956703,WST-01,10.2389430942636,Substation West,North Sector,West Sector
17.161319063693234,42.97670343453801,521.121280572893,56.807644220477535,15.531672551402085,21.52102500956785,84.77472702572214,17.347787063516183,43.030998279587266,EST-01,14.688474213580772,Substation East,East Sector,East Sector
16.994755255165902,42.46287861348603,600.4326434248089,55.53985415149157,24.424817191708655,27.78120530035853,94.9270322007824,17.222208965407216,42.57103717440975,WST-01,12.192193375378574,Substation West,West Sector,West Sector
17.11001622924931,42.71740636004414,672.3866301962024,57.60070177499877,36.82169589870113,32.25960603216539,107.26606046483002,17.342174680415834,42.89956138385912,STH-02,20.953095940264152,Logistics Depot South,South Sector,South Sector
17.152054114417574,42.56354115450087,543.363899748914,38.069250675846746,24.17224207469411,25.037399821758864,65.48779656598086,17.35745463142736,42.660141325930454,WST-01,12.082371959528844,Substation West,West Sector,West Sector
17.086874192216303,42.55848439814887,558.7825986719845,59.56263553596361,1.851658293934073,23.06963446626868,92.9690007875196,17.294235657900078,42.56550555408728,WST-01,4.304011682095853,Substation West,West Sector,West Sector
16.996495553431817,42.75675173158169,458.36616768085514,54.4916974641425,13.35695972577035,17.79279476654588,73.31823891308947,17.152177687002705,42.79543829913791,STH-02,16.444800980868212,Logistics Depot South,South Sector,South Sector
17.023235722525673,42.87876047030732,621.2083790504471,53.8442341812391,46.56485486793142,30.00952853144335,95.86754343287879,17.20868530212547,43.08391993016312,EST-01,12.975711522539143,Substation East,East Sector,East Sector
17.206317837298048,42.866307689698765,431.67374026172786,50.02735802875978,14.91024472500184,16.692533112804046,65.3395923754665,17.35137863525225,42.90677574452718,STH-02,21.769746408619206,Logistics Depot South,South Sector,South Sector
16.96034129784983,42.92128101351613,820.5157308648455,59.49803920116196,49.06268676387685,42.016587779228956,129.3286394212331,17.20771188600068,43.22010444007935,EST-01,12.084928264512767,Substation East,East Sector,East Sector
17.162658623532245,42.57574164274742,748.4202421597809,43.24689684139441,28.01446954210943,42.852474908731075,96.35268928396032,17.50279514116549,42.765539164113534,NTH-01,8.720636869918579,Power Plant North Alpha,North Sector,North Sector
17.24981701095436,42.679450829029044,546.1673930485105,52.24617914287232,28.37526823183668,24.681411778880086,83.71321830078355,17.44508343049681,42.79002409722602,NTH-01,15.039669827804182,Power Plant North Alpha,North Sector,North Sector
16.952244898832028,42.40560074393201,748.3367082197086,50.964338639655644,46.23097291988267,41.35226940356211,108.5247908358519,17.209307403741906,42.68674054656981,STH-01,12.20219182393827,Power Plant South Bravo,South Sector,South Sector
16.99831370484598,42.848114573881816,304.1975650856238,51.96266719341197,22.997610780953707,8.629590182849482,48.05735603255881,17.06975074180887,42.87983255307506,STH-02,12.502400880025604,Logistics Depot South,South Sector,South Sector
17.15224329026794,42.58140586728537,506.69353358543793,52.5439444250777,14.308835529142257,21.655216521431097,78.48113493691228,17.340945194506848,42.63182974732911,WST-01,8.770606369407547,Substation West,West Sector,West Sector
16.967997250375603,42.73689611996211,564.1806888880731,35.722676733636405,6.301942603045989,26.22418867691682,64.30600871845488,17.20240980206035,42.763995963743014,STH-01,17.833212533587737,Power Plant South Bravo,South Sector,South Sector
17.126936995156758,42.50158016921167,581.8791045274183,40.47154409107207,40.31459257012608,28.468513871475132,73.26048826133432,17.322081422667154,42.67509219136207,WST-01,13.307655357057707,Substation West,West Sector,West Sector
17.15520003106832,42.8916397042806,749.2388866262033,41.76761987477715,28.196552387573,42.9062696826827,93.90553435451224,17.495184714236895,43.082801644806864,NTH-03,11.010081903056022,Comms Relay North,North Sector,North Sector
17.126443904434222,42.89036333156697,877.6844565370283,52.43999441939886,48.564412842007606,51.373175605371515,126.2141936162086,17.431866405025367,43.25340347796441,EST-02,5.116571941107216,Water Treatment East,West Sector,East Sector
17.05955541090632,42.926471748851775,527.9982782656818,51.487439271579134,27.46048251445838,23.470207316763105,80.36074331406148,17.24682056583626,43.028387283037205,STH-02,12.748634928880026,Logistics Depot South,South Sector,South Sector
17.159184688795992,42.427562198264035,510.3599097167248,55.00098615707158,24.88864050689045,21.311090019990072,81.45980817185465,17.33302257480339,42.512058246189326,WST-01,4.041384108982325,Substation West,West Sector,West Sector
17.128288328404146,42.99547522586501,666.3091359482377,53.65557473671008,17.931125044484236,33.63678500397526,101.7039481962565,17.416073933461163,43.09308197707503,EST-01,14.731816029266406,Substation East,East Sector,East Sector
17.012291151628176,42.548667648663816,468.75216851494736,47.88101638168232,11.965672376421468,19.555785139896738,68.35671305850573,17.184335458377625,42.58683353224683,STH-01,7.974629432638334,Power Plant South Bravo,South Sector,South Sector
17.118940663075534,42.58566021162841,384.81020028911354,34.19845459462327,49.826216678907876,13.00031218611718,43.217091282884304,17.1943416393342,42.679172812014144,STH-01,10.385526337862293,Power Plant South Bravo,South Sector,South Sector
17.21457216514168,42.54960143751427,876.9245222953192,49.063657776970956,5.712682256805981,52.880078035136705,120.54771096450425,17.68776550087939,42.5992870935396,NTH-01,22.590297609477183,Power Plant North Alpha,North Sector,North Sector
17.150049985707135,42.56051961901992,785.7179740854133,56.61177850912438,54.12766340109875,41.51567747288178,121.10669852779576,17.36858349611089,42.87751463296286,STH-02,24.437233777564835,Logistics Depot South,South Sector,South Sector
17.091537452218155,42.731596813662186,875.0997318144767,49.29523090169194,1.6145490742410296,52.6375589583707,120.73919122303877,17.56472932061769,42.74558662547565,NTH-01,4.023859698465915,Power Plant North Alpha,North Sector,North Sector
17.046475230860835,42.54388632658227,430.69972721035003,56.86879285733225,31.33514011393251,15.413001768402287,71.12928826145651,17.16485557192922,42.619330959938,STH-01,4.9882255029445615,Power Plant South Bravo,South Sector,South Sector
16.97576586283127,42.63626278684024,310.68552898180235,59.97159054410698,3.499713729065057,8.007790563367625,53.866032384650225,17.04764720066335,42.64086091514548,STH-01,8.345225196539252,Power Plant South Bravo,South Sector,South Sector
17.02338813982771,42.79336394946593,562.3569454428639,40.776066990705985,46.77642727857798,26.900605709951133,71.44651398984723,17.188984745360106,42.97789147071978,STH-02,4.378065396659787,Logistics Depot South,South Sector,South Sector
16.953356025926063,42.90161572214664,860.1653777949488,51.698690830435524,12.6897914435468,50.32544751986061,123.00070832122606,17.39486141774972,43.0058002658518,EST-01,19.47100336753228,Substation East,East Sector,East Sector
17.24598777525749,42.81564490016013,382.99520332305536,46.198758978015164,33.95535457419213,13.672790423413677,55.009821208051605,17.347968786880998,42.88759803529865,STH-02,21.92649856046147,Logistics Depot South,South Sector,South Sector
17.01674467563862,42.756593706872394,370.311313700759,43.64915402124497,54.986766155456664,12.873561494745154,50.98077446386001,17.083148086002062,42.85579199929475,STH-02,13.162482602615885,Logistics Depot South,South Sector,South Sector
17.194462782805612,42.48863713752464,341.37167054750523,37.196012360773835,38.95553613674557,10.730949217033244,41.371039092964544,17.269498878252424,42.5521762589575,WST-01,6.731393295807676,Substation West,West Sector,West Sector
17.000593464541492,42.88966936092477,759.0107993591848,37.37743787987793,10.699197898434926,43.121189074508465,86.98163719922266,17.38163543185625,42.965109458673396,EST-01,22.58996664929599,Substation East,East Sector,East Sector
17.03508034488167,42.42236493279582,771.5559203001234,35.54916860279913,47.80066612529404,43.682515405915474,84.6966573889586,17.298731624197025,42.727176458424424,WST-01,19.127081920644734,Substation West,West Sector,West Sector
17.07548319576851,42.55851499794118,717.2256333980785,48.944505194968244,26.488776408500957,39.362841451110015,101.7548446677914,17.392251807019587,42.72396977325457,WST-03,13.357325769754297,Radar Station West,West Sector,West Sector
17.04732169924248,42.43423535015918,331.97510707340166,34.26159289929309,0.7906043005654007,9.867569214809457,37.534167834724265,17.136054306441036,42.43551669938029,WST-02,11.66020012867809,Fuel Storage West,West Sector,West Sector
17.18950524382796,42.800457385350676,733.9730014891222,42.94159409451152,29.205898206470103,41.592119735424305,94.24387741112406,17.51590917764535,42.991846237013874,NTH-02,14.117341259261412,Desalination Plant North,North Sector,North Sector
17.237308022404626,42.62102264955611,569.1772850770124,45.69999717816582,48.74908063580042,27.511470337636975,78.91009740330144,17.400349823588865,42.815957723124484,NTH-01,20.336955560887432,Power Plant North Alpha,North Sector,North Sector
17.212588345095256,42.79122908992292,394.736653161963,43.147034315669096,25.797457850016784,14.468760140144743,53.694385321299144,17.32973209847619,42.85054909571852,STH-02,21.62743521549904,Logistics Depot South,South Sector,South Sector
16.996073360084328,42.60821857558215,477.07560629076124,55.6478854042175,45.505683028799545,18.797903084477973,77.14624566463084,17.11451357318954,42.73439492039495,STH-01,12.17200339923325,Power Plant South Bravo,South Sector,South Sector
17.183006602904786,42.6734444384797,600.6881039597765,43.295080793815806,42.33155307206432,30.17450412807037,79.49633465778011,17.38352577332683,42.86493294436161,NTH-01,23.631178829174413,Power Plant North Alpha,North Sector,North Sector
16.994384073991412,42.674776606099705,497.7908833618086,32.48496278892908,27.414739040297086,20.300925456967565,52.79149276487138,17.156432306222822,42.76275166050914,STH-01,15.700107948686068,Power Plant South Bravo,North Sector,South Sector
17.22401433196863,42.42734839220053,881.8495360449555,59.76598623517942,19.396955101526842,46.253081619004675,137.43931539542774,17.616315639236998,42.572290470395956,WST-03,18.102642152850684,Radar Station West,West Sector,West Sector
17.105363572700572,42.6581359158076,584.8450450243196,55.34950773180638,43.592400093729374,26.677730438367423,92.52324019491246,17.27905376620245,42.831383728978835,STH-02,18.274799442536942,Logistics Depot South,South Sector,South Sector
17.05091432641701,42.78463861786912,523.2903061512861,49.80130456217999,22.135105064301925,23.419962344355636,77.85729745015756,17.24599471722837,42.867734491257806,STH-02,12.953497394544383,Logistics Depot South,South Sector,South Sector
16.997107649200256,42.72763134764526,703.8992573808221,52.68970862425822,10.2052264037191,37.04043350524817,105.3595854925442,17.324940427029844,42.789454867481595,WST-03,23.427705767228517,Radar Station West,West Sector,West Sector
16.9535427264537,42.44517025976697,690.3270341135488,33.845720992645326,19.251783691678764,36.055486889377654,73.76217581917835,17.259633720721656,42.55712418572966,WST-01,7.860856440251983,Substation West,East Sector,West Sector
17.024384097498263,42.80083359141205,301.46356824316047,52.97744382309524,52.61035157568289,8.401962766278952,48.285285205876605,17.07025727036687,42.8636349738332,STH-02,13.557899918804472,Logistics Depot South,South Sector,South Sector
17.224206018984393,42.58531765294916,671.0842189804457,36.23246825136285,17.003346728243137,35.19616961063812,76.1259844603016,17.526872889971457,42.68238449679518,WST-03,9.953139669614016,Radar Station West,West Sector,West Sector
17.18917865768167,42.40866088166741,446.2613848614202,44.66928388721927,14.097632090684167,18.069595605381213,61.95250077530099,17.346783696426684,42.450128675455176,WST-01,10.763621165304759,Substation West,West Sector,West Sector
17.240938112325217,42.49335733425055,525.140184952753,35.33948367972851,8.005204243833731,23.07856161322947,59.641841107697275,17.446463553906476,42.52365511994185,WST-03,10.330116387052016,Radar Station West,West Sector,West Sector
16.980228456336413,42.69853579438993,723.8093344409066,52.61354892996575,3.3106706740634406,38.69154510531055,107.79963864970915,17.327607595916724,42.71958569980063,WST-01,18.00315919512314,Substation West,West Sector,West Sector
17.1276536230517,42.58624099541804,634.4317326064174,37.37801641537341,58.60154125197789,32.36995507025663,74.2740128337293,17.27915118842523,42.84646591474268,STH-02,17.217977978862887,Logistics Depot South,South Sector,South Sector
17.027145142209232,42.81662980825213,521.1930864930582,37.596252554750784,32.20660963563663,23.219416654024187,62.36988779211726,17.20379852864697,42.933136260105016,STH-02,5.1892254574712515,Logistics Depot South,South Sector,South Sector
17.112882511731723,42.54439208533946,400.44621110227445,33.27667048020897,43.77866763724185,13.828259685325907,43.849810313478194,17.202652977063373,42.634463158740004,STH-01,9.318177969688156,Power Plant South Bravo,South Sector,South Sector
17.046136465669036,42.8636777010851,603.289312348652,51.61819370891615,46.37840681212231,29.290672954549724,90.78225044701489,17.227768120001286,43.06332531223313,EST-01,13.034177545390369,Substation East,East Sector,East Sector
17.035039665073008,42.57188630883639,491.61961410432195,38.875338923426334,21.13901968322835,21.135416713769807,60.72217741328534,17.212311648602412,42.643647209636924,STH-01,10.567581608689979,Power Plant South Bravo,South Sector,South Sector
17.12215359060738,42.77251822455065,847.7566850448451,45.54840039605902,47.934354609673264,51.332534885990626,111.20232568582723,17.431128408637463,43.13172659264956,NTH-03,12.127733424470765,Comms Relay North,North Sector,North Sector
17.004995448560862,42.87952982815071,620.6079841734304,39.96730672101118,57.689054665202924,31.63807154647677,76.8740198253491,17.15692448978126,43.13120012789625,STH-03,10.137494316942265,Comms Relay South,South Sector,South Sector
17.090740031091634,42.63133367718625,819.5783965022475,53.241037764667,44.50571101443205,46.20395788101737,120.57133432637345,17.38685269130214,42.936550675106446,STH-02,25.265293675131524,Logistics Depot South,South Sector,South Sector
17.14524367951321,42.42808296508928,534.1086170901068,36.794509694820036,42.70398759976674,24.08145044072572,62.66858314826087,17.304335156212165,42.581925676113315,WST-01,4.430569980197429,Substation West,West Sector,West Sector
16.98845462195484,42.72126731263533,796.4622982727763,58.225035001391745,25.934027194921203,41.220747314912664,124.59841385404114,17.32175973449033,42.89109163742387,STH-02,19.043779478895235,Logistics Depot South,South Sector,South Sector
17.22917828126307,42.9972454369267,333.9221413032472,39.64019924669123,50.47920754852769,10.47939985835871,42.70597879617194,17.289136503412134,43.07338434458802,EST-01,9.27479722416139,Substation East,East Sector,East Sector
17.101717409836237,42.981395119826146,478.871415340809,33.11554863872252,5.33024250740098,19.10677330804299,51.75678361867999,17.27280479460031,42.998111418238636,STH-02,13.544295292495057,Logistics Depot South,South Sector,South Sector
17.195858391565302,42.5326133163665,346.9055598268196,37.20915698444797,44.98102273451691,11.06072386659124,42.03124990808198,17.26620517013416,42.60624499587891,WST-01,9.272352956084926,Substation West,West Sector,West Sector
17.14617162918632,42.85341790565455,318.9901084289244,32.218227872015255,21.71961252857143,8.889045042936889,34.21632272645477,17.220434926192944,42.884389617269335,STH-02,9.681700364038669,Logistics Depot South,West Sector,South Sector
17.163000282366763,42.606971099092036,851.3173471938713,44.06216192977274,33.95843494786748,51.8425577474104,108.88979331067104,17.54952754535877,42.880114641229056,NTH-01,11.140997075158806,Power Plant North Alpha,North Sector,North Sector
17.16483928229785,42.49616348810985,730.1212466398079,37.50753662170407,53.57782619382163,40.62156245990507,84.3399427286611,17.381505506770115,42.804186485268474,WST-03,21.401888863383025,Radar Station West,West Sector,West Sector
17.212529969118442,42.799548820361494,675.0660386810823,56.581381333346286,36.301173597268516,32.99878296477642,106.44771735855227,17.4516135616026,42.98371915175892,NTH-02,21.297884123317463,Desalination Plant North,North Sector,North Sector
17.13408163051408,42.70052123771606,619.4956856470998,45.51385860660439,1.534891821747968,31.669173504154323,84.88847323903731,17.418786609892653,42.7085166239367,WST-03,10.448784025988632,Radar Station West,West Sector,West Sector
17.033465145516416,42.72353833459341,641.7324217301052,37.00105346187859,43.356290731385776,32.90083735326164,74.4193232842698,17.24849104261779,42.936237550392434,STH-02,9.947765362158233,Logistics Depot South,South Sector,South Sector
16.979852892859636,42.8964355973413,683.2142288318721,43.538109897148246,55.74147037221836,37.17635931239993,89.4980812445979,17.167854773435838,43.18565096186899,STH-03,14.88224262644239,Comms Relay South,South Sector,South Sector
17.131875185835042,42.60192620553245,795.947876844062,35.87982816421273,38.52071671863356,45.935827800198865,87.653668734224,17.45490617028162,42.87162785253872,NTH-01,16.96717735498628,Power Plant North Alpha,North Sector,North Sector
16.969905841131173,42.800256855733394,658.133133477317,35.36188127774756,51.68520464757442,33.848368446022995,73.32299870433137,17.158478915372946,43.05022322882962,STH-03,9.282470879134396,Comms Relay South,South Sector,South Sector
17.022388035506857,42.619714880177575,749.1484578665295,39.01969410400332,49.51774532051606,42.59974807867274,89.01852608223871,17.270878441528463,42.92486768390734,STH-02,12.614803057172303,Logistics Depot South,North Sector,South Sector
16.968212155380574,42.42563433794825,468.5868310978409,33.2490439430684,51.67753697903775,18.408964250379643,50.88445642084176,17.070825920033748,42.561504207647545,STH-01,8.27948544251235,Power Plant South Bravo,South Sector,South Sector
17.11466627670197,42.62680906440181,886.0570426898832,35.65942610732672,20.646024161536488,53.819067717191594,95.47757237286032,17.567508493063304,42.80581298575078,NTH-01,3.0686713344086116,Power Plant North Alpha,North Sector,North Sector
16.99810143748286,42.97002067792248,319.13832506221735,58.14140618986266,28.44981162652087,8.714528176843151,54.23890985921754,17.067004681697696,43.00907589085341,STH-03,7.676087223679932,Comms Relay South,South Sector,South Sector
17.13312219583004,42.68995748925305,531.9459571663892,50.004079040923855,50.88201030178389,24.05102875981319,79.2620059877706,17.269511410444654,42.86569241555492,STH-02,15.115151887845325,Logistics Depot South,South Sector,South Sector
17.18725953925898,42.46493826210212,829.2297309022223,57.63307990371797,54.623914495887306,44.138290317038035,127.99667385387137,17.416782693121476,42.80414586896268,NTH-01,18.328714461504944,Power Plant North Alpha,North Sector,North Sector
17.196564216231558,42.81269609762573,408.3137776117141,37.705408244033514,8.810489955584785,15.019705970204607,49.6950892320701,17.33004449061727,42.834368967177966,STH-02,22.545620891554847,Logistics Depot South,South Sector,South Sector
17.042863052441287,42.978027609831116,384.8028557601948,55.71040007402772,10.891942775489037,12.793258180516347,63.11783632993145,17.1558415259529,43.00077993034574,STH-02,5.414962611305378,Logistics Depot South,South Sector,South Sector
17.11468635980835,42.944767147926555,519.258460139948,40.868184205619514,20.80977600329606,23.4683896424215,66.5231152008394,17.311958963848824,43.02330603537109,EST-01,14.572402186007166,Substation East,East Sector,East Sector
17.118903228025907,42.74317650268488,556.9168203100965,34.32584943367457,46.21786969076148,25.28833135830846,61.442151145253035,17.276188641877223,42.915128077240865,STH-02,13.44003048235212,Logistics Depot South,South Sector,South Sector
17.09186615464625,42.625768446609115,860.0364363970366,54.1412130001259,52.49886943547369,48.94651690575472,126.78146411595063,17.359511928311644,42.99165054004311,EST-01,19.055783317651304,Substation East,East Sector,East Sector
17.14653416742743,42.74840660110554,801.6717208252926,31.789503955882505,34.81440848420072,44.642276860046756,79.77575526625876,17.476006541114433,42.988708374060934,NTH-02,18.534558933044323,Desalination Plant North,North Sector,North Sector
17.013026137147058,42.88955863731955,578.4537826143085,42.14558516804899,6.7960905235938585,28.305829202054035,75.24361681117118,17.26579514048134,42.92110369516445,STH-02,12.157689351580112,Logistics Depot South,South Sector,South Sector
17.243772971876037,42.916742405211075,883.7850605289618,54.57944005534931,18.22489379802996,50.55395295779201,130.26518447913483,17.675553086342916,43.06597435390927,NTH-02,6.2735981317781935,Desalination Plant North,North Sector,North Sector
16.97942394812728,42.89130633096546,685.3670424954387,48.515547763395276,51.421380388657894,36.776894724770315,97.22929283627417,17.18549169818787,43.16194783655567,EST-01,12.734439979664081,Substation East,East Sector,East Sector
